Q6UDG6.1	Q6UDG6.1	100.000	362	0	0	1	362	1	362	0.0	736
Q6UDG6.1	P52507.1	44.348	230	126	2	133	361	87	315	6.49e-59	196
Q6UDG6.1	P52506.1	44.348	230	126	2	133	361	86	314	7.18e-59	196
Q6UDG6.1	P10186.1	41.532	248	142	3	115	361	89	334	5.10e-58	194
Q6UDG6.1	Q9E6R2.1	44.105	229	124	3	136	361	84	311	1.63e-57	192
Q6UDG6.1	P28275.1	42.667	225	127	2	136	359	30	253	1.69e-57	190
Q6UDG6.1	P09307.1	38.206	301	166	8	79	361	6	304	1.59e-54	184
Q6UDG6.1	P13158.1	43.694	222	120	3	133	350	64	284	1.89e-54	183
Q6UDG6.1	Q9J3N2.1	37.874	301	167	7	79	361	6	304	5.79e-54	182
Q6UDG6.1	P28866.1	43.421	228	127	2	135	361	85	311	3.33e-53	181
Q6UDG6.1	P53764.1	46.734	199	104	2	164	361	6	203	1.56e-52	176
Q6UDG6.1	A7ZAZ4.1	43.182	220	119	4	145	361	10	226	4.93e-47	162
Q6UDG6.1	B0TXF5.1	41.818	220	119	6	148	361	2	218	2.27e-46	160
Q6UDG6.1	P43731.1	38.991	218	128	4	148	361	3	219	1.58e-44	155
Q6UDG6.1	A5UBC0.1	38.356	219	128	5	148	361	3	219	5.56e-44	154
Q6UDG6.1	Q4QPM6.1	38.073	218	130	4	148	361	3	219	6.25e-44	154
Q6UDG6.1	B0UWA7.1	39.640	222	125	5	147	362	2	220	1.12e-43	153
Q6UDG6.1	B4RLL6.1	39.726	219	127	4	147	361	2	219	1.75e-43	152
Q6UDG6.1	P12888.1	41.026	234	123	7	140	361	25	255	5.40e-43	152
Q6UDG6.1	Q7MNR0.2	40.359	223	120	8	148	362	6	223	3.33e-42	149
Q6UDG6.1	Q5R080.1	38.785	214	127	3	149	359	3	215	4.17e-42	149
Q6UDG6.1	Q7P1I1.1	40.175	229	120	4	134	359	13	227	5.75e-42	149
Q6UDG6.1	A1KU26.1	40.000	220	125	5	147	361	2	219	6.45e-42	149
Q6UDG6.1	A9LZA2.1	40.000	220	125	5	147	361	2	219	7.33e-42	148
Q6UDG6.1	P50639.1	40.183	219	117	7	141	350	26	239	1.63e-41	149
Q6UDG6.1	O36395.1	40.845	213	112	5	160	361	42	251	2.21e-41	148
Q6UDG6.1	A4IWI7.1	39.908	218	126	5	148	361	2	218	2.53e-41	147
Q6UDG6.1	Q9JUC4.1	39.545	220	126	5	147	361	2	219	3.24e-41	147
Q6UDG6.1	F5HI85.1	37.698	252	149	6	114	361	1	248	8.12e-41	147
Q6UDG6.1	A0Q7Y8.1	39.450	218	127	5	148	361	2	218	8.84e-41	145
Q6UDG6.1	A7H1G3.1	38.222	225	132	5	141	361	9	230	1.94e-40	145
Q6UDG6.1	Q6D208.1	39.910	223	123	7	148	362	6	225	2.32e-40	145
Q6UDG6.1	Q7VRQ7.1	39.091	220	125	6	148	361	5	221	6.60e-40	143
Q6UDG6.1	A8FJP1.1	38.222	225	132	5	141	361	9	230	9.78e-40	143
Q6UDG6.1	A1VXG9.1	37.778	225	133	5	141	361	9	230	1.01e-39	143
Q6UDG6.1	B7MYL3.1	38.991	218	124	5	148	359	6	220	1.22e-39	143
Q6UDG6.1	A7NAN4.1	39.450	218	127	5	148	361	2	218	1.23e-39	142
Q6UDG6.1	Q5HX80.1	37.778	225	133	5	141	361	9	230	1.26e-39	143
Q6UDG6.1	Q9PJ40.1	37.778	225	133	5	141	361	9	230	1.37e-39	143
Q6UDG6.1	Q7VMC0.1	38.288	222	128	5	147	362	2	220	2.12e-39	142
Q6UDG6.1	B7LUY5.1	38.991	218	124	5	148	359	6	220	2.45e-39	142
Q6UDG6.1	A7GVX1.1	39.732	224	129	4	141	361	6	226	2.51e-39	142
Q6UDG6.1	A0RM89.1	39.269	219	129	3	145	361	10	226	2.69e-39	142
Q6UDG6.1	A8A392.1	38.532	218	125	5	148	359	6	220	4.20e-39	141
Q6UDG6.1	Q5E2Y8.1	35.648	216	134	4	148	359	4	218	5.14e-39	141
Q6UDG6.1	Q0T1S6.1	38.532	218	125	5	148	359	6	220	5.53e-39	141
Q6UDG6.1	Q92CI1.1	34.842	221	139	3	145	362	4	222	5.59e-39	141
Q6UDG6.1	P53765.2	39.056	233	127	7	141	361	25	254	6.14e-39	142
Q6UDG6.1	B5Z154.1	38.532	218	125	5	148	359	6	220	8.36e-39	140
Q6UDG6.1	Q827B3.1	38.288	222	129	7	145	362	7	224	1.06e-38	140
Q6UDG6.1	Q720K2.1	35.294	221	138	3	145	362	4	222	1.08e-38	140
Q6UDG6.1	A8AD07.1	38.889	216	127	4	148	359	6	220	1.15e-38	140
Q6UDG6.1	A1AEB0.1	38.532	218	125	5	148	359	6	220	1.16e-38	140
Q6UDG6.1	B5FAJ7.1	35.648	216	134	4	148	359	4	218	1.19e-38	140
Q6UDG6.1	A1SUE5.1	36.406	217	131	5	148	359	2	216	1.22e-38	140
Q6UDG6.1	B7NRN6.1	38.532	218	125	5	148	359	6	220	1.24e-38	140
Q6UDG6.1	Q315T1.1	39.648	227	119	7	146	359	12	233	1.24e-38	140
Q6UDG6.1	Q65VN0.1	38.182	220	127	6	148	361	3	219	1.25e-38	140
Q6UDG6.1	B5F228.1	38.889	216	127	4	148	359	6	220	1.51e-38	140
Q6UDG6.1	A9KCD5.2	39.367	221	124	6	147	361	8	224	1.59e-38	140
Q6UDG6.1	Q8FF08.3	38.426	216	128	4	148	359	6	220	1.62e-38	140
Q6UDG6.1	A7ZA24.1	38.009	221	132	3	145	362	5	223	2.14e-38	139
Q6UDG6.1	P52345.1	35.656	244	149	6	124	361	11	252	2.22e-38	140
Q6UDG6.1	Q7N1U8.1	38.182	220	127	5	146	359	4	220	2.36e-38	139
Q6UDG6.1	A5EVB8.1	39.732	224	131	4	141	361	7	229	2.62e-38	139
Q6UDG6.1	P52447.1	35.246	244	150	6	124	361	11	252	3.35e-38	140
Q6UDG6.1	A4WDE9.1	38.426	216	128	4	148	359	6	220	3.55e-38	139
Q6UDG6.1	A9N0W3.1	38.889	216	127	4	148	359	6	220	3.63e-38	139
Q6UDG6.1	Q723S4.1	35.945	217	134	3	148	361	4	218	4.27e-38	139
Q6UDG6.1	B6J738.1	38.914	221	125	6	147	361	8	224	4.73e-38	139
Q6UDG6.1	B6EKY3.1	37.963	216	129	5	148	359	4	218	5.37e-38	138
Q6UDG6.1	Q83CW4.1	38.462	221	126	6	147	361	8	224	5.66e-38	139
Q6UDG6.1	Q1IWN1.1	36.818	220	135	3	145	362	22	239	6.19e-38	139
Q6UDG6.1	Q8XVE4.1	38.136	236	131	7	139	362	31	263	6.29e-38	139
Q6UDG6.1	C6DC11.1	39.013	223	125	7	148	362	6	225	7.17e-38	138
Q6UDG6.1	C1CXS7.1	38.914	221	132	3	144	362	24	243	7.76e-38	139
Q6UDG6.1	Q8Y7P6.1	34.842	221	139	3	145	362	4	222	8.82e-38	138
Q6UDG6.1	B8F6C3.1	38.739	222	126	6	147	362	2	219	9.98e-38	137
Q6UDG6.1	B2UDL1.1	38.117	223	123	7	139	349	28	247	1.23e-37	139
Q6UDG6.1	Q9RWH9.1	38.636	220	132	3	145	362	23	241	1.24e-37	138
Q6UDG6.1	A8FIM7.1	36.697	218	133	3	145	359	5	220	1.50e-37	137
Q6UDG6.1	A6UDC0.1	39.286	224	126	5	145	362	7	226	1.67e-37	137
Q6UDG6.1	C1DQR0.1	41.379	232	124	7	138	362	3	229	2.44e-37	137
Q6UDG6.1	B9KEK7.1	36.404	228	140	4	137	361	2	227	3.47e-37	136
Q6UDG6.1	Q92LU5.1	38.839	224	127	5	145	362	7	226	3.75e-37	137
Q6UDG6.1	Q64QI5.1	36.697	218	133	3	145	359	5	220	3.94e-37	136
Q6UDG6.1	C4Z8Z2.1	41.489	188	104	4	178	361	37	222	3.97e-37	136
Q6UDG6.1	C0Z887.1	36.323	223	133	4	145	362	5	223	4.20e-37	136
Q6UDG6.1	B3ERG6.1	38.528	231	122	6	133	359	6	220	4.51e-37	136
Q6UDG6.1	A8GI39.1	39.091	220	121	7	148	359	6	220	4.61e-37	136
Q6UDG6.1	Q5LA67.1	36.697	218	133	3	145	359	5	220	4.76e-37	136
Q6UDG6.1	Q65DN9.1	37.104	221	134	3	145	362	5	223	5.99e-37	135
Q6UDG6.1	B6J089.1	38.462	221	126	6	147	361	8	224	6.20e-37	136
Q6UDG6.1	A6TCJ2.1	37.156	218	132	4	146	359	4	220	7.03e-37	135
Q6UDG6.1	A6VLV4.1	38.182	220	127	5	148	361	3	219	7.27e-37	135
Q6UDG6.1	A9MGV9.1	38.889	216	127	4	148	359	6	220	8.33e-37	135
Q6UDG6.1	Q057V4.1	34.101	217	139	3	148	361	8	223	1.83e-36	134
Q6UDG6.1	P53766.2	35.841	226	139	5	141	361	120	344	1.87e-36	138
Q6UDG6.1	P57807.1	37.727	220	128	6	148	361	3	219	2.04e-36	134
Q6UDG6.1	Q5L9D9.1	36.818	220	130	4	145	359	5	220	2.54e-36	134
Q6UDG6.1	P39615.1	37.615	218	131	3	145	359	5	220	2.94e-36	134
Q6UDG6.1	A6L7T5.1	36.818	220	130	4	145	359	5	220	2.95e-36	134
Q6UDG6.1	Q92EQ0.1	36.239	218	132	4	148	361	4	218	2.97e-36	134
Q6UDG6.1	Q5L4Q4.1	35.874	223	135	3	145	362	10	229	3.64e-36	134
Q6UDG6.1	Q8Y9X7.1	35.484	217	135	3	148	361	4	218	6.07e-36	133
Q6UDG6.1	Q87SC4.1	36.937	222	129	7	148	362	6	223	6.66e-36	133
Q6UDG6.1	Q2NS03.1	39.545	220	120	7	148	359	6	220	6.76e-36	133
Q6UDG6.1	Q6F9Y2.1	37.387	222	132	5	145	361	16	235	6.99e-36	133
Q6UDG6.1	Q9K3Z0.1	34.842	221	138	4	145	362	7	224	7.44e-36	133
Q6UDG6.1	A7I0A8.1	38.222	225	132	5	141	361	6	227	7.93e-36	133
Q6UDG6.1	Q8R634.1	38.117	223	127	6	145	361	4	221	9.42e-36	132
Q6UDG6.1	Q821F7.1	36.323	223	134	3	145	362	10	229	9.48e-36	132
Q6UDG6.1	Q98PV4.1	37.173	191	114	4	174	361	33	220	1.01e-35	132
Q6UDG6.1	A1JKI8.1	37.443	219	128	6	148	360	6	221	1.13e-35	132
Q6UDG6.1	Q8EPH6.1	39.894	188	108	3	178	362	38	223	1.31e-35	132
Q6UDG6.1	P97931.3	37.273	220	134	4	144	360	86	304	2.27e-35	134
Q6UDG6.1	A5F5R5.1	36.697	218	131	6	148	360	6	221	2.58e-35	131
Q6UDG6.1	Q8A5V6.1	36.364	220	131	4	145	359	5	220	3.02e-35	131
Q6UDG6.1	Q5YRZ2.1	40.183	219	121	6	149	362	14	227	3.96e-35	131
Q6UDG6.1	A4SK71.1	36.073	219	131	6	148	360	3	218	4.10e-35	131
Q6UDG6.1	B5XNF8.1	36.574	216	132	4	148	359	6	220	5.04e-35	130
Q6UDG6.1	B0B8I2.1	36.667	240	129	8	128	361	6	228	5.26e-35	130
Q6UDG6.1	A5FFT1.1	36.986	219	132	4	145	359	5	221	6.08e-35	130
Q6UDG6.1	B4F058.1	36.036	222	133	6	146	361	4	222	6.73e-35	130
Q6UDG6.1	Q7VGS1.1	35.652	230	136	4	141	360	6	233	6.90e-35	130
Q6UDG6.1	A3MZ80.1	36.486	222	130	6	147	361	2	219	8.25e-35	130
Q6UDG6.1	P13051.2	36.364	220	136	3	144	360	93	311	1.01e-34	132
Q6UDG6.1	Q256I7.1	35.426	223	136	3	145	362	10	229	1.06e-34	130
Q6UDG6.1	B0RWT2.1	39.216	204	117	5	164	362	28	229	1.29e-34	130
Q6UDG6.1	A0KMZ1.1	36.364	220	131	6	147	360	2	218	1.36e-34	129
Q6UDG6.1	A1T717.1	40.359	223	121	9	145	362	10	225	1.69e-34	129
Q6UDG6.1	C4LC44.1	36.486	222	128	7	148	361	3	219	1.91e-34	129
Q6UDG6.1	A7GVE5.1	34.842	221	139	3	145	362	5	223	2.06e-34	129
Q6UDG6.1	Q88N05.1	42.941	170	92	3	196	362	61	228	2.25e-34	129
Q6UDG6.1	Q01019.1	39.801	201	105	7	173	361	55	251	2.26e-34	130
Q6UDG6.1	A9IGW1.1	43.678	174	90	4	193	359	66	238	2.59e-34	130
Q6UDG6.1	B2RHL6.1	36.036	222	138	3	141	359	2	222	3.76e-34	128
Q6UDG6.1	A3M500.2	36.323	223	133	6	145	361	16	235	3.89e-34	129
Q6UDG6.1	Q9LIH6.1	41.146	192	106	4	174	361	142	330	4.02e-34	131
Q6UDG6.1	B1YFL0.1	35.814	215	133	3	148	359	4	216	4.07e-34	128
Q6UDG6.1	Q9PA28.2	41.799	189	105	4	177	362	51	237	4.48e-34	129
Q6UDG6.1	B0VD25.1	36.323	223	133	6	145	361	16	235	4.55e-34	129
Q6UDG6.1	B2IAB2.1	40.686	204	114	5	164	362	36	237	5.47e-34	129
Q6UDG6.1	O74834.1	40.110	182	104	4	174	351	111	291	6.95e-34	130
Q6UDG6.1	B2VEC7.1	38.991	218	124	5	148	359	6	220	7.17e-34	127
Q6UDG6.1	Q630K2.1	34.389	221	140	3	145	362	5	223	7.80e-34	127
Q6UDG6.1	A7MS85.1	35.135	222	133	6	148	362	6	223	7.92e-34	127
Q6UDG6.1	B7HYF9.1	35.294	221	138	4	145	362	5	223	8.31e-34	127
Q6UDG6.1	A5W8H2.1	42.353	170	93	3	196	362	61	228	8.70e-34	127
Q6UDG6.1	O84613.1	34.234	222	138	3	145	361	10	228	8.93e-34	127
Q6UDG6.1	Q9PJD2.1	34.234	222	138	3	145	361	10	228	9.03e-34	127
Q6UDG6.1	Q5KUD0.1	36.486	222	126	5	150	361	5	221	1.17e-33	127
Q6UDG6.1	B7HG60.1	36.771	223	132	7	145	362	5	223	1.22e-33	127
Q6UDG6.1	Q3BNI2.1	42.021	188	104	4	178	362	44	229	1.51e-33	127
Q6UDG6.1	Q72X51.1	35.294	221	138	4	145	362	5	223	1.57e-33	127
Q6UDG6.1	A8EWN8.1	31.628	215	143	3	148	359	2	215	1.67e-33	126
Q6UDG6.1	Q9Z7D3.1	34.978	223	137	3	145	362	17	236	1.68e-33	127
Q6UDG6.1	Q47Q90.1	45.294	170	87	4	196	362	62	228	1.77e-33	127
Q6UDG6.1	Q7MXF6.1	36.036	222	138	3	141	359	2	222	1.91e-33	126
Q6UDG6.1	Q3KGL4.1	37.104	221	129	6	148	362	12	228	2.29e-33	126
Q6UDG6.1	A0M1V1.1	36.530	219	133	4	145	359	5	221	2.80e-33	126
Q6UDG6.1	Q1I5T6.1	40.588	170	96	3	196	362	61	228	3.29e-33	126
Q6UDG6.1	Q7MA00.1	37.333	225	136	4	141	362	7	229	3.29e-33	126
Q6UDG6.1	Q8PFZ6.1	41.489	188	105	4	178	362	44	229	3.42e-33	126
Q6UDG6.1	Q8UCM8.1	37.500	224	130	5	145	362	12	231	3.64e-33	126
Q6UDG6.1	B0U620.1	40.196	204	115	5	164	362	36	237	3.70e-33	126
Q6UDG6.1	A6TVW5.1	36.036	222	133	6	145	361	4	221	3.71e-33	126
Q6UDG6.1	B6YR15.1	34.404	218	138	3	145	359	5	220	4.19e-33	125
Q6UDG6.1	B2TQZ9.1	34.821	224	133	5	145	361	5	222	4.35e-33	125
Q6UDG6.1	Q4KGS0.1	42.105	171	92	4	196	362	61	228	4.50e-33	125
Q6UDG6.1	B0VMZ7.1	36.726	226	128	7	145	361	16	235	4.70e-33	126
Q6UDG6.1	Q182G9.1	34.061	229	133	4	136	361	8	221	5.17e-33	125
Q6UDG6.1	A4TE31.1	41.071	224	118	10	145	362	10	225	5.47e-33	125
Q6UDG6.1	Q7WQW5.1	38.073	218	123	5	149	359	23	235	5.56e-33	126
Q6UDG6.1	Q7W1Y7.1	38.073	218	123	5	149	359	23	235	5.61e-33	126
Q6UDG6.1	Q0SPB2.1	37.559	213	124	6	145	351	5	214	6.08e-33	125
Q6UDG6.1	B0KV50.1	41.765	170	94	3	196	362	61	228	6.16e-33	125
Q6UDG6.1	A1UEC0.1	45.029	171	88	4	196	362	59	227	6.20e-33	125
Q6UDG6.1	Q07YI6.1	39.303	201	116	4	166	361	21	220	6.65e-33	125
Q6UDG6.1	Q7VUM8.1	38.073	218	123	5	149	359	23	235	6.92e-33	125
Q6UDG6.1	B1J4J3.1	36.864	236	127	8	137	362	5	228	7.36e-33	125
Q6UDG6.1	A4ITQ2.1	36.486	222	126	5	150	361	5	221	7.40e-33	125
Q6UDG6.1	F5HFA1.1	39.623	212	116	6	160	361	43	252	7.57e-33	125
Q6UDG6.1	Q836Z5.1	35.294	221	138	3	145	362	5	223	7.85e-33	125
Q6UDG6.1	B1MDP0.1	37.900	219	127	6	148	362	13	226	8.90e-33	125
Q6UDG6.1	Q4ZPC2.1	37.727	220	129	5	148	362	12	228	9.26e-33	125
Q6UDG6.1	B7GMM1.1	36.036	222	127	5	150	361	6	222	9.83e-33	124
Q6UDG6.1	A6VAM7.1	36.986	219	132	4	148	362	13	229	1.46e-32	124
Q6UDG6.1	Q3IG47.1	35.160	219	134	6	149	361	4	220	1.87e-32	124
Q6UDG6.1	P29950.1	44.186	172	87	5	196	362	42	209	2.20e-32	123
Q6UDG6.1	B8D787.1	33.180	217	141	3	148	361	4	219	2.26e-32	124
Q6UDG6.1	Q02HQ1.1	36.652	221	130	5	148	362	13	229	2.26e-32	124
Q6UDG6.1	C5D9T3.1	36.486	222	126	5	150	361	5	221	2.43e-32	124
Q6UDG6.1	B7IRS8.1	36.652	221	131	7	147	362	7	223	2.63e-32	124
Q6UDG6.1	A8MM35.1	33.184	223	134	5	147	361	7	222	2.77e-32	123
Q6UDG6.1	A9KP29.1	37.234	188	112	4	178	361	37	222	2.86e-32	123
Q6UDG6.1	B2SJF5.1	40.426	188	107	4	178	362	44	229	3.47e-32	124
Q6UDG6.1	C3KDS6.1	36.818	220	131	5	148	362	12	228	4.35e-32	123
Q6UDG6.1	Q48ET5.1	42.105	171	92	4	196	362	61	228	4.58e-32	123
Q6UDG6.1	B7JHM3.1	35.586	222	136	6	145	362	5	223	5.35e-32	122
Q6UDG6.1	B7J0Y9.1	35.377	212	130	4	145	351	5	214	5.94e-32	122
Q6UDG6.1	Q2L0Y2.1	43.429	175	88	5	193	359	66	237	9.23e-32	123
Q6UDG6.1	Q6HAN7.1	35.586	222	136	6	145	362	5	223	1.19e-31	122
Q6UDG6.1	A9VSJ0.1	33.484	221	142	4	145	362	5	223	1.21e-31	122
Q6UDG6.1	A0RLI1.1	35.586	222	136	6	145	362	5	223	1.30e-31	122
Q6UDG6.1	Q03GV8.1	33.937	221	141	3	145	362	5	223	1.39e-31	122
Q6UDG6.1	Q662W1.1	36.150	213	127	5	145	351	5	214	1.55e-31	121
Q6UDG6.1	Q87XE2.1	37.273	220	130	5	148	362	12	228	1.64e-31	121
Q6UDG6.1	B8FSV8.1	32.420	219	144	2	145	361	4	220	2.33e-31	121
Q6UDG6.1	B2HIJ2.1	43.275	171	91	4	196	362	59	227	2.43e-31	121
Q6UDG6.1	A0QV01.1	42.690	171	92	4	196	362	59	227	2.84e-31	121
Q6UDG6.1	C3LFS7.1	34.234	222	139	5	145	362	5	223	2.84e-31	120
Q6UDG6.1	Q9K682.1	33.937	221	141	3	145	362	4	222	3.11e-31	120
Q6UDG6.1	Q88YG1.1	35.135	222	137	4	145	362	5	223	3.16e-31	120
Q6UDG6.1	B1I012.1	37.500	224	129	6	145	361	5	224	3.19e-31	120
Q6UDG6.1	A0QJA9.1	40.000	220	120	8	149	362	14	227	3.25e-31	120
Q6UDG6.1	Q73VJ7.1	40.000	220	120	8	149	362	14	227	3.35e-31	120
Q6UDG6.1	A6M317.1	33.184	223	138	4	145	361	5	222	4.78e-31	120
Q6UDG6.1	A1QYK3.1	36.744	215	129	5	142	351	2	214	4.99e-31	120
Q6UDG6.1	B9E8N2.1	33.824	204	129	3	149	349	3	203	6.43e-31	119
Q6UDG6.1	Q30Q92.1	35.747	221	137	3	142	359	3	221	7.05e-31	120
Q6UDG6.1	Q0SWB8.1	33.043	230	141	4	139	362	1	223	1.03e-30	119
Q6UDG6.1	Q0TUH0.1	33.913	230	139	5	139	362	1	223	1.36e-30	119
Q6UDG6.1	A8LD98.1	43.529	170	90	4	196	362	59	225	2.23e-30	118
Q6UDG6.1	Q21SE9.1	35.685	241	128	8	141	359	15	250	2.30e-30	119
Q6UDG6.1	A0PQ07.1	42.690	171	92	4	196	362	59	227	2.63e-30	118
Q6UDG6.1	Q9U221.1	32.719	217	141	5	147	359	64	279	2.78e-30	120
Q6UDG6.1	Q5WAZ9.1	35.000	220	136	4	147	362	6	222	3.41e-30	118
Q6UDG6.1	A4TKZ2.1	38.308	201	115	6	148	342	6	203	5.14e-30	117
Q6UDG6.1	B3WCZ5.1	34.389	221	139	4	145	362	5	222	5.36e-30	117
Q6UDG6.1	B1JRB1.1	38.308	201	115	6	148	342	6	203	7.25e-30	117
Q6UDG6.1	A7FFS4.1	38.308	201	115	6	148	342	6	203	9.02e-30	117
Q6UDG6.1	A4VV30.1	33.953	215	135	3	148	359	5	215	9.75e-30	116
Q6UDG6.1	B5RKV2.1	37.963	216	125	7	142	351	2	214	1.19e-29	116
Q6UDG6.1	Q8XNR7.1	33.043	230	141	5	139	362	1	223	1.44e-29	116
Q6UDG6.1	Q9CIX2.1	37.037	216	127	5	149	359	6	217	2.02e-29	115
Q6UDG6.1	B2S1N8.1	36.279	215	130	5	142	351	2	214	2.11e-29	115
Q6UDG6.1	B2GAM7.1	35.426	223	135	4	145	362	5	223	2.26e-29	116
Q6UDG6.1	A5VIJ2.1	35.135	222	137	4	145	362	5	223	2.28e-29	116
Q6UDG6.1	B5RQN2.1	38.710	217	122	8	142	351	2	214	2.35e-29	115
Q6UDG6.1	Q04BG7.1	34.234	222	138	5	145	362	5	222	2.54e-29	115
Q6UDG6.1	Q1GB22.1	34.234	222	138	5	145	362	5	222	2.73e-29	115
Q6UDG6.1	Q5FL46.1	33.937	221	140	5	145	362	6	223	3.15e-29	115
Q6UDG6.1	Q82MX6.1	42.690	171	90	5	196	362	59	225	3.16e-29	115
Q6UDG6.1	Q9EX12.1	44.118	170	89	4	196	362	59	225	3.54e-29	115
Q6UDG6.1	Q74K70.1	33.484	221	141	5	145	362	5	222	5.05e-29	115
Q6UDG6.1	B8ZS02.1	38.496	226	123	9	145	362	10	227	9.17e-29	114
Q6UDG6.1	B1IBW9.1	36.111	216	131	4	147	359	4	215	1.10e-28	114
Q6UDG6.1	Q032L5.1	36.111	216	129	5	149	359	6	217	2.15e-28	113
Q6UDG6.1	Q8EB78.1	35.071	211	125	7	159	361	12	218	2.27e-28	113
Q6UDG6.1	A8AXM4.1	33.180	217	134	4	148	359	5	215	2.70e-28	112
Q6UDG6.1	A2RHW2.1	37.438	203	118	5	162	359	19	217	3.02e-28	112
Q6UDG6.1	Q49VD1.1	33.178	214	137	3	149	359	3	213	3.94e-28	112
Q6UDG6.1	P59465.1	32.407	216	141	4	148	359	8	222	3.95e-28	112
Q6UDG6.1	Q8FPQ4.1	35.088	228	139	7	138	361	16	238	4.39e-28	112
Q6UDG6.1	Q4L3Q7.1	32.243	214	139	3	149	359	3	213	5.68e-28	112
Q6UDG6.1	A3CN85.1	32.558	215	138	3	148	359	5	215	8.70e-28	111
Q6UDG6.1	Q2YS83.1	32.710	214	138	3	149	359	3	213	8.74e-28	111
Q6UDG6.1	B1MXY4.1	37.766	188	106	6	177	359	36	217	8.77e-28	111
Q6UDG6.1	A5IQD5.1	32.710	214	138	3	149	359	3	213	9.11e-28	111
Q6UDG6.1	Q6GBQ6.1	32.710	214	138	3	149	359	3	213	1.75e-27	110
Q6UDG6.1	Q1GHJ4.1	37.949	195	112	6	172	362	35	224	1.86e-27	111
Q6UDG6.1	B5E4R3.1	35.185	216	133	4	147	359	4	215	1.87e-27	110
Q6UDG6.1	B8ZQ48.1	35.185	216	133	4	147	359	4	215	1.89e-27	110
Q6UDG6.1	Q38VY5.1	33.032	221	142	4	145	362	5	222	3.77e-27	110
Q6UDG6.1	P12887.1	33.617	235	138	5	145	361	102	336	4.08e-27	113
Q6UDG6.1	P0A4P3.1	33.796	216	134	4	148	359	5	215	4.36e-27	109
Q6UDG6.1	C1CKR8.1	34.722	216	134	4	147	359	4	215	4.69e-27	109
Q6UDG6.1	Q03W63.1	37.073	205	116	6	160	359	22	218	5.42e-27	109
Q6UDG6.1	Q4A8N4.1	32.692	208	124	5	162	361	20	219	8.34e-27	108
Q6UDG6.1	A1KMX0.1	44.509	173	86	5	196	362	59	227	8.47e-27	108
Q6UDG6.1	B9DSB9.1	35.468	203	120	4	162	359	19	215	1.74e-26	108
Q6UDG6.1	A1SNW4.1	37.443	219	125	8	149	362	17	228	1.95e-26	108
Q6UDG6.1	A8YUE7.1	32.579	221	141	5	145	361	6	222	3.17e-26	107
Q6UDG6.1	Q8DTV8.1	33.023	215	137	3	148	359	5	215	4.39e-26	107
Q6UDG6.1	Q8CQ65.1	31.481	216	138	4	149	359	3	213	6.68e-26	106
Q6UDG6.1	B9DKT3.1	31.628	215	141	3	148	359	2	213	8.42e-26	106
Q6UDG6.1	Q1J724.1	34.259	216	131	4	149	359	6	215	9.90e-26	105
Q6UDG6.1	Q03KM6.1	33.488	215	136	3	148	359	5	215	1.35e-25	105
Q6UDG6.1	B5XL20.1	34.259	216	131	4	149	359	6	215	1.42e-25	105
Q6UDG6.1	Q5HRG5.1	31.481	216	138	4	149	359	3	213	2.73e-25	104
Q6UDG6.1	P67078.1	33.624	229	140	8	139	361	7	229	4.88e-25	104
Q6UDG6.1	P0DG74.1	33.796	216	132	4	149	359	6	215	5.50e-25	103
Q6UDG6.1	A2RF00.1	33.796	216	132	4	149	359	6	215	1.09e-24	103
Q6UDG6.1	Q1JC76.1	33.796	216	132	4	149	359	6	215	1.13e-24	103
Q6UDG6.1	Q8P1B6.1	33.333	216	133	4	149	359	6	215	1.52e-24	102
Q6UDG6.1	Q48U05.1	33.333	216	133	4	149	359	6	215	1.57e-24	102
Q6UDG6.1	Q8G3E9.1	38.286	175	96	6	196	361	42	213	3.04e-24	102
Q6UDG6.1	Q5XCK3.1	32.870	216	134	4	149	359	6	215	3.11e-24	102
Q6UDG6.1	Q03SK6.1	31.839	223	145	4	145	362	5	225	8.04e-24	101
Q6UDG6.1	B1AJI8.1	38.286	175	101	5	178	349	32	202	8.61e-24	100
Q6UDG6.1	B5ZC55.1	33.824	204	128	5	149	349	3	202	2.49e-23	99.4
Q6UDG6.1	Q8NQU9.1	33.071	254	132	8	136	361	11	254	5.29e-23	99.8
Q6UDG6.1	C0ME57.1	32.407	216	137	4	148	359	5	215	6.18e-23	98.6
Q6UDG6.1	C0M7J9.1	31.944	216	138	4	148	359	5	215	1.64e-22	97.4
Q6UDG6.1	B4U3D4.1	31.944	216	138	4	148	359	5	215	1.67e-22	97.4
Q6UDG6.1	Q9ZJN9.1	32.487	197	121	5	148	334	12	206	5.78e-22	96.3
Q6UDG6.1	B5Z8Z4.1	32.323	198	120	6	148	334	12	206	2.00e-21	94.7
Q6UDG6.1	P56397.1	32.487	197	121	5	148	334	12	206	3.70e-21	94.0
Q6UDG6.1	Q1CRR1.1	31.818	198	121	5	148	334	12	206	1.00e-20	92.8
Q6UDG6.1	B2UVB0.1	31.818	198	121	5	148	334	12	206	1.17e-20	92.8
Q6UDG6.1	Q17Z05.1	32.487	197	121	5	148	334	12	206	4.56e-20	90.9
Q6UDG6.1	B6JNI4.1	31.818	198	121	6	148	334	12	206	6.55e-20	90.5
Q6UDG6.1	P47343.1	30.000	220	143	5	148	359	17	233	4.77e-19	88.6
Q6UDG6.1	P75536.1	27.885	208	140	5	137	337	2	206	8.74e-16	79.3
Q6UDG6.1	Q5UPT2.1	29.240	171	111	5	166	330	154	320	2.44e-12	70.9
Q6UDG6.1	Q6UDG6.1	100.000	362	0	0	1	362	1	362	0.0	550
Q6UDG6.1	B7GMM1.1	34.545	220	139	3	145	361	5	222	1.50e-141	403
Q6UDG6.1	A7GVE5.1	34.842	221	139	3	145	362	5	223	2.37e-138	395
Q6UDG6.1	Q836Z5.1	35.294	221	138	3	145	362	5	223	3.33e-138	394
Q6UDG6.1	B4RLL6.1	39.726	219	127	4	147	361	2	219	8.10e-138	393
Q6UDG6.1	C5D9T3.1	34.545	220	139	3	145	361	4	221	1.01e-137	393
Q6UDG6.1	B8FSV8.1	32.420	219	144	2	145	361	4	220	1.42e-137	393
Q6UDG6.1	Q5KUD0.1	34.545	220	139	3	145	361	4	221	4.35e-137	392
Q6UDG6.1	A8MM35.1	32.727	220	143	3	145	361	5	222	7.76e-137	391
Q6UDG6.1	B0UWA7.1	39.545	220	128	4	147	362	2	220	8.70e-137	391
Q6UDG6.1	C1DQR0.1	39.301	229	133	4	138	362	3	229	1.15e-136	391
Q6UDG6.1	A9LZA2.1	39.726	219	127	4	147	361	2	219	1.59e-136	390
Q6UDG6.1	P43731.1	38.991	218	128	4	148	361	3	219	2.18e-136	390
Q6UDG6.1	B2TQZ9.1	34.545	220	139	3	145	361	5	222	2.92e-136	389
Q6UDG6.1	A4ITQ2.1	34.545	220	139	3	145	361	4	221	3.22e-136	389
Q6UDG6.1	Q7MNR0.2	38.356	219	130	4	148	362	6	223	3.89e-136	389
Q6UDG6.1	A1KU26.1	39.726	219	127	4	147	361	2	219	4.34e-136	389
Q6UDG6.1	P39615.1	36.818	220	134	3	145	361	5	222	6.41e-136	389
Q6UDG6.1	Q630K2.1	34.389	221	140	3	145	362	5	223	7.15e-136	389
Q6UDG6.1	B7HYF9.1	34.389	221	140	3	145	362	5	223	7.23e-136	389
Q6UDG6.1	Q92CI1.1	34.529	223	141	3	143	362	2	222	1.21e-135	388
Q6UDG6.1	Q9K682.1	33.937	221	141	3	145	362	4	222	1.26e-135	388
Q6UDG6.1	Q72X51.1	34.389	221	140	3	145	362	5	223	1.54e-135	388
Q6UDG6.1	Q5L9D9.1	36.199	221	136	3	142	359	2	220	1.73e-135	387
Q6UDG6.1	Q0TUH0.1	33.480	227	144	4	139	362	1	223	1.94e-135	387
Q6UDG6.1	Q9JUC4.1	39.269	219	128	4	147	361	2	219	2.03e-135	387
Q6UDG6.1	C6DC11.1	38.009	221	130	5	148	362	6	225	2.51e-135	387
Q6UDG6.1	Q720K2.1	34.978	223	140	3	143	362	2	222	3.72e-135	387
Q6UDG6.1	Q1I5T6.1	34.071	226	143	4	141	362	5	228	3.95e-135	387
Q6UDG6.1	A6M317.1	33.182	220	142	3	145	361	5	222	3.98e-135	387
Q6UDG6.1	A6L7T5.1	36.199	221	136	3	142	359	2	220	5.28e-135	386
Q6UDG6.1	A7ZA24.1	37.557	221	133	3	145	362	5	223	6.85e-135	386
Q6UDG6.1	Q0T1S6.1	38.073	218	130	4	146	359	4	220	9.15e-135	386
Q6UDG6.1	A6TCJ2.1	37.156	218	132	4	146	359	4	220	1.02e-134	386
Q6UDG6.1	A8GI39.1	38.462	221	129	5	148	362	6	225	1.06e-134	386
Q6UDG6.1	A7MS85.1	34.545	220	139	4	147	362	5	223	1.33e-134	386
Q6UDG6.1	Q0SWB8.1	33.480	227	144	4	139	362	1	223	1.56e-134	385
Q6UDG6.1	Q8XNR7.1	33.040	227	145	4	139	362	1	223	1.71e-134	385
Q6UDG6.1	B5Z154.1	38.073	218	130	4	146	359	4	220	1.78e-134	385
Q6UDG6.1	A8A392.1	38.073	218	130	4	146	359	4	220	2.10e-134	385
Q6UDG6.1	Q88N05.1	36.283	226	138	4	141	362	5	228	2.93e-134	385
Q6UDG6.1	Q87SC4.1	35.455	220	137	4	147	362	5	223	3.12e-134	384
Q6UDG6.1	Q182G9.1	33.333	222	143	3	143	361	2	221	3.28e-134	384
Q6UDG6.1	B7MYL3.1	38.532	218	129	4	146	359	4	220	4.09e-134	384
Q6UDG6.1	A1AEB0.1	38.073	218	130	4	146	359	4	220	4.14e-134	384
Q6UDG6.1	Q8Y7P6.1	34.529	223	141	3	143	362	2	222	4.45e-134	384
Q6UDG6.1	Q8FF08.3	38.073	218	130	4	146	359	4	220	4.51e-134	384
Q6UDG6.1	A1JKI8.1	36.652	221	133	5	148	362	6	225	5.49e-134	384
Q6UDG6.1	A3MZ80.1	36.073	219	135	4	147	361	2	219	6.41e-134	384
Q6UDG6.1	C0Z887.1	36.199	221	136	3	145	362	5	223	6.77e-134	384
Q6UDG6.1	B0KV50.1	35.398	226	140	4	141	362	5	228	7.09e-134	384
Q6UDG6.1	A5W8H2.1	35.841	226	139	4	141	362	5	228	7.57e-134	384
Q6UDG6.1	B4F058.1	35.000	220	138	4	146	361	4	222	7.66e-134	384
Q6UDG6.1	B7NRN6.1	38.073	218	130	4	146	359	4	220	7.98e-134	384
Q6UDG6.1	A5F5R5.1	35.023	217	136	4	148	360	6	221	9.02e-134	383
Q6UDG6.1	B7LUY5.1	38.532	218	129	4	146	359	4	220	9.71e-134	383
Q6UDG6.1	A9VSJ0.1	32.579	221	144	3	145	362	5	223	1.18e-133	383
Q6UDG6.1	Q8A5V6.1	35.747	221	137	3	142	359	2	220	1.23e-133	383
Q6UDG6.1	A8FIM7.1	35.909	220	136	3	145	361	5	222	1.58e-133	382
Q6UDG6.1	B5XNF8.1	36.574	216	132	4	148	359	6	220	1.66e-133	383
Q6UDG6.1	Q65DN9.1	36.652	221	135	3	145	362	5	223	2.28e-133	382
Q6UDG6.1	A5UBC0.1	38.073	218	130	4	148	361	3	219	2.32e-133	382
Q6UDG6.1	Q6D208.1	38.914	221	128	5	148	362	6	225	2.40e-133	382
Q6UDG6.1	Q4QPM6.1	38.073	218	130	4	148	361	3	219	2.45e-133	382
Q6UDG6.1	Q4KGS0.1	34.513	226	142	4	141	362	5	228	2.50e-133	382
Q6UDG6.1	Q2NS03.1	38.462	221	129	5	148	362	6	225	2.61e-133	382
Q6UDG6.1	Q65VN0.1	36.986	219	133	4	147	361	2	219	3.05e-133	382
Q6UDG6.1	B8F6C3.1	37.273	220	132	4	147	362	2	219	3.80e-133	381
Q6UDG6.1	B7HG60.1	33.484	221	142	3	145	362	5	223	4.35e-133	381
Q6UDG6.1	A8AD07.1	38.889	216	127	4	148	359	6	220	4.69e-133	382
Q6UDG6.1	B1J4J3.1	34.956	226	141	4	141	362	5	228	5.92e-133	381
Q6UDG6.1	Q03GV8.1	33.937	221	141	3	145	362	5	223	6.25e-133	381
Q6UDG6.1	A0RLI1.1	33.937	221	141	3	145	362	5	223	7.19e-133	381
Q6UDG6.1	Q7N1U8.1	38.117	223	131	5	146	362	4	225	7.45e-133	381
Q6UDG6.1	Q6HAN7.1	33.937	221	141	3	145	362	5	223	9.14e-133	381
Q6UDG6.1	A6VAM7.1	35.398	226	140	4	141	362	6	229	9.40e-133	381
Q6UDG6.1	Q02HQ1.1	35.398	226	140	4	141	362	6	229	1.28e-132	381
Q6UDG6.1	B7JHM3.1	33.937	221	141	3	145	362	5	223	1.74e-132	380
Q6UDG6.1	C3LFS7.1	33.484	221	142	3	145	362	5	223	1.80e-132	380
Q6UDG6.1	Q3KGL4.1	34.956	226	141	4	141	362	5	228	2.06e-132	380
Q6UDG6.1	C4LC44.1	35.616	219	136	4	147	361	2	219	2.09e-132	380
Q6UDG6.1	Q5WAZ9.1	33.937	221	141	3	145	362	4	222	2.47e-132	380
Q6UDG6.1	B5F228.1	38.565	223	130	5	146	362	4	225	3.55e-132	379
Q6UDG6.1	A4WDE9.1	38.426	216	128	4	148	359	6	220	3.75e-132	379
Q6UDG6.1	A9N0W3.1	38.565	223	130	5	146	362	4	225	5.56e-132	379
Q6UDG6.1	Q4ZPC2.1	35.841	226	139	4	141	362	5	228	1.13e-131	378
Q6UDG6.1	A7GVX1.1	38.839	224	133	3	140	361	5	226	1.24e-131	378
Q6UDG6.1	A5VIJ2.1	34.389	221	140	3	145	362	5	223	1.75e-131	377
Q6UDG6.1	A9MGV9.1	38.117	223	131	5	146	362	4	225	2.06e-131	377
Q6UDG6.1	Q87XE2.1	35.398	226	140	4	141	362	5	228	2.63e-131	377
Q6UDG6.1	C3KDS6.1	34.956	226	141	4	141	362	5	228	2.66e-131	377
Q6UDG6.1	Q48ET5.1	34.956	226	141	4	141	362	5	228	3.14e-131	377
Q6UDG6.1	B7IRS8.1	33.032	221	143	3	145	362	5	223	3.57e-131	377
Q6UDG6.1	B3ERG6.1	37.104	221	134	3	142	359	2	220	3.84e-131	376
Q6UDG6.1	B6J738.1	38.356	219	129	4	147	361	8	224	5.71e-131	376
Q6UDG6.1	Q83CW4.1	37.900	219	130	4	147	361	8	224	1.59e-130	375
Q6UDG6.1	Q7VMC0.1	38.182	220	131	4	147	362	2	220	2.02e-130	375
Q6UDG6.1	Q8UCM8.1	36.607	224	136	4	143	362	10	231	2.31e-130	375
Q6UDG6.1	B2VEC7.1	38.914	221	128	5	148	362	6	225	2.59e-130	374
Q6UDG6.1	C4Z8Z2.1	35.294	221	137	4	145	361	4	222	2.76e-130	374
Q6UDG6.1	Q88YG1.1	34.389	221	140	3	145	362	5	223	2.98e-130	374
Q6UDG6.1	A6VLV4.1	38.073	218	130	4	148	361	3	219	5.21e-130	374
Q6UDG6.1	B6EKY3.1	35.909	220	136	4	145	360	1	219	5.53e-130	374
Q6UDG6.1	A0RM89.1	38.393	224	134	3	140	361	5	226	7.27e-130	374
Q6UDG6.1	A9KCD5.2	38.356	219	129	4	147	361	8	224	7.53e-130	373
Q6UDG6.1	A0KMZ1.1	34.862	218	137	4	147	360	2	218	8.81e-130	373
Q6UDG6.1	P57807.1	36.697	218	133	4	148	361	3	219	1.24e-129	372
Q6UDG6.1	A6TVW5.1	33.636	220	141	3	145	361	4	221	1.54e-129	372
Q6UDG6.1	B6J089.1	37.900	219	130	4	147	361	8	224	4.89e-129	371
Q6UDG6.1	A4SK71.1	34.562	217	137	4	148	360	3	218	5.47e-129	371
Q6UDG6.1	Q9RWH9.1	38.009	221	134	3	144	362	22	241	1.12e-128	371
Q6UDG6.1	Q5E2Y8.1	35.648	216	134	4	148	359	4	218	1.71e-128	370
Q6UDG6.1	Q92LU5.1	37.946	224	133	4	143	362	5	226	1.81e-128	371
Q6UDG6.1	B5FAJ7.1	35.648	216	134	4	148	359	4	218	2.09e-128	370
Q6UDG6.1	Q8EPH6.1	34.234	222	141	3	144	362	4	223	2.84e-128	369
Q6UDG6.1	A0Q7Y8.1	37.156	218	132	4	148	361	2	218	4.11e-128	369
Q6UDG6.1	A7ZAZ4.1	41.071	224	128	3	140	361	5	226	6.98e-128	369
Q6UDG6.1	A4IWI7.1	37.615	218	131	4	148	361	2	218	1.02e-127	368
Q6UDG6.1	C1CXS7.1	38.462	221	133	3	144	362	24	243	1.55e-127	368
Q6UDG6.1	B0VD25.1	33.475	236	150	4	131	361	2	235	1.58e-127	368
Q6UDG6.1	A7I0A8.1	37.333	225	136	4	140	361	5	227	2.11e-127	367
Q6UDG6.1	A3M500.2	33.475	236	150	4	131	361	2	235	2.79e-127	367
Q6UDG6.1	Q38VY5.1	33.032	221	142	4	145	362	5	222	3.63e-127	367
Q6UDG6.1	Q5R080.1	38.785	214	127	3	149	359	3	215	4.13e-127	366
Q6UDG6.1	A6UDC0.1	38.393	224	132	4	143	362	5	226	4.36e-127	367
Q6UDG6.1	A9KP29.1	32.127	221	144	4	145	361	4	222	5.09e-127	366
Q6UDG6.1	B2GAM7.1	35.294	221	138	3	145	362	5	223	9.49e-127	366
Q6UDG6.1	B0VMZ7.1	33.051	236	151	4	131	361	2	235	9.90e-127	366
Q6UDG6.1	B1YFL0.1	35.000	220	138	3	145	361	1	218	3.01e-126	364
Q6UDG6.1	B0TXF5.1	39.908	218	126	4	148	361	2	218	5.42e-126	363
Q6UDG6.1	P09307.1	38.206	301	166	8	79	361	6	304	6.90e-126	366
Q6UDG6.1	Q6F9Y2.1	34.322	236	148	4	131	361	2	235	8.25e-126	364
Q6UDG6.1	B0B8I2.1	35.426	223	136	3	144	361	9	228	8.36e-126	363
Q6UDG6.1	B6YR15.1	33.937	221	141	3	142	359	2	220	1.02e-125	362
Q6UDG6.1	Q30Q92.1	35.426	223	139	3	142	361	3	223	1.66e-125	362
Q6UDG6.1	O84613.1	34.529	223	138	3	144	361	9	228	1.68e-125	362
Q6UDG6.1	A7NAN4.1	37.156	218	132	4	148	361	2	218	2.44e-125	362
Q6UDG6.1	Q9PJD2.1	34.529	223	138	3	144	361	9	228	2.44e-125	362
Q6UDG6.1	A5FFT1.1	36.036	222	136	4	142	359	2	221	2.75e-125	362
Q6UDG6.1	Q3IG47.1	34.091	220	139	5	147	361	2	220	3.90e-125	361
Q6UDG6.1	Q4L3Q7.1	32.243	214	139	3	149	359	3	213	4.84e-125	361
Q6UDG6.1	B1I012.1	34.685	222	138	3	145	361	5	224	6.75e-125	361
Q6UDG6.1	A0M1V1.1	35.586	222	137	4	142	359	2	221	8.97e-125	360
Q6UDG6.1	Q03SK6.1	31.839	223	145	4	145	362	5	225	1.77e-124	360
Q6UDG6.1	Q9J3N2.1	38.206	301	166	8	79	361	6	304	1.86e-124	363
Q6UDG6.1	B1JRB1.1	36.652	221	133	5	148	362	6	225	2.05e-124	360
Q6UDG6.1	A4TKZ2.1	36.652	221	133	5	148	362	6	225	3.04e-124	359
Q6UDG6.1	Q74K70.1	32.579	221	143	4	145	362	5	222	3.57e-124	359
Q6UDG6.1	A5IQD5.1	32.710	214	138	3	149	359	3	213	4.69e-124	358
Q6UDG6.1	Q2YS83.1	32.710	214	138	3	149	359	3	213	5.06e-124	358
Q6UDG6.1	Q9PJ40.1	36.161	224	138	4	141	361	9	230	5.64e-124	359
Q6UDG6.1	A7FFS4.1	36.652	221	133	5	148	362	6	225	5.92e-124	359
Q6UDG6.1	A5EVB8.1	38.428	229	137	4	136	361	2	229	6.00e-124	359
Q6UDG6.1	A1VXG9.1	36.161	224	138	4	141	361	9	230	6.72e-124	359
Q6UDG6.1	Q5HX80.1	36.161	224	138	4	141	361	9	230	6.80e-124	359
Q6UDG6.1	Q723S4.1	35.945	217	134	3	148	361	4	218	7.39e-124	358
Q6UDG6.1	Q9K3Z0.1	34.545	220	140	3	145	362	7	224	7.84e-124	358
Q6UDG6.1	Q92EQ0.1	35.484	217	135	3	148	361	4	218	8.43e-124	358
Q6UDG6.1	Q6GBQ6.1	32.710	214	138	3	149	359	3	213	1.10e-123	357
Q6UDG6.1	Q821F7.1	36.161	224	135	3	144	362	9	229	1.21e-123	358
Q6UDG6.1	Q8Y9X7.1	35.484	217	135	3	148	361	4	218	1.39e-123	357
Q6UDG6.1	Q3BNI2.1	36.444	225	137	4	142	362	7	229	1.42e-123	358
Q6UDG6.1	Q827B3.1	34.513	226	144	3	139	362	1	224	1.63e-123	357
Q6UDG6.1	Q5L4Q4.1	35.714	224	136	3	144	362	9	229	1.71e-123	357
Q6UDG6.1	A7H1G3.1	36.607	224	137	4	141	361	9	230	1.80e-123	357
Q6UDG6.1	Q64QI5.1	36.199	221	136	3	142	359	2	220	1.87e-123	357
Q6UDG6.1	P13051.2	36.199	221	137	3	143	360	92	311	1.91e-123	361
Q6UDG6.1	Q7MXF6.1	35.586	222	139	3	141	359	2	222	2.94e-123	356
Q6UDG6.1	B2RHL6.1	36.036	222	138	3	141	359	2	222	2.97e-123	356
Q6UDG6.1	P97931.3	36.364	220	136	3	144	360	86	304	3.33e-123	359
Q6UDG6.1	Q04BG7.1	33.937	221	140	4	145	362	5	222	5.43e-123	356
Q6UDG6.1	Q5LA67.1	36.199	221	136	3	142	359	2	220	5.63e-123	356
Q6UDG6.1	A8FJP1.1	36.607	224	137	4	141	361	9	230	6.46e-123	356
Q6UDG6.1	Q8PFZ6.1	36.000	225	138	4	142	362	7	229	7.71e-123	356
Q6UDG6.1	Q9LIH6.1	33.607	244	148	5	125	361	94	330	8.09e-123	359
Q6UDG6.1	Q8R634.1	37.104	221	134	3	144	361	3	221	1.15e-122	355
Q6UDG6.1	Q5FL46.1	33.484	221	141	4	145	362	6	223	1.23e-122	355
Q6UDG6.1	B9KEK7.1	35.526	228	142	4	137	361	2	227	1.52e-122	355
Q6UDG6.1	B9DKT3.1	31.628	215	141	3	148	359	2	213	2.94e-122	354
Q6UDG6.1	B3WCZ5.1	34.389	221	139	4	145	362	5	222	3.49e-122	354
Q6UDG6.1	Q9PA28.2	35.652	230	142	4	137	362	10	237	3.95e-122	355
Q6UDG6.1	Q9Z7D3.1	33.197	244	150	4	124	362	1	236	4.72e-122	354
Q6UDG6.1	B0RWT2.1	35.111	225	140	4	142	362	7	229	4.94e-122	354
Q6UDG6.1	Q1GB22.1	33.937	221	140	4	145	362	5	222	4.99e-122	354
Q6UDG6.1	B2SJF5.1	34.934	229	143	4	138	362	3	229	7.32e-122	354
Q6UDG6.1	Q256I7.1	35.714	224	136	3	144	362	9	229	7.93e-122	353
Q6UDG6.1	B8D787.1	33.180	217	141	3	148	361	4	219	9.34e-122	352
Q6UDG6.1	B2IAB2.1	36.123	227	139	4	140	362	13	237	1.36e-121	354
Q6UDG6.1	Q49VD1.1	33.178	214	137	3	149	359	3	213	1.41e-121	352
Q6UDG6.1	Q1IWN1.1	36.364	220	136	3	145	362	22	239	1.66e-121	353
Q6UDG6.1	B0U620.1	35.683	227	140	4	140	362	13	237	2.24e-121	353
Q6UDG6.1	Q7MA00.1	36.726	226	138	4	140	362	6	229	6.07e-121	351
Q6UDG6.1	A8YUE7.1	32.273	220	143	4	145	361	6	222	7.67e-121	351
Q6UDG6.1	Q03KM6.1	32.719	217	139	3	146	359	3	215	2.87e-120	349
Q6UDG6.1	A8AXM4.1	32.719	217	139	3	146	359	3	215	1.59e-119	347
Q6UDG6.1	P53766.2	35.398	226	140	5	141	361	120	344	1.65e-119	352
Q6UDG6.1	B9E8N2.1	32.243	214	139	3	149	359	3	213	2.92e-119	346
Q6UDG6.1	B5RKV2.1	33.929	224	141	4	142	360	2	223	3.88e-119	346
Q6UDG6.1	Q8CQ65.1	31.308	214	141	3	149	359	3	213	4.69e-119	345
Q6UDG6.1	A3CN85.1	32.258	217	140	3	146	359	3	215	5.42e-119	345
Q6UDG6.1	Q8EB78.1	30.734	218	146	4	148	361	2	218	5.61e-119	345
Q6UDG6.1	Q5HRG5.1	31.308	214	141	3	149	359	3	213	6.95e-119	345
Q6UDG6.1	P0A4P3.1	32.719	217	139	3	146	359	3	215	3.32e-118	344
Q6UDG6.1	A4VV30.1	33.641	217	137	3	146	359	3	215	3.59e-118	343
Q6UDG6.1	Q7VRQ7.1	38.073	218	130	4	148	361	5	221	7.21e-118	343
Q6UDG6.1	B5RQN2.1	33.929	224	141	4	142	360	2	223	7.57e-118	343
Q6UDG6.1	Q057V4.1	34.101	217	139	3	148	361	8	223	7.89e-118	343
Q6UDG6.1	A1QYK3.1	34.375	224	140	4	142	360	2	223	8.08e-118	343
Q6UDG6.1	P59465.1	31.944	216	142	4	148	359	8	222	9.86e-118	342
Q6UDG6.1	B2S1N8.1	33.929	224	141	4	142	360	2	223	1.39e-117	342
Q6UDG6.1	Q8DTV8.1	32.258	217	140	3	146	359	3	215	3.93e-117	341
Q6UDG6.1	A8EWN8.1	31.628	215	143	3	148	359	2	215	4.45e-117	340
Q6UDG6.1	P29950.1	36.967	211	127	4	156	362	1	209	1.98e-116	339
Q6UDG6.1	P28866.1	37.255	306	177	5	60	361	17	311	8.44e-116	341
Q6UDG6.1	B1IBW9.1	34.562	217	135	3	146	359	3	215	1.12e-115	337
Q6UDG6.1	Q662W1.1	33.482	224	142	4	142	360	2	223	1.70e-115	337
Q6UDG6.1	B7J0Y9.1	33.482	224	142	4	142	360	2	223	3.21e-115	336
Q6UDG6.1	C1CKR8.1	33.180	217	138	3	146	359	3	215	3.77e-115	336
Q6UDG6.1	B8ZQ48.1	33.641	217	137	3	146	359	3	215	6.45e-115	335
Q6UDG6.1	B5E4R3.1	33.641	217	137	3	146	359	3	215	6.81e-115	335
Q6UDG6.1	B9DSB9.1	32.719	217	139	3	146	359	3	215	1.49e-114	334
Q6UDG6.1	Q0SPB2.1	34.081	223	140	4	143	360	3	223	1.80e-114	334
Q6UDG6.1	C0M7J9.1	30.876	217	143	3	146	359	3	215	4.55e-114	333
Q6UDG6.1	B4U3D4.1	30.876	217	143	3	146	359	3	215	4.81e-114	333
Q6UDG6.1	Q48U05.1	32.258	217	140	3	146	359	3	215	5.13e-114	333
Q6UDG6.1	Q7VGS1.1	35.498	231	137	4	140	360	5	233	6.08e-114	333
Q6UDG6.1	A1SUE5.1	34.722	216	136	4	148	359	2	216	9.24e-114	332
Q6UDG6.1	Q1J724.1	33.180	217	138	3	146	359	3	215	1.46e-113	332
Q6UDG6.1	Q1JC76.1	32.719	217	139	3	146	359	3	215	2.12e-113	331
Q6UDG6.1	B5XL20.1	33.180	217	138	3	146	359	3	215	2.32e-113	331
Q6UDG6.1	C0ME57.1	31.336	217	142	3	146	359	3	215	3.18e-113	331
Q6UDG6.1	A2RF00.1	32.719	217	139	3	146	359	3	215	3.51e-113	331
Q6UDG6.1	P0DG74.1	32.719	217	139	3	146	359	3	215	8.40e-113	330
Q6UDG6.1	Q8P1B6.1	32.258	217	140	3	146	359	3	215	8.68e-113	330
Q6UDG6.1	Q07YI6.1	35.023	217	136	4	149	361	5	220	3.14e-112	329
Q6UDG6.1	P10186.1	41.532	248	142	3	115	361	89	334	6.55e-112	332
Q6UDG6.1	Q5XCK3.1	31.797	217	141	3	146	359	3	215	1.33e-111	327
Q6UDG6.1	Q9U221.1	30.833	240	160	6	124	359	42	279	3.32e-111	328
Q6UDG6.1	P12887.1	33.617	235	138	5	145	361	102	336	7.81e-109	325
Q6UDG6.1	P52506.1	44.348	230	126	2	133	361	86	314	1.90e-108	322
Q6UDG6.1	O74834.1	32.787	244	151	6	123	360	66	302	2.85e-108	322
Q6UDG6.1	P28275.1	40.664	241	141	2	122	361	16	255	4.21e-108	319
Q6UDG6.1	P52507.1	44.348	230	126	2	133	361	87	315	5.28e-108	321
Q6UDG6.1	B2UDL1.1	36.017	236	136	6	139	362	28	260	1.07e-107	319
Q6UDG6.1	B1MXY4.1	31.797	217	141	3	146	359	5	217	3.00e-106	313
Q6UDG6.1	Q7P1I1.1	40.183	219	125	4	145	359	11	227	4.65e-106	314
Q6UDG6.1	Q8XVE4.1	37.288	236	133	6	139	362	31	263	4.97e-106	314
Q6UDG6.1	Q9E6R2.1	44.105	229	124	3	136	361	84	311	1.72e-104	312
Q6UDG6.1	P13158.1	39.231	260	138	5	103	357	47	291	4.37e-104	310
Q6UDG6.1	Q032L5.1	35.780	218	131	5	148	360	5	218	6.71e-103	305
Q6UDG6.1	A2RHW2.1	35.780	218	131	5	148	360	5	218	8.72e-103	304
Q6UDG6.1	Q9CIX2.1	36.697	218	129	5	148	360	5	218	2.00e-102	303
Q6UDG6.1	Q03W63.1	33.028	218	138	4	146	359	5	218	2.28e-102	303
Q6UDG6.1	P12888.1	39.914	233	125	6	141	361	26	255	2.78e-102	304
Q6UDG6.1	F5HI85.1	37.698	252	149	6	114	361	1	248	3.39e-102	304
Q6UDG6.1	P53765.2	38.034	234	132	5	139	361	23	254	3.53e-102	304
Q6UDG6.1	O36395.1	38.333	240	128	7	134	361	20	251	2.39e-101	302
Q6UDG6.1	P52447.1	34.252	254	159	6	114	361	1	252	1.12e-100	300
Q6UDG6.1	P52345.1	34.646	254	158	6	114	361	1	252	1.42e-100	300
Q6UDG6.1	A1UEC0.1	36.323	223	132	7	145	362	10	227	4.52e-100	298
Q6UDG6.1	P53764.1	45.813	203	108	2	160	361	2	203	7.17e-99	294
Q6UDG6.1	Q98PV4.1	33.636	220	139	5	146	361	4	220	1.08e-98	294
Q6UDG6.1	Q315T1.1	38.565	223	127	5	146	359	12	233	1.10e-98	295
Q6UDG6.1	A1T717.1	36.937	222	130	7	145	362	10	225	1.38e-98	294
Q6UDG6.1	Q8FPQ4.1	33.333	240	151	7	126	361	4	238	1.60e-98	294
Q6UDG6.1	B5ZC55.1	31.308	214	140	4	149	359	3	212	4.74e-98	292
Q6UDG6.1	A4TE31.1	36.937	222	130	7	145	362	10	225	7.89e-98	292
Q6UDG6.1	A0QV01.1	34.529	223	136	7	145	362	10	227	1.52e-97	291
Q6UDG6.1	P50639.1	34.252	254	157	6	114	361	1	250	2.75e-97	292
Q6UDG6.1	B8ZS02.1	36.323	223	132	7	145	362	10	227	5.16e-97	290
Q6UDG6.1	A0QJA9.1	38.117	223	128	7	145	362	10	227	8.42e-97	290
Q6UDG6.1	Q73VJ7.1	38.117	223	128	7	145	362	10	227	8.51e-97	289
Q6UDG6.1	A0PQ07.1	34.529	223	136	7	145	362	10	227	2.04e-96	288
Q6UDG6.1	B2HIJ2.1	34.978	223	135	7	145	362	10	227	3.67e-96	288
Q6UDG6.1	B1MDP0.1	36.937	222	131	6	145	362	10	226	5.19e-96	287
Q6UDG6.1	Q01019.1	35.088	228	135	5	145	361	26	251	5.84e-96	288
Q6UDG6.1	Q47Q90.1	36.036	222	132	7	145	362	13	228	1.26e-95	287
Q6UDG6.1	B1AJI8.1	31.776	214	139	4	149	359	3	212	4.85e-95	284
Q6UDG6.1	Q7VUM8.1	36.818	220	125	5	149	360	23	236	2.47e-94	284
Q6UDG6.1	Q5YRZ2.1	36.771	223	131	7	145	362	10	227	3.75e-94	283
Q6UDG6.1	Q7W1Y7.1	36.818	220	125	5	149	360	23	236	3.81e-94	283
Q6UDG6.1	Q7WQW5.1	36.818	220	125	5	149	360	23	236	4.07e-94	283
Q6UDG6.1	A1SNW4.1	34.649	228	139	7	139	362	7	228	5.76e-94	282
Q6UDG6.1	Q8NQU9.1	32.016	253	136	8	136	361	11	254	6.66e-94	283
Q6UDG6.1	Q21SE9.1	32.353	238	140	6	141	359	15	250	3.01e-93	281
Q6UDG6.1	F5HFA1.1	36.207	232	135	5	141	361	23	252	5.51e-93	281
Q6UDG6.1	A9IGW1.1	35.965	228	135	5	140	359	14	238	3.08e-91	276
Q6UDG6.1	Q2L0Y2.1	36.323	223	130	7	145	359	19	237	5.84e-91	275
Q6UDG6.1	Q9ZJN9.1	30.233	215	138	5	138	342	2	214	1.36e-90	274
Q6UDG6.1	Q1CRR1.1	29.730	222	143	6	138	348	2	221	1.78e-90	273
Q6UDG6.1	B5Z8Z4.1	30.093	216	139	5	138	343	2	215	4.25e-90	273
Q6UDG6.1	Q9EX12.1	35.135	222	134	7	145	362	10	225	1.32e-89	271
Q6UDG6.1	B2UVB0.1	29.767	215	139	5	138	342	2	214	2.37e-89	271
Q6UDG6.1	P67078.1	33.333	228	142	7	139	361	7	229	4.45e-89	270
Q6UDG6.1	Q17Z05.1	28.632	234	155	5	138	361	2	233	5.37e-89	270
Q6UDG6.1	P56397.1	30.233	215	138	5	138	342	2	214	6.53e-89	270
Q6UDG6.1	Q82MX6.1	35.586	222	133	7	145	362	10	225	2.05e-88	268
Q6UDG6.1	B6JNI4.1	29.302	215	140	5	138	342	2	214	2.07e-88	268
Q6UDG6.1	Q8G3E9.1	31.925	213	131	7	159	361	5	213	5.58e-88	267
Q6UDG6.1	A1KMX0.1	36.323	223	132	7	145	362	10	227	6.59e-88	267
Q6UDG6.1	Q4A8N4.1	30.986	213	141	4	152	361	10	219	4.60e-86	262
Q6UDG6.1	A8LD98.1	34.685	222	135	7	145	362	10	225	1.60e-85	261
Q6UDG6.1	Q1GHJ4.1	34.404	218	129	9	149	362	17	224	2.28e-84	258
Q6UDG6.1	P75536.1	26.609	233	158	6	137	359	2	231	1.15e-71	226
Q6UDG6.1	P47343.1	28.761	226	150	5	144	361	13	235	1.56e-71	226
Q6UDG6.1	Q5UPT2.1	22.835	254	168	8	134	361	119	370	6.27e-70	226
Q6UDG6.1	P21968.2	24.457	184	120	9	180	359	44	212	2.88e-11	65.6
Q6UDG6.1	P04303.2	20.889	225	139	15	146	359	16	212	2.03e-04	45.5
Q6UDG6.1	Q91UM2.1	20.889	225	139	15	146	359	16	212	2.31e-04	45.5
Q6UDG6.1	M1LL92.1	20.444	225	140	15	146	359	16	212	3.34e-04	44.8
Q6UDG6.1	P20536.1	20.889	225	139	15	146	359	16	212	4.49e-04	44.4
Q6UDG6.1	P0DSP8.1	20.889	225	139	15	146	359	16	212	8.97e-04	43.6
Q6UDG6.1	P0DSP7.1	20.536	224	141	15	146	359	16	212	0.002	42.8
Q6UDG6.1	Q6UDG6.1	100.000	362	0	0	1	362	1	362	0.0	514
Q6UDG6.1	B7GMM1.1	34.545	220	139	3	145	361	5	222	2.74e-141	402
Q6UDG6.1	C1DQR0.1	39.301	229	133	4	138	362	3	229	1.00e-139	399
Q6UDG6.1	Q836Z5.1	35.294	221	138	3	145	362	5	223	2.17e-139	398
Q6UDG6.1	B0UWA7.1	39.545	220	128	4	147	362	2	220	1.16e-138	396
Q6UDG6.1	A7GVE5.1	34.842	221	139	3	145	362	5	223	2.70e-138	395
Q6UDG6.1	B4RLL6.1	39.726	219	127	4	147	361	2	219	2.96e-138	394
Q6UDG6.1	Q7MNR0.2	38.356	219	130	4	148	362	6	223	3.38e-138	394
Q6UDG6.1	C5D9T3.1	34.545	220	139	3	145	361	4	221	3.91e-138	394
Q6UDG6.1	A8MM35.1	32.432	222	145	3	143	361	3	222	6.14e-138	394
Q6UDG6.1	P43731.1	38.991	218	128	4	148	361	3	219	1.05e-137	393
Q6UDG6.1	P28866.1	36.928	306	178	5	60	361	17	311	1.32e-137	396
Q6UDG6.1	Q1I5T6.1	34.071	226	143	4	141	362	5	228	1.61e-137	393
Q6UDG6.1	B8FSV8.1	32.420	219	144	2	145	361	4	220	2.59e-137	392
Q6UDG6.1	P39615.1	36.652	221	135	3	144	361	4	222	3.24e-137	392
Q6UDG6.1	A9LZA2.1	39.726	219	127	4	147	361	2	219	5.38e-137	391
Q6UDG6.1	Q5L9D9.1	36.199	221	136	3	142	359	2	220	5.40e-137	391
Q6UDG6.1	Q5KUD0.1	34.545	220	139	3	145	361	4	221	5.67e-137	391
Q6UDG6.1	A6L7T5.1	36.199	221	136	3	142	359	2	220	8.93e-137	391
Q6UDG6.1	B2TQZ9.1	34.545	220	139	3	145	361	5	222	1.06e-136	391
Q6UDG6.1	A1KU26.1	39.726	219	127	4	147	361	2	219	1.06e-136	390
Q6UDG6.1	Q88N05.1	36.283	226	138	4	141	362	5	228	1.17e-136	391
Q6UDG6.1	B0KV50.1	35.398	226	140	4	141	362	5	228	1.17e-136	391
Q6UDG6.1	A8GI39.1	38.009	221	130	5	148	362	6	225	1.44e-136	390
Q6UDG6.1	C6DC11.1	38.009	221	130	5	148	362	6	225	1.58e-136	390
Q6UDG6.1	Q87SC4.1	35.455	220	137	4	147	362	5	223	1.68e-136	390
Q6UDG6.1	Q4KGS0.1	34.513	226	142	4	141	362	5	228	3.38e-136	389
Q6UDG6.1	A7MS85.1	34.545	220	139	4	147	362	5	223	3.77e-136	389
Q6UDG6.1	A5W8H2.1	35.841	226	139	4	141	362	5	228	3.98e-136	389
Q6UDG6.1	Q9K682.1	33.937	221	141	3	145	362	4	222	4.37e-136	389
Q6UDG6.1	A1JKI8.1	36.652	221	133	5	148	362	6	225	5.15e-136	389
Q6UDG6.1	B1J4J3.1	34.956	226	141	4	141	362	5	228	5.47e-136	389
Q6UDG6.1	Q0T1S6.1	38.073	218	130	4	146	359	4	220	5.63e-136	389
Q6UDG6.1	A4ITQ2.1	34.545	220	139	3	145	361	4	221	8.00e-136	389
Q6UDG6.1	Q9JUC4.1	39.269	219	128	4	147	361	2	219	1.02e-135	388
Q6UDG6.1	B5Z154.1	38.073	218	130	4	146	359	4	220	1.27e-135	388
Q6UDG6.1	Q92CI1.1	34.529	223	141	3	143	362	2	222	1.28e-135	388
Q6UDG6.1	A8A392.1	38.073	218	130	4	146	359	4	220	1.48e-135	388
Q6UDG6.1	C0Z887.1	36.199	221	136	3	145	362	5	223	1.65e-135	388
Q6UDG6.1	A6M317.1	33.182	220	142	3	145	361	5	222	1.78e-135	388
Q6UDG6.1	A6TCJ2.1	37.156	218	132	4	146	359	4	220	2.03e-135	388
Q6UDG6.1	C4LC44.1	35.616	219	136	4	147	361	2	219	2.04e-135	387
Q6UDG6.1	A7ZA24.1	37.387	222	134	3	144	362	4	223	2.06e-135	388
Q6UDG6.1	Q630K2.1	34.389	221	140	3	145	362	5	223	2.14e-135	388
Q6UDG6.1	B7HYF9.1	34.389	221	140	3	145	362	5	223	2.19e-135	387
Q6UDG6.1	A5F5R5.1	35.023	217	136	4	148	360	6	221	2.19e-135	388
Q6UDG6.1	A8FIM7.1	35.909	220	136	3	145	361	5	222	2.34e-135	387
Q6UDG6.1	Q2NS03.1	38.462	221	129	5	148	362	6	225	2.92e-135	387
Q6UDG6.1	A1AEB0.1	38.073	218	130	4	146	359	4	220	3.21e-135	387
Q6UDG6.1	B7MYL3.1	38.532	218	129	4	146	359	4	220	3.50e-135	387
Q6UDG6.1	Q8FF08.3	38.073	218	130	4	146	359	4	220	3.53e-135	387
Q6UDG6.1	Q65VN0.1	36.986	219	133	4	147	361	2	219	4.16e-135	387
Q6UDG6.1	A6VAM7.1	34.498	229	144	4	138	362	3	229	4.33e-135	387
Q6UDG6.1	Q3KGL4.1	34.956	226	141	4	141	362	5	228	4.43e-135	387
Q6UDG6.1	Q720K2.1	34.978	223	140	3	143	362	2	222	4.54e-135	386
Q6UDG6.1	Q8A5V6.1	35.747	221	137	3	142	359	2	220	5.00e-135	386
Q6UDG6.1	Q0TUH0.1	33.032	221	143	3	145	362	5	223	5.13e-135	386
Q6UDG6.1	Q02HQ1.1	34.498	229	144	4	138	362	3	229	5.28e-135	387
Q6UDG6.1	A3MZ80.1	36.073	219	135	4	147	361	2	219	5.79e-135	386
Q6UDG6.1	B7NRN6.1	38.073	218	130	4	146	359	4	220	5.79e-135	386
Q6UDG6.1	Q72X51.1	34.389	221	140	3	145	362	5	223	5.92e-135	386
Q6UDG6.1	B7LUY5.1	38.532	218	129	4	146	359	4	220	6.82e-135	386
Q6UDG6.1	B4F058.1	35.000	220	138	4	146	361	4	222	1.16e-134	386
Q6UDG6.1	Q4QPM6.1	38.073	218	130	4	148	361	3	219	1.52e-134	385
Q6UDG6.1	Q7N1U8.1	38.117	223	131	5	146	362	4	225	1.61e-134	385
Q6UDG6.1	B8F6C3.1	37.273	220	132	4	147	362	2	219	1.65e-134	385
Q6UDG6.1	Q8XNR7.1	32.579	221	144	3	145	362	5	223	1.82e-134	385
Q6UDG6.1	A5UBC0.1	38.073	218	130	4	148	361	3	219	1.83e-134	385
Q6UDG6.1	B5XNF8.1	36.574	216	132	4	148	359	6	220	1.95e-134	385
Q6UDG6.1	Q182G9.1	33.333	222	143	3	143	361	2	221	2.08e-134	385
Q6UDG6.1	Q6D208.1	38.462	221	129	5	148	362	6	225	2.34e-134	385
Q6UDG6.1	A8AD07.1	38.889	216	127	4	148	359	6	220	3.56e-134	384
Q6UDG6.1	Q65DN9.1	36.652	221	135	3	145	362	5	223	4.06e-134	384
Q6UDG6.1	Q4ZPC2.1	35.841	226	139	4	141	362	5	228	4.59e-134	384
Q6UDG6.1	Q0SWB8.1	33.032	221	143	3	145	362	5	223	4.78e-134	384
Q6UDG6.1	Q8Y7P6.1	34.529	223	141	3	143	362	2	222	5.03e-134	384
Q6UDG6.1	C3KDS6.1	34.956	226	141	4	141	362	5	228	5.17e-134	384
Q6UDG6.1	Q5WAZ9.1	33.937	221	141	3	145	362	4	222	5.38e-134	384
Q6UDG6.1	Q87XE2.1	35.398	226	140	4	141	362	5	228	7.34e-134	384
Q6UDG6.1	B3ERG6.1	37.104	221	134	3	142	359	2	220	8.60e-134	383
Q6UDG6.1	Q48ET5.1	34.956	226	141	4	141	362	5	228	1.92e-133	383
Q6UDG6.1	B5F228.1	38.117	223	131	5	146	362	4	225	2.09e-133	383
Q6UDG6.1	Q8UCM8.1	36.607	224	136	4	143	362	10	231	2.49e-133	383
Q6UDG6.1	Q03GV8.1	33.937	221	141	3	145	362	5	223	2.61e-133	382
Q6UDG6.1	A9N0W3.1	38.117	223	131	5	146	362	4	225	4.40e-133	382
Q6UDG6.1	A9VSJ0.1	32.579	221	144	3	145	362	5	223	4.45e-133	381
Q6UDG6.1	A4WDE9.1	38.426	216	128	4	148	359	6	220	8.58e-133	381
Q6UDG6.1	A5VIJ2.1	34.234	222	141	3	144	362	4	223	1.02e-132	381
Q6UDG6.1	B7HG60.1	33.484	221	142	3	145	362	5	223	1.07e-132	381
Q6UDG6.1	A9MGV9.1	38.117	223	131	5	146	362	4	225	1.75e-132	380
Q6UDG6.1	A0RLI1.1	33.937	221	141	3	145	362	5	223	1.95e-132	380
Q6UDG6.1	A7GVX1.1	38.326	227	136	3	137	361	2	226	3.03e-132	379
Q6UDG6.1	Q6HAN7.1	33.937	221	141	3	145	362	5	223	3.67e-132	379
Q6UDG6.1	Q7VMC0.1	38.182	220	131	4	147	362	2	220	3.90e-132	379
Q6UDG6.1	B2VEC7.1	38.914	221	128	5	148	362	6	225	4.07e-132	379
Q6UDG6.1	C3LFS7.1	33.484	221	142	3	145	362	5	223	4.37e-132	379
Q6UDG6.1	B7JHM3.1	33.937	221	141	3	145	362	5	223	5.33e-132	379
Q6UDG6.1	A6TVW5.1	33.636	220	141	3	145	361	4	221	5.41e-132	379
Q6UDG6.1	A0KMZ1.1	34.862	218	137	4	147	360	2	218	7.02e-132	378
Q6UDG6.1	Q92LU5.1	37.281	228	137	4	139	362	1	226	8.80e-132	379
Q6UDG6.1	B6EKY3.1	35.909	220	136	4	145	360	1	219	9.28e-132	378
Q6UDG6.1	P57807.1	36.697	218	133	4	148	361	3	219	1.08e-131	378
Q6UDG6.1	B6J738.1	38.356	219	129	4	147	361	8	224	2.66e-131	377
Q6UDG6.1	A6VLV4.1	38.073	218	130	4	148	361	3	219	3.66e-131	376
Q6UDG6.1	Q88YG1.1	34.389	221	140	3	145	362	5	223	4.92e-131	376
Q6UDG6.1	Q5E2Y8.1	35.648	216	134	4	148	359	4	218	5.40e-131	376
Q6UDG6.1	Q83CW4.1	37.900	219	130	4	147	361	8	224	6.88e-131	376
Q6UDG6.1	B5FAJ7.1	35.648	216	134	4	148	359	4	218	7.57e-131	376
Q6UDG6.1	B7IRS8.1	33.032	221	143	3	145	362	5	223	8.11e-131	376
Q6UDG6.1	C4Z8Z2.1	35.294	221	137	4	145	361	4	222	9.77e-131	376
Q6UDG6.1	A4SK71.1	34.562	217	137	4	148	360	3	218	1.03e-130	375
Q6UDG6.1	A9KCD5.2	38.356	219	129	4	147	361	8	224	3.11e-130	374
Q6UDG6.1	B0VD25.1	33.898	236	149	5	131	361	2	235	4.13e-130	374
Q6UDG6.1	A0Q7Y8.1	37.156	218	132	4	148	361	2	218	4.50e-130	374
Q6UDG6.1	A3M500.2	33.898	236	149	5	131	361	2	235	5.26e-130	374
Q6UDG6.1	Q9RWH9.1	38.009	221	134	3	144	362	22	241	7.09e-130	374
Q6UDG6.1	A6UDC0.1	37.719	228	136	4	139	362	1	226	7.29e-130	374
Q6UDG6.1	B0VMZ7.1	33.475	236	150	5	131	361	2	235	1.36e-129	373
Q6UDG6.1	B6J089.1	37.900	219	130	4	147	361	8	224	1.91e-129	373
Q6UDG6.1	C1CXS7.1	38.462	221	133	3	144	362	24	243	2.12e-129	373
Q6UDG6.1	Q8EPH6.1	34.234	222	141	3	144	362	4	223	2.40e-129	372
Q6UDG6.1	A7ZAZ4.1	40.529	227	131	3	137	361	2	226	2.52e-129	372
Q6UDG6.1	A4IWI7.1	37.615	218	131	4	148	361	2	218	2.89e-129	372
Q6UDG6.1	A0RM89.1	38.393	224	134	3	140	361	5	226	5.04e-129	371
Q6UDG6.1	A7I0A8.1	37.004	227	138	4	138	361	3	227	1.19e-128	371
Q6UDG6.1	Q3IG47.1	34.091	220	139	5	147	361	2	220	1.43e-128	370
Q6UDG6.1	Q38VY5.1	33.032	221	142	4	145	362	5	222	1.92e-128	370
Q6UDG6.1	Q6F9Y2.1	34.746	236	147	5	131	361	2	235	3.73e-128	369
Q6UDG6.1	Q3BNI2.1	36.444	225	137	4	142	362	7	229	4.85e-128	369
Q6UDG6.1	B0TXF5.1	39.450	218	127	4	148	361	2	218	9.20e-128	368
Q6UDG6.1	A7NAN4.1	37.156	218	132	4	148	361	2	218	9.66e-128	368
Q6UDG6.1	B1YFL0.1	35.000	220	138	3	145	361	1	218	9.85e-128	368
Q6UDG6.1	B2GAM7.1	35.135	222	139	3	144	362	4	223	1.08e-127	368
Q6UDG6.1	Q8PFZ6.1	36.000	225	138	4	142	362	7	229	2.82e-127	368
Q6UDG6.1	A5FFT1.1	36.036	222	136	4	142	359	2	221	3.12e-127	366
Q6UDG6.1	B0B8I2.1	35.426	223	136	3	144	361	9	228	3.37e-127	367
Q6UDG6.1	Q30Q92.1	34.978	223	140	3	142	361	3	223	3.46e-127	366
Q6UDG6.1	O84613.1	34.529	223	138	3	144	361	9	228	4.57e-127	366
Q6UDG6.1	A5EVB8.1	38.428	229	137	4	136	361	2	229	6.21e-127	366
Q6UDG6.1	B6YR15.1	33.937	221	141	3	142	359	2	220	8.06e-127	366
Q6UDG6.1	A9KP29.1	31.674	221	145	4	145	361	4	222	8.91e-127	366
Q6UDG6.1	Q5R080.1	38.785	214	127	3	149	359	3	215	1.06e-126	365
Q6UDG6.1	B0RWT2.1	35.111	225	140	4	142	362	7	229	1.77e-126	365
Q6UDG6.1	Q4L3Q7.1	31.944	216	141	3	148	360	2	214	2.51e-126	364
Q6UDG6.1	B2SJF5.1	34.934	229	143	4	138	362	3	229	2.54e-126	365
Q6UDG6.1	P13051.2	31.788	302	197	6	65	360	13	311	3.49e-126	368
Q6UDG6.1	Q9PJD2.1	34.529	223	138	3	144	361	9	228	5.23e-126	364
Q6UDG6.1	A5IQD5.1	32.407	216	140	3	148	360	2	214	6.12e-126	363
Q6UDG6.1	Q2YS83.1	32.407	216	140	3	148	360	2	214	6.47e-126	363
Q6UDG6.1	P97931.3	30.063	316	192	6	51	360	12	304	7.64e-126	366
Q6UDG6.1	B1JRB1.1	36.652	221	133	5	148	362	6	225	1.06e-125	363
Q6UDG6.1	A4TKZ2.1	36.652	221	133	5	148	362	6	225	1.21e-125	363
Q6UDG6.1	Q6GBQ6.1	32.407	216	140	3	148	360	2	214	1.36e-125	362
Q6UDG6.1	Q5HX80.1	35.065	231	145	4	134	361	2	230	1.59e-125	362
Q6UDG6.1	Q9PJ40.1	35.065	231	145	4	134	361	2	230	1.59e-125	362
Q6UDG6.1	Q9K3Z0.1	33.186	226	147	3	139	362	1	224	2.25e-125	362
Q6UDG6.1	A0M1V1.1	35.135	222	138	4	142	359	2	221	2.39e-125	362
Q6UDG6.1	Q9LIH6.1	33.607	244	148	5	125	361	94	330	2.44e-125	366
Q6UDG6.1	A7FFS4.1	36.652	221	133	5	148	362	6	225	2.52e-125	362
Q6UDG6.1	B9DKT3.1	31.481	216	142	3	148	360	2	214	2.58e-125	362
Q6UDG6.1	A1VXG9.1	35.065	231	145	4	134	361	2	230	2.59e-125	362
Q6UDG6.1	Q9PA28.2	35.652	230	142	4	137	362	10	237	3.33e-125	362
Q6UDG6.1	Q64QI5.1	36.199	221	136	3	142	359	2	220	4.86e-125	361
Q6UDG6.1	Q821F7.1	36.161	224	135	3	144	362	9	229	5.03e-125	361
Q6UDG6.1	B1I012.1	34.685	222	138	3	145	361	5	224	6.40e-125	361
Q6UDG6.1	A7H1G3.1	35.652	230	143	4	135	361	3	230	6.64e-125	361
Q6UDG6.1	Q92EQ0.1	35.484	217	135	3	148	361	4	218	7.54e-125	361
Q6UDG6.1	Q03SK6.1	31.839	223	145	4	145	362	5	225	7.55e-125	361
Q6UDG6.1	B2RHL6.1	35.586	222	139	3	141	359	2	222	1.04e-124	360
Q6UDG6.1	Q723S4.1	35.945	217	134	3	148	361	4	218	1.17e-124	360
Q6UDG6.1	Q5L4Q4.1	35.714	224	136	3	144	362	9	229	1.18e-124	360
Q6UDG6.1	B2IAB2.1	34.440	241	149	5	126	362	2	237	1.18e-124	361
Q6UDG6.1	Q74K70.1	32.432	222	144	4	144	362	4	222	1.18e-124	360
Q6UDG6.1	Q8Y9X7.1	35.484	217	135	3	148	361	4	218	1.25e-124	360
Q6UDG6.1	Q5LA67.1	36.199	221	136	3	142	359	2	220	1.33e-124	360
Q6UDG6.1	B0U620.1	34.440	241	149	5	126	362	2	237	1.39e-124	361
Q6UDG6.1	Q7MXF6.1	35.586	222	139	3	141	359	2	222	1.52e-124	360
Q6UDG6.1	A8FJP1.1	35.498	231	144	4	134	361	2	230	1.78e-124	360
Q6UDG6.1	Q827B3.1	34.071	226	145	3	139	362	1	224	2.00e-124	360
Q6UDG6.1	Q1IWN1.1	36.036	222	138	3	143	362	20	239	2.05e-124	360
Q6UDG6.1	B3WCZ5.1	34.234	222	140	4	144	362	4	222	3.83e-124	359
Q6UDG6.1	Q49VD1.1	32.870	216	139	3	148	360	2	214	2.05e-123	357
Q6UDG6.1	Q256I7.1	35.714	224	136	3	144	362	9	229	2.57e-123	357
Q6UDG6.1	B9KEK7.1	35.526	228	142	4	137	361	2	227	3.73e-123	356
Q6UDG6.1	B8D787.1	33.180	217	141	3	148	361	4	219	3.77e-123	356
Q6UDG6.1	Q8R634.1	37.104	221	134	3	144	361	3	221	5.25e-123	356
Q6UDG6.1	Q9Z7D3.1	33.197	244	150	4	124	362	1	236	6.91e-123	356
Q6UDG6.1	Q04BG7.1	33.937	221	140	4	145	362	5	222	7.71e-123	356
Q6UDG6.1	Q5FL46.1	33.333	222	142	4	144	362	5	223	1.39e-122	355
Q6UDG6.1	Q7MA00.1	36.726	226	138	4	140	362	6	229	4.56e-122	354
Q6UDG6.1	Q1GB22.1	33.937	221	140	4	145	362	5	222	8.92e-122	353
Q6UDG6.1	Q8EB78.1	30.734	218	146	4	148	361	2	218	9.52e-122	352
Q6UDG6.1	Q8CQ65.1	31.163	215	142	3	149	360	3	214	1.24e-121	352
Q6UDG6.1	A8YUE7.1	32.127	221	144	4	144	361	5	222	1.43e-121	352
Q6UDG6.1	B9E8N2.1	32.093	215	140	3	148	359	2	213	1.54e-121	352
Q6UDG6.1	Q5HRG5.1	31.163	215	142	3	149	360	3	214	2.83e-121	351
Q6UDG6.1	B5RKV2.1	33.929	224	141	4	142	360	2	223	3.21e-121	351
Q6UDG6.1	P09307.1	38.206	301	166	8	79	361	6	304	3.97e-121	354
Q6UDG6.1	P29950.1	36.967	211	127	4	156	362	1	209	4.16e-120	348
Q6UDG6.1	A8AXM4.1	32.719	217	139	3	146	359	3	215	4.35e-120	348
Q6UDG6.1	B5RQN2.1	33.929	224	141	4	142	360	2	223	4.87e-120	348
Q6UDG6.1	Q03KM6.1	32.719	217	139	3	146	359	3	215	7.60e-120	347
Q6UDG6.1	B2S1N8.1	33.929	224	141	4	142	360	2	223	8.50e-120	348
Q6UDG6.1	A1QYK3.1	34.375	224	140	4	142	360	2	223	9.18e-120	347
Q6UDG6.1	A3CN85.1	32.258	217	140	3	146	359	3	215	1.05e-119	347
Q6UDG6.1	Q9J3N2.1	38.206	301	166	8	79	361	6	304	1.33e-119	351
Q6UDG6.1	P0A4P3.1	32.719	217	139	3	146	359	3	215	1.36e-119	347
Q6UDG6.1	P53766.2	34.222	225	144	3	141	361	120	344	2.31e-119	351
Q6UDG6.1	Q7VRQ7.1	38.073	218	130	4	148	361	5	221	4.45e-119	346
Q6UDG6.1	A4VV30.1	33.641	217	137	3	146	359	3	215	1.26e-118	344
Q6UDG6.1	A8EWN8.1	31.628	215	143	3	148	359	2	215	4.35e-118	343
Q6UDG6.1	Q057V4.1	34.101	217	139	3	148	361	8	223	6.15e-118	343
Q6UDG6.1	P59465.1	31.944	216	142	4	148	359	8	222	7.43e-118	343
Q6UDG6.1	Q8DTV8.1	32.258	217	140	3	146	359	3	215	8.71e-118	342
Q6UDG6.1	Q662W1.1	33.036	224	143	4	142	360	2	223	3.38e-117	341
Q6UDG6.1	B7J0Y9.1	33.036	224	143	4	142	360	2	223	4.45e-117	341
Q6UDG6.1	A1SUE5.1	34.722	216	136	4	148	359	2	216	8.52e-117	340
Q6UDG6.1	Q0SPB2.1	33.632	223	141	4	143	360	3	223	1.67e-116	339
Q6UDG6.1	C0M7J9.1	30.876	217	143	3	146	359	3	215	2.81e-116	339
Q6UDG6.1	B4U3D4.1	30.876	217	143	3	146	359	3	215	2.97e-116	339
Q6UDG6.1	Q9U221.1	30.041	243	164	6	121	359	39	279	4.64e-116	341
Q6UDG6.1	Q7VGS1.1	35.345	232	138	4	138	359	3	232	7.08e-116	338
Q6UDG6.1	B9DSB9.1	32.719	217	139	3	146	359	3	215	7.34e-116	337
Q6UDG6.1	C0ME57.1	31.336	217	142	3	146	359	3	215	1.43e-115	337
Q6UDG6.1	B1IBW9.1	34.562	217	135	3	146	359	3	215	2.03e-115	336
Q6UDG6.1	Q48U05.1	31.797	217	141	3	146	359	3	215	2.44e-115	336
Q6UDG6.1	Q1J724.1	32.719	217	139	3	146	359	3	215	6.82e-115	335
Q6UDG6.1	Q07YI6.1	35.023	217	136	4	149	361	5	220	8.35e-115	335
Q6UDG6.1	Q1JC76.1	32.258	217	140	3	146	359	3	215	1.20e-114	334
Q6UDG6.1	B5XL20.1	32.719	217	139	3	146	359	3	215	1.33e-114	334
Q6UDG6.1	C1CKR8.1	33.180	217	138	3	146	359	3	215	1.50e-114	334
Q6UDG6.1	A2RF00.1	32.258	217	140	3	146	359	3	215	1.67e-114	334
Q6UDG6.1	B8ZQ48.1	33.641	217	137	3	146	359	3	215	2.27e-114	334
Q6UDG6.1	B5E4R3.1	33.641	217	137	3	146	359	3	215	2.45e-114	334
Q6UDG6.1	Q8P1B6.1	31.797	217	141	3	146	359	3	215	4.18e-114	333
Q6UDG6.1	P0DG74.1	32.258	217	140	3	146	359	3	215	4.61e-114	333
Q6UDG6.1	Q5XCK3.1	31.336	217	142	3	146	359	3	215	4.42e-113	331
Q6UDG6.1	O74834.1	32.653	245	152	6	122	360	65	302	4.90e-112	332
Q6UDG6.1	P10186.1	36.306	314	181	6	58	361	30	334	4.76e-111	330
Q6UDG6.1	B2UDL1.1	36.245	229	132	5	145	362	35	260	7.56e-110	324
Q6UDG6.1	P28275.1	40.664	241	141	2	122	361	16	255	1.80e-109	323
Q6UDG6.1	Q7P1I1.1	40.000	220	126	4	144	359	10	227	3.68e-109	321
Q6UDG6.1	B1MXY4.1	31.797	217	141	3	146	359	5	217	5.08e-109	320
Q6UDG6.1	P12887.1	29.520	271	167	5	109	361	72	336	7.82e-109	325
Q6UDG6.1	Q8XVE4.1	34.601	263	157	6	112	362	4	263	1.56e-108	321
Q6UDG6.1	P13158.1	39.231	260	138	5	103	357	47	291	6.42e-107	318
Q6UDG6.1	P52506.1	44.348	230	126	2	133	361	86	314	1.24e-106	318
Q6UDG6.1	P52447.1	32.677	254	163	5	114	361	1	252	1.92e-106	315
Q6UDG6.1	P52507.1	44.348	230	126	2	133	361	87	315	4.07e-106	317
Q6UDG6.1	P50639.1	34.252	254	157	6	114	361	1	250	1.12e-105	313
Q6UDG6.1	F5HI85.1	37.302	252	150	6	114	361	1	248	2.66e-105	312
Q6UDG6.1	P12888.1	39.914	233	125	6	141	361	26	255	3.60e-105	312
Q6UDG6.1	P53765.2	36.179	246	144	5	127	361	11	254	3.72e-105	312
Q6UDG6.1	P52345.1	33.071	254	162	5	114	361	1	252	7.72e-105	311
Q6UDG6.1	Q03W63.1	33.028	218	138	4	146	359	5	218	2.70e-104	308
Q6UDG6.1	Q9E6R2.1	38.686	274	149	5	106	361	39	311	4.74e-104	311
Q6UDG6.1	Q8FPQ4.1	32.500	240	153	7	126	361	4	238	6.38e-104	308
Q6UDG6.1	A1UEC0.1	36.161	224	133	7	144	362	9	227	1.69e-103	307
Q6UDG6.1	O36395.1	34.630	257	147	8	118	361	3	251	3.20e-103	307
Q6UDG6.1	Q032L5.1	35.780	218	131	5	148	360	5	218	1.21e-102	304
Q6UDG6.1	A2RHW2.1	35.780	218	131	5	148	360	5	218	1.76e-102	304
Q6UDG6.1	Q9CIX2.1	36.697	218	129	5	148	360	5	218	4.53e-102	302
Q6UDG6.1	A4TE31.1	36.771	223	131	7	144	362	9	225	1.02e-101	302
Q6UDG6.1	A1T717.1	36.771	223	131	7	144	362	9	225	1.14e-101	302
Q6UDG6.1	A0PQ07.1	34.375	224	137	7	144	362	9	227	6.50e-101	300
Q6UDG6.1	B8ZS02.1	36.161	224	133	7	144	362	9	227	7.33e-101	300
Q6UDG6.1	B2HIJ2.1	34.821	224	136	7	144	362	9	227	1.06e-100	299
Q6UDG6.1	Q98PV4.1	33.636	220	139	5	146	361	4	220	1.09e-100	299
Q6UDG6.1	A0QV01.1	34.375	224	137	7	144	362	9	227	2.13e-100	299
Q6UDG6.1	Q73VJ7.1	37.946	224	129	7	144	362	9	227	2.86e-100	298
Q6UDG6.1	A0QJA9.1	37.946	224	129	7	144	362	9	227	2.86e-100	298
Q6UDG6.1	Q01019.1	34.483	232	139	5	141	361	22	251	3.20e-100	299
Q6UDG6.1	Q315T1.1	38.117	223	128	5	146	359	12	233	1.19e-99	297
Q6UDG6.1	Q47Q90.1	36.036	222	132	7	145	362	13	228	1.62e-99	296
Q6UDG6.1	B1MDP0.1	36.771	223	132	6	144	362	9	226	9.77e-99	294
Q6UDG6.1	P53764.1	45.813	203	108	2	160	361	2	203	2.33e-98	292
Q6UDG6.1	B5ZC55.1	31.308	214	140	4	149	359	3	212	2.55e-98	293
Q6UDG6.1	Q5YRZ2.1	36.771	223	131	7	145	362	10	227	3.07e-98	293
Q6UDG6.1	Q21SE9.1	32.218	239	139	7	141	359	15	250	1.02e-97	293
Q6UDG6.1	Q7VUM8.1	35.909	220	127	5	149	360	23	236	1.46e-97	292
Q6UDG6.1	Q7W1Y7.1	35.909	220	127	5	149	360	23	236	2.18e-97	292
Q6UDG6.1	Q7WQW5.1	35.909	220	127	5	149	360	23	236	2.25e-97	292
Q6UDG6.1	A1SNW4.1	34.649	228	139	7	139	362	7	228	2.42e-97	291
Q6UDG6.1	F5HFA1.1	35.081	248	148	6	125	361	7	252	2.56e-96	289
Q6UDG6.1	B1AJI8.1	31.776	214	139	4	149	359	3	212	1.17e-95	286
Q6UDG6.1	Q8NQU9.1	30.153	262	148	7	127	361	1	254	1.49e-95	287
Q6UDG6.1	A9IGW1.1	35.965	228	135	5	140	359	14	238	3.10e-95	287
Q6UDG6.1	Q9ZJN9.1	29.060	234	154	5	138	361	2	233	3.34e-95	285
Q6UDG6.1	Q1CRR1.1	28.632	234	155	5	138	361	2	233	4.94e-95	285
Q6UDG6.1	B5Z8Z4.1	29.060	234	154	5	138	361	2	233	1.09e-94	284
Q6UDG6.1	Q9EX12.1	35.135	222	134	7	145	362	10	225	2.32e-94	283
Q6UDG6.1	B2UVB0.1	28.205	234	156	5	138	361	2	233	9.35e-94	282
Q6UDG6.1	P56397.1	28.205	234	156	5	138	361	2	233	1.10e-93	282
Q6UDG6.1	Q82MX6.1	34.978	223	135	7	144	362	9	225	1.40e-93	281
Q6UDG6.1	Q17Z05.1	28.632	234	155	5	138	361	2	233	1.45e-93	282
Q6UDG6.1	Q2L0Y2.1	35.426	223	132	6	145	359	19	237	5.15e-93	281
Q6UDG6.1	B6JNI4.1	28.205	234	156	5	138	361	2	233	1.25e-92	279
Q6UDG6.1	A1KMX0.1	36.161	224	133	7	144	362	9	227	1.83e-92	279
Q6UDG6.1	A8LD98.1	34.685	222	135	7	145	362	10	225	1.13e-91	276
Q6UDG6.1	P67078.1	31.739	230	147	7	137	361	5	229	1.62e-91	276
Q6UDG6.1	Q8G3E9.1	31.925	213	131	7	159	361	5	213	4.26e-90	272
Q6UDG6.1	Q4A8N4.1	30.876	217	144	4	148	361	6	219	4.16e-87	265
Q6UDG6.1	Q1GHJ4.1	32.420	219	134	7	148	362	16	224	8.47e-86	262
Q6UDG6.1	Q5UPT2.1	22.441	254	169	8	134	361	119	370	4.29e-76	242
Q6UDG6.1	P75536.1	26.609	233	158	7	137	359	2	231	1.07e-75	236
Q6UDG6.1	P47343.1	28.319	226	151	6	144	361	13	235	3.10e-74	233
Q6UDG6.1	P21968.2	22.936	218	143	11	146	359	16	212	2.54e-49	168
Q6UDG6.1	Q91UM2.1	21.005	219	146	13	146	359	16	212	3.08e-45	157
Q6UDG6.1	P04303.2	20.889	225	139	15	146	359	16	212	6.99e-45	156
Q6UDG6.1	P20536.1	21.005	219	146	13	146	359	16	212	8.29e-45	156
Q6UDG6.1	P0DSP8.1	21.005	219	146	13	146	359	16	212	1.75e-44	155
Q6UDG6.1	M1LL92.1	20.548	219	147	13	146	359	16	212	3.46e-44	154
Q6UDG6.1	P0DSP7.1	21.005	219	146	13	146	359	16	212	4.22e-43	151
Q6UDG6.1	P32941.1	17.512	217	156	12	146	359	16	212	2.37e-26	107
Q6UDG6.1	A3DH97.1	23.810	126	85	4	20	136	250	373	1.20e-04	47.5
Q6UDG6.1	Q9QX47.2	25.000	88	64	1	22	107	366	453	6.12e-04	45.6
Q6UDG6.1	A0LV27.1	27.000	100	56	2	27	116	103	195	0.014	41.0
Q6UDG6.1	Q92954.3	24.545	110	76	3	29	135	671	776	0.053	39.4
Q6UDG6.1	Q06852.2	32.857	70	44	2	41	107	1365	1434	0.060	39.0
Q6UDG6.1	Q9JKS6.1	26.316	95	63	2	48	135	357	451	0.065	39.0
Q6UDG6.1	Q9JM99.2	22.727	110	78	2	32	134	463	572	0.100	38.3
Q6UDG6.1	Q6UDG6.1	100.000	362	0	0	1	362	1	362	1.41e-161	459
Q6UDG6.1	B7GMM1.1	34.545	220	139	3	145	361	5	222	1.33e-142	406
Q6UDG6.1	Q836Z5.1	35.294	221	138	3	145	362	5	223	8.26e-141	401
Q6UDG6.1	C1DQR0.1	39.301	229	133	4	138	362	3	229	1.32e-140	401
Q6UDG6.1	A7GVE5.1	34.842	221	139	3	145	362	5	223	3.10e-140	399
Q6UDG6.1	P97931.3	30.063	316	192	6	51	360	12	304	3.82e-140	403
Q6UDG6.1	A8MM35.1	32.432	222	145	3	143	361	3	222	6.73e-140	399
Q6UDG6.1	C5D9T3.1	34.545	220	139	3	145	361	4	221	1.37e-139	398
Q6UDG6.1	B0UWA7.1	39.545	220	128	4	147	362	2	220	1.54e-139	398
Q6UDG6.1	P39615.1	36.652	221	135	3	144	361	4	222	3.63e-139	397
Q6UDG6.1	P13051.2	31.788	302	197	6	65	360	13	311	3.69e-139	400
Q6UDG6.1	Q7MNR0.2	38.356	219	130	4	148	362	6	223	4.74e-139	397
Q6UDG6.1	B4RLL6.1	39.726	219	127	4	147	361	2	219	6.51e-139	396
Q6UDG6.1	B8FSV8.1	32.420	219	144	2	145	361	4	220	6.88e-139	396
Q6UDG6.1	Q1I5T6.1	33.921	227	144	4	140	362	4	228	8.84e-139	396
Q6UDG6.1	B2TQZ9.1	34.545	220	139	3	145	361	5	222	9.30e-139	396
Q6UDG6.1	P43731.1	38.991	218	128	4	148	361	3	219	1.99e-138	395
Q6UDG6.1	Q5L9D9.1	36.199	221	136	3	142	359	2	220	2.04e-138	395
Q6UDG6.1	Q5KUD0.1	34.545	220	139	3	145	361	4	221	2.81e-138	395
Q6UDG6.1	A6L7T5.1	36.199	221	136	3	142	359	2	220	3.93e-138	394
Q6UDG6.1	A9LZA2.1	39.726	219	127	4	147	361	2	219	6.07e-138	394
Q6UDG6.1	Q88N05.1	36.123	227	139	4	140	362	4	228	6.84e-138	394
Q6UDG6.1	B0KV50.1	35.242	227	141	4	140	362	4	228	7.38e-138	394
Q6UDG6.1	A7ZA24.1	37.387	222	134	3	144	362	4	223	1.12e-137	393
Q6UDG6.1	B1J4J3.1	34.802	227	142	4	140	362	4	228	1.47e-137	393
Q6UDG6.1	Q4KGS0.1	34.361	227	143	4	140	362	4	228	1.52e-137	393
Q6UDG6.1	A6M317.1	33.182	220	142	3	145	361	5	222	1.58e-137	393
Q6UDG6.1	A1KU26.1	39.726	219	127	4	147	361	2	219	2.14e-137	392
Q6UDG6.1	A8FIM7.1	35.909	220	136	3	145	361	5	222	2.30e-137	393
Q6UDG6.1	A4ITQ2.1	34.545	220	139	3	145	361	4	221	2.71e-137	392
Q6UDG6.1	A5W8H2.1	35.683	227	140	4	140	362	4	228	2.93e-137	392
Q6UDG6.1	A8GI39.1	38.009	221	130	5	148	362	6	225	3.03e-137	392
Q6UDG6.1	Q9K682.1	33.937	221	141	3	145	362	4	222	3.14e-137	392
Q6UDG6.1	C6DC11.1	38.009	221	130	5	148	362	6	225	3.87e-137	392
Q6UDG6.1	Q87SC4.1	35.455	220	137	4	147	362	5	223	3.98e-137	392
Q6UDG6.1	C0Z887.1	36.199	221	136	3	145	362	5	223	4.33e-137	392
Q6UDG6.1	A6VAM7.1	34.498	229	144	4	138	362	3	229	4.86e-137	392
Q6UDG6.1	Q92CI1.1	34.529	223	141	3	143	362	2	222	4.98e-137	391
Q6UDG6.1	Q02HQ1.1	34.498	229	144	4	138	362	3	229	6.90e-137	391
Q6UDG6.1	Q0T1S6.1	38.073	218	130	4	146	359	4	220	7.32e-137	391
Q6UDG6.1	A7MS85.1	34.545	220	139	4	147	362	5	223	9.86e-137	391
Q6UDG6.1	Q630K2.1	34.389	221	140	3	145	362	5	223	1.21e-136	391
Q6UDG6.1	Q9JUC4.1	39.269	219	128	4	147	361	2	219	1.24e-136	390
Q6UDG6.1	B7HYF9.1	34.389	221	140	3	145	362	5	223	1.26e-136	391
Q6UDG6.1	Q3KGL4.1	34.802	227	142	4	140	362	4	228	1.27e-136	391
Q6UDG6.1	Q720K2.1	34.978	223	140	3	143	362	2	222	1.30e-136	390
Q6UDG6.1	A1JKI8.1	36.652	221	133	5	148	362	6	225	1.33e-136	391
Q6UDG6.1	Q8A5V6.1	35.747	221	137	3	142	359	2	220	1.87e-136	390
Q6UDG6.1	A6TCJ2.1	37.156	218	132	4	146	359	4	220	2.00e-136	390
Q6UDG6.1	A8A392.1	38.073	218	130	4	146	359	4	220	2.14e-136	390
Q6UDG6.1	Q0TUH0.1	32.579	221	144	3	145	362	5	223	2.16e-136	390
Q6UDG6.1	C4LC44.1	35.616	219	136	4	147	361	2	219	2.22e-136	390
Q6UDG6.1	B5Z154.1	38.073	218	130	4	146	359	4	220	2.33e-136	390
Q6UDG6.1	A5F5R5.1	35.023	217	136	4	148	360	6	221	2.55e-136	390
Q6UDG6.1	Q72X51.1	34.389	221	140	3	145	362	5	223	4.35e-136	389
Q6UDG6.1	Q8XNR7.1	32.127	221	145	3	145	362	5	223	4.60e-136	389
Q6UDG6.1	B7MYL3.1	38.532	218	129	4	146	359	4	220	5.02e-136	389
Q6UDG6.1	A1AEB0.1	38.073	218	130	4	146	359	4	220	5.42e-136	389
Q6UDG6.1	Q8FF08.3	38.073	218	130	4	146	359	4	220	5.71e-136	389
Q6UDG6.1	Q65VN0.1	36.986	219	133	4	147	361	2	219	6.51e-136	389
Q6UDG6.1	A3MZ80.1	36.073	219	135	4	147	361	2	219	7.60e-136	388
Q6UDG6.1	Q2NS03.1	38.462	221	129	5	148	362	6	225	7.73e-136	389
Q6UDG6.1	Q182G9.1	33.333	222	143	3	143	361	2	221	8.46e-136	388
Q6UDG6.1	B7NRN6.1	38.073	218	130	4	146	359	4	220	8.67e-136	389
Q6UDG6.1	B7LUY5.1	38.532	218	129	4	146	359	4	220	1.15e-135	388
Q6UDG6.1	Q0SWB8.1	32.579	221	144	3	145	362	5	223	1.40e-135	388
Q6UDG6.1	Q4ZPC2.1	35.683	227	140	4	140	362	4	228	1.91e-135	388
Q6UDG6.1	B8F6C3.1	37.273	220	132	4	147	362	2	219	1.94e-135	387
Q6UDG6.1	Q5WAZ9.1	33.937	221	141	3	145	362	4	222	2.03e-135	388
Q6UDG6.1	Q8Y7P6.1	34.529	223	141	3	143	362	2	222	2.34e-135	387
Q6UDG6.1	Q65DN9.1	36.652	221	135	3	145	362	5	223	2.51e-135	387
Q6UDG6.1	B4F058.1	35.000	220	138	4	146	361	4	222	2.51e-135	387
Q6UDG6.1	B5XNF8.1	36.574	216	132	4	148	359	6	220	2.68e-135	387
Q6UDG6.1	C3KDS6.1	34.802	227	142	4	140	362	4	228	3.85e-135	387
Q6UDG6.1	Q7N1U8.1	38.117	223	131	5	146	362	4	225	4.44e-135	387
Q6UDG6.1	A5UBC0.1	38.073	218	130	4	148	361	3	219	4.96e-135	386
Q6UDG6.1	Q4QPM6.1	38.073	218	130	4	148	361	3	219	5.24e-135	386
Q6UDG6.1	Q87XE2.1	35.242	227	141	4	140	362	4	228	6.23e-135	386
Q6UDG6.1	Q6D208.1	38.462	221	129	5	148	362	6	225	8.23e-135	386
Q6UDG6.1	A8AD07.1	38.889	216	127	4	148	359	6	220	9.84e-135	386
Q6UDG6.1	Q48ET5.1	34.802	227	142	4	140	362	4	228	1.23e-134	386
Q6UDG6.1	Q03GV8.1	33.937	221	141	3	145	362	5	223	1.25e-134	386
Q6UDG6.1	B3ERG6.1	37.104	221	134	3	142	359	2	220	2.40e-134	384
Q6UDG6.1	A5VIJ2.1	34.234	222	141	3	144	362	4	223	2.66e-134	385
Q6UDG6.1	B7HG60.1	33.484	221	142	3	145	362	5	223	4.26e-134	384
Q6UDG6.1	A7GVX1.1	38.326	227	136	3	137	361	2	226	4.38e-134	384
Q6UDG6.1	Q8UCM8.1	36.607	224	136	4	143	362	10	231	4.40e-134	385
Q6UDG6.1	A9VSJ0.1	32.579	221	144	3	145	362	5	223	4.91e-134	384
Q6UDG6.1	B5F228.1	38.117	223	131	5	146	362	4	225	6.31e-134	384
Q6UDG6.1	A9N0W3.1	38.117	223	131	5	146	362	4	225	1.24e-133	383
Q6UDG6.1	Q92LU5.1	37.281	228	137	4	139	362	1	226	1.48e-133	383
Q6UDG6.1	A4WDE9.1	38.426	216	128	4	148	359	6	220	1.91e-133	383
Q6UDG6.1	A0RLI1.1	33.484	221	142	3	145	362	5	223	2.10e-133	382
Q6UDG6.1	C3LFS7.1	33.484	221	142	3	145	362	5	223	2.48e-133	382
Q6UDG6.1	Q6HAN7.1	33.484	221	142	3	145	362	5	223	3.19e-133	382
Q6UDG6.1	A6TVW5.1	33.636	220	141	3	145	361	4	221	3.38e-133	382
Q6UDG6.1	A9MGV9.1	38.117	223	131	5	146	362	4	225	4.83e-133	381
Q6UDG6.1	B7JHM3.1	33.484	221	142	3	145	362	5	223	6.34e-133	381
Q6UDG6.1	Q7VMC0.1	38.182	220	131	4	147	362	2	220	1.18e-132	380
Q6UDG6.1	A0KMZ1.1	35.023	217	136	4	147	359	2	217	1.20e-132	380
Q6UDG6.1	B6EKY3.1	35.909	220	136	4	145	360	1	219	1.39e-132	380
Q6UDG6.1	Q88YG1.1	33.929	224	143	3	142	362	2	223	1.94e-132	380
Q6UDG6.1	B2VEC7.1	38.914	221	128	5	148	362	6	225	2.70e-132	379
Q6UDG6.1	B7IRS8.1	33.032	221	143	3	145	362	5	223	2.97e-132	379
Q6UDG6.1	P57807.1	36.697	218	133	4	148	361	3	219	3.07e-132	379
Q6UDG6.1	C4Z8Z2.1	35.294	221	137	4	145	361	4	222	3.27e-132	379
Q6UDG6.1	A6VLV4.1	38.073	218	130	4	148	361	3	219	6.12e-132	378
Q6UDG6.1	B6J738.1	38.356	219	129	4	147	361	8	224	6.96e-132	379
Q6UDG6.1	Q5E2Y8.1	35.648	216	134	4	148	359	4	218	9.02e-132	378
Q6UDG6.1	B5FAJ7.1	35.648	216	134	4	148	359	4	218	9.02e-132	378
Q6UDG6.1	A0Q7Y8.1	37.156	218	132	4	148	361	2	218	9.63e-132	378
Q6UDG6.1	A6UDC0.1	37.719	228	136	4	139	362	1	226	1.53e-131	378
Q6UDG6.1	A4SK71.1	34.722	216	136	4	148	359	3	217	1.53e-131	378
Q6UDG6.1	Q83CW4.1	37.900	219	130	4	147	361	8	224	1.82e-131	378
Q6UDG6.1	A0RM89.1	38.053	226	136	3	138	361	3	226	2.00e-131	378
Q6UDG6.1	B0VD25.1	33.898	236	149	5	131	361	2	235	2.79e-131	378
Q6UDG6.1	A3M500.2	33.898	236	149	5	131	361	2	235	3.51e-131	377
Q6UDG6.1	A4IWI7.1	37.615	218	131	4	148	361	2	218	4.60e-131	376
Q6UDG6.1	A7ZAZ4.1	40.529	227	131	3	137	361	2	226	6.08e-131	376
Q6UDG6.1	A9KCD5.2	38.356	219	129	4	147	361	8	224	6.34e-131	376
Q6UDG6.1	Q9RWH9.1	37.838	222	135	3	143	362	21	241	7.50e-131	377
Q6UDG6.1	B0VMZ7.1	33.475	236	150	5	131	361	2	235	8.89e-131	376
Q6UDG6.1	Q8EPH6.1	34.234	222	141	3	144	362	4	223	1.95e-130	375
Q6UDG6.1	C1CXS7.1	38.288	222	134	3	143	362	23	243	3.87e-130	375
Q6UDG6.1	A7I0A8.1	37.004	227	138	4	138	361	3	227	4.13e-130	374
Q6UDG6.1	B6J089.1	37.900	219	130	4	147	361	8	224	4.54e-130	374
Q6UDG6.1	B0TXF5.1	39.450	218	127	4	148	361	2	218	7.12e-130	373
Q6UDG6.1	P28866.1	36.928	306	178	5	60	361	17	311	1.62e-129	376
Q6UDG6.1	Q6F9Y2.1	34.746	236	147	5	131	361	2	235	1.66e-129	373
Q6UDG6.1	Q3IG47.1	34.091	220	139	5	147	361	2	220	1.76e-129	372
Q6UDG6.1	Q3BNI2.1	36.444	225	137	4	142	362	7	229	2.44e-129	373
Q6UDG6.1	A7NAN4.1	37.156	218	132	4	148	361	2	218	2.60e-129	372
Q6UDG6.1	Q38VY5.1	33.032	221	142	4	145	362	5	222	3.21e-129	372
Q6UDG6.1	B1YFL0.1	35.000	220	138	3	145	361	1	218	5.46e-129	371
Q6UDG6.1	B2GAM7.1	35.135	222	139	3	144	362	4	223	6.26e-129	371
Q6UDG6.1	A9KP29.1	31.674	221	145	4	145	361	4	222	9.58e-129	371
Q6UDG6.1	A5FFT1.1	36.036	222	136	4	142	359	2	221	1.03e-128	370
Q6UDG6.1	Q30Q92.1	34.978	223	140	3	142	361	3	223	1.11e-128	370
Q6UDG6.1	Q8PFZ6.1	36.000	225	138	4	142	362	7	229	1.43e-128	371
Q6UDG6.1	Q4L3Q7.1	31.944	216	141	3	148	360	2	214	3.50e-128	369
Q6UDG6.1	B0B8I2.1	35.426	223	136	3	144	361	9	228	5.45e-128	369
Q6UDG6.1	Q5HX80.1	35.065	231	145	4	134	361	2	230	8.21e-128	368
Q6UDG6.1	Q9PJ40.1	35.065	231	145	4	134	361	2	230	8.67e-128	368
Q6UDG6.1	B6YR15.1	33.937	221	141	3	142	359	2	220	9.50e-128	368
Q6UDG6.1	O84613.1	34.529	223	138	3	144	361	9	228	9.73e-128	368
Q6UDG6.1	B0RWT2.1	35.111	225	140	4	142	362	7	229	1.19e-127	368
Q6UDG6.1	A5EVB8.1	38.428	229	137	4	136	361	2	229	1.40e-127	368
Q6UDG6.1	A5IQD5.1	32.407	216	140	3	148	360	2	214	1.43e-127	367
Q6UDG6.1	Q2YS83.1	32.407	216	140	3	148	360	2	214	1.56e-127	367
Q6UDG6.1	A1VXG9.1	35.065	231	145	4	134	361	2	230	1.76e-127	367
Q6UDG6.1	Q9LIH6.1	29.236	301	201	5	68	361	35	330	1.93e-127	371
Q6UDG6.1	Q5R080.1	38.785	214	127	3	149	359	3	215	2.07e-127	367
Q6UDG6.1	Q6GBQ6.1	32.407	216	140	3	148	360	2	214	3.08e-127	366
Q6UDG6.1	B2SJF5.1	34.934	229	143	4	138	362	3	229	3.85e-127	367
Q6UDG6.1	A7H1G3.1	35.652	230	143	4	135	361	3	230	5.26e-127	366
Q6UDG6.1	Q9K3Z0.1	33.186	226	147	3	139	362	1	224	6.55e-127	366
Q6UDG6.1	Q9PA28.2	34.855	241	148	5	126	362	2	237	7.31e-127	367
Q6UDG6.1	A8FJP1.1	35.498	231	144	4	134	361	2	230	1.12e-126	366
Q6UDG6.1	B1I012.1	34.685	222	138	3	145	361	5	224	1.20e-126	365
Q6UDG6.1	A0M1V1.1	35.135	222	138	4	142	359	2	221	1.22e-126	365
Q6UDG6.1	Q9PJD2.1	34.529	223	138	3	144	361	9	228	1.26e-126	365
Q6UDG6.1	B9DKT3.1	31.944	216	141	4	148	360	2	214	1.95e-126	364
Q6UDG6.1	B2IAB2.1	34.440	241	149	5	126	362	2	237	2.02e-126	366
Q6UDG6.1	B1JRB1.1	36.652	221	133	5	148	362	6	225	2.21e-126	365
Q6UDG6.1	A4TKZ2.1	36.652	221	133	5	148	362	6	225	2.78e-126	364
Q6UDG6.1	B0U620.1	34.440	241	149	5	126	362	2	237	3.37e-126	365
Q6UDG6.1	Q74K70.1	32.432	222	144	4	144	362	4	222	3.53e-126	364
Q6UDG6.1	Q64QI5.1	36.199	221	136	3	142	359	2	220	3.78e-126	364
Q6UDG6.1	Q03SK6.1	31.839	223	145	4	145	362	5	225	5.16e-126	364
Q6UDG6.1	A7FFS4.1	36.652	221	133	5	148	362	6	225	5.72e-126	364
Q6UDG6.1	Q821F7.1	36.161	224	135	3	144	362	9	229	6.13e-126	364
Q6UDG6.1	Q827B3.1	34.071	226	145	3	139	362	1	224	6.65e-126	363
Q6UDG6.1	Q92EQ0.1	35.484	217	135	3	148	361	4	218	9.09e-126	363
Q6UDG6.1	Q723S4.1	35.945	217	134	3	148	361	4	218	1.08e-125	362
Q6UDG6.1	Q5LA67.1	36.199	221	136	3	142	359	2	220	1.12e-125	362
Q6UDG6.1	Q5L4Q4.1	35.714	224	136	3	144	362	9	229	1.18e-125	363
Q6UDG6.1	Q8Y9X7.1	35.484	217	135	3	148	361	4	218	1.30e-125	362
Q6UDG6.1	B2RHL6.1	35.586	222	139	3	141	359	2	222	1.86e-125	362
Q6UDG6.1	Q1IWN1.1	36.036	222	138	3	143	362	20	239	3.28e-125	362
Q6UDG6.1	Q7MXF6.1	35.586	222	139	3	141	359	2	222	3.46e-125	361
Q6UDG6.1	Q49VD1.1	32.870	216	139	3	148	360	2	214	6.38e-125	361
Q6UDG6.1	Q8R634.1	37.104	221	134	3	144	361	3	221	1.14e-124	360
Q6UDG6.1	Q5FL46.1	33.333	222	142	4	144	362	5	223	1.18e-124	361
Q6UDG6.1	Q256I7.1	35.714	224	136	3	144	362	9	229	1.24e-124	360
Q6UDG6.1	B3WCZ5.1	34.234	222	140	4	144	362	4	222	1.30e-124	360
Q6UDG6.1	Q04BG7.1	33.937	221	140	4	145	362	5	222	2.51e-124	359
Q6UDG6.1	B8D787.1	33.180	217	141	3	148	361	4	219	2.54e-124	359
Q6UDG6.1	B9KEK7.1	35.526	228	142	4	137	361	2	227	4.49e-124	359
Q6UDG6.1	Q1GB22.1	33.937	221	140	4	145	362	5	222	2.38e-123	357
Q6UDG6.1	A8YUE7.1	32.127	221	144	4	144	361	5	222	2.97e-123	357
Q6UDG6.1	Q8CQ65.1	31.163	215	142	3	149	360	3	214	3.71e-123	356
Q6UDG6.1	B5RKV2.1	33.482	224	142	4	142	360	2	223	4.39e-123	356
Q6UDG6.1	Q7MA00.1	36.726	226	138	4	140	362	6	229	4.57e-123	356
Q6UDG6.1	Q5HRG5.1	31.163	215	142	3	149	360	3	214	7.06e-123	355
Q6UDG6.1	Q9Z7D3.1	33.061	245	149	5	124	362	1	236	1.46e-122	355
Q6UDG6.1	B9E8N2.1	32.093	215	140	3	148	359	2	213	1.51e-122	354
Q6UDG6.1	A1QYK3.1	33.929	224	141	4	142	360	2	223	2.07e-122	354
Q6UDG6.1	Q8EB78.1	30.734	218	146	4	148	361	2	218	2.39e-122	354
Q6UDG6.1	B5RQN2.1	33.482	224	142	4	142	360	2	223	2.98e-122	354
Q6UDG6.1	B2S1N8.1	33.929	224	141	4	142	360	2	223	4.56e-122	354
Q6UDG6.1	P29950.1	36.967	211	127	4	156	362	1	209	2.88e-121	351
Q6UDG6.1	P53766.2	33.478	230	149	3	136	361	115	344	4.34e-121	356
Q6UDG6.1	P0A4P3.1	32.719	217	139	3	146	359	3	215	6.18e-121	351
Q6UDG6.1	Q7VRQ7.1	38.073	218	130	4	148	361	5	221	1.39e-120	350
Q6UDG6.1	A8AXM4.1	32.719	217	139	3	146	359	3	215	2.29e-120	349
Q6UDG6.1	Q03KM6.1	32.719	217	139	3	146	359	3	215	2.32e-120	349
Q6UDG6.1	A3CN85.1	32.258	217	140	3	146	359	3	215	4.52e-120	348
Q6UDG6.1	P59465.1	31.944	216	142	4	148	359	8	222	8.75e-120	348
Q6UDG6.1	Q662W1.1	33.036	224	143	4	142	360	2	223	9.64e-120	347
Q6UDG6.1	B7J0Y9.1	32.589	224	144	4	142	360	2	223	1.07e-119	347
Q6UDG6.1	A8EWN8.1	31.628	215	143	3	148	359	2	215	2.82e-119	346
Q6UDG6.1	Q057V4.1	34.101	217	139	3	148	361	8	223	3.38e-119	346
Q6UDG6.1	Q0SPB2.1	33.184	223	142	4	143	360	3	223	5.53e-119	346
Q6UDG6.1	A4VV30.1	33.641	217	137	3	146	359	3	215	9.74e-119	345
Q6UDG6.1	Q8DTV8.1	32.258	217	140	3	146	359	3	215	2.11e-118	344
Q6UDG6.1	A1SUE5.1	34.722	216	136	4	148	359	2	216	4.73e-118	343
Q6UDG6.1	Q9U221.1	29.104	268	183	7	96	359	15	279	1.55e-117	344
Q6UDG6.1	C0M7J9.1	30.876	217	143	3	146	359	3	215	1.82e-117	342
Q6UDG6.1	B4U3D4.1	30.876	217	143	3	146	359	3	215	2.26e-117	341
Q6UDG6.1	Q7VGS1.1	35.345	232	138	4	138	359	3	232	4.16e-117	341
Q6UDG6.1	B9DSB9.1	32.719	217	139	3	146	359	3	215	8.68e-117	340
Q6UDG6.1	C0ME57.1	31.336	217	142	3	146	359	3	215	1.03e-116	340
Q6UDG6.1	P10186.1	36.013	311	188	5	57	361	29	334	2.92e-116	343
Q6UDG6.1	B1IBW9.1	34.562	217	135	3	146	359	3	215	4.37e-116	338
Q6UDG6.1	Q48U05.1	31.797	217	141	3	146	359	3	215	5.56e-116	338
Q6UDG6.1	Q07YI6.1	35.023	217	136	4	149	361	5	220	1.54e-115	337
Q6UDG6.1	Q1J724.1	32.258	217	140	3	146	359	3	215	1.59e-115	337
Q6UDG6.1	B5XL20.1	32.719	217	139	3	146	359	3	215	2.56e-115	336
Q6UDG6.1	Q1JC76.1	32.258	217	140	3	146	359	3	215	2.83e-115	336
Q6UDG6.1	A2RF00.1	32.258	217	140	3	146	359	3	215	2.99e-115	336
Q6UDG6.1	C1CKR8.1	33.180	217	138	3	146	359	3	215	3.80e-115	336
Q6UDG6.1	B8ZQ48.1	33.641	217	137	3	146	359	3	215	5.94e-115	335
Q6UDG6.1	B5E4R3.1	33.641	217	137	3	146	359	3	215	6.14e-115	335
Q6UDG6.1	Q8P1B6.1	31.797	217	141	3	146	359	3	215	7.48e-115	335
Q6UDG6.1	P0DG74.1	32.258	217	140	3	146	359	3	215	8.25e-115	335
Q6UDG6.1	Q8XVE4.1	34.470	264	158	6	111	362	3	263	1.05e-114	336
Q6UDG6.1	P12887.1	28.344	314	196	7	66	361	34	336	2.70e-114	339
Q6UDG6.1	P09307.1	37.705	305	170	8	75	361	2	304	4.09e-114	336
Q6UDG6.1	Q5XCK3.1	31.336	217	142	3	146	359	3	215	8.45e-114	332
Q6UDG6.1	Q9J3N2.1	37.705	305	170	8	75	361	2	304	1.02e-113	336
Q6UDG6.1	O74834.1	32.000	250	157	6	117	360	60	302	4.94e-113	334
Q6UDG6.1	B2UDL1.1	32.576	264	161	6	110	362	3	260	3.28e-111	327
Q6UDG6.1	Q7P1I1.1	39.819	221	127	4	143	359	9	227	3.94e-110	324
Q6UDG6.1	B1MXY4.1	31.797	217	141	3	146	359	5	217	4.24e-110	323
Q6UDG6.1	P28275.1	39.841	251	148	3	113	361	6	255	4.84e-110	324
Q6UDG6.1	P53765.2	35.294	255	151	6	118	361	3	254	2.16e-109	322
Q6UDG6.1	Q9E6R2.1	38.194	288	155	6	92	361	29	311	3.11e-108	322
Q6UDG6.1	P12888.1	36.863	255	141	7	119	361	9	255	3.29e-107	317
Q6UDG6.1	O36395.1	34.241	257	148	8	118	361	3	251	5.91e-107	316
Q6UDG6.1	P13158.1	36.268	284	162	4	78	357	23	291	4.30e-106	315
Q6UDG6.1	P52447.1	32.677	254	163	5	114	361	1	252	7.45e-106	314
Q6UDG6.1	P52506.1	44.348	230	126	2	133	361	86	314	1.70e-105	315
Q6UDG6.1	P52507.1	44.348	230	126	2	133	361	87	315	5.01e-105	314
Q6UDG6.1	Q03W63.1	33.028	218	138	4	146	359	5	218	9.94e-105	309
Q6UDG6.1	P50639.1	34.252	254	157	6	114	361	1	250	1.38e-104	310
Q6UDG6.1	P52345.1	33.071	254	162	5	114	361	1	252	5.35e-104	309
Q6UDG6.1	Q8FPQ4.1	32.500	240	153	7	126	361	4	238	6.92e-104	308
Q6UDG6.1	A1UEC0.1	36.161	224	133	7	144	362	9	227	7.91e-104	307
Q6UDG6.1	F5HI85.1	37.302	252	150	6	114	361	1	248	9.88e-104	308
Q6UDG6.1	Q01019.1	32.283	254	155	6	119	361	4	251	1.42e-102	305
Q6UDG6.1	Q032L5.1	35.780	218	131	5	148	360	5	218	1.48e-102	304
Q6UDG6.1	A2RHW2.1	35.780	218	131	5	148	360	5	218	2.73e-102	303
Q6UDG6.1	Q9CIX2.1	36.697	218	129	5	148	360	5	218	5.67e-102	302
Q6UDG6.1	A4TE31.1	36.771	223	131	7	144	362	9	225	6.67e-102	302
Q6UDG6.1	A1T717.1	36.771	223	131	7	144	362	9	225	7.86e-102	302
Q6UDG6.1	Q98PV4.1	33.636	220	139	5	146	361	4	220	1.16e-101	302
Q6UDG6.1	B8ZS02.1	36.161	224	133	7	144	362	9	227	1.40e-101	302
Q6UDG6.1	A0PQ07.1	34.375	224	137	7	144	362	9	227	1.89e-101	301
Q6UDG6.1	A0QV01.1	34.375	224	137	7	144	362	9	227	2.73e-101	301
Q6UDG6.1	B2HIJ2.1	34.821	224	136	7	144	362	9	227	3.63e-101	300
Q6UDG6.1	Q73VJ7.1	37.946	224	129	7	144	362	9	227	4.61e-101	300
Q6UDG6.1	A0QJA9.1	37.946	224	129	7	144	362	9	227	4.76e-101	300
Q6UDG6.1	B1MDP0.1	36.771	223	132	6	144	362	9	226	4.49e-100	298
Q6UDG6.1	Q47Q90.1	36.036	222	132	7	145	362	13	228	5.14e-100	298
Q6UDG6.1	Q315T1.1	38.117	223	128	5	146	359	12	233	1.09e-99	297
Q6UDG6.1	Q9ZJN9.1	29.060	234	154	5	138	361	2	233	1.87e-99	297
Q6UDG6.1	B5ZC55.1	31.308	214	140	4	149	359	3	212	3.48e-99	295
Q6UDG6.1	Q1CRR1.1	28.632	234	155	5	138	361	2	233	3.48e-99	296
Q6UDG6.1	B5Z8Z4.1	29.060	234	154	5	138	361	2	233	3.76e-99	296
Q6UDG6.1	Q5YRZ2.1	36.771	223	131	7	145	362	10	227	5.00e-99	295
Q6UDG6.1	F5HFA1.1	35.081	248	148	6	125	361	7	252	5.25e-99	296
Q6UDG6.1	P53764.1	45.588	204	109	2	159	361	1	203	1.03e-98	294
Q6UDG6.1	P56397.1	28.205	234	156	5	138	361	2	233	1.71e-98	294
Q6UDG6.1	A1SNW4.1	34.649	228	139	7	139	362	7	228	3.69e-98	293
Q6UDG6.1	B2UVB0.1	28.205	234	156	5	138	361	2	233	1.07e-97	292
Q6UDG6.1	Q7VUM8.1	35.909	220	127	5	149	360	23	236	1.58e-97	292
Q6UDG6.1	Q17Z05.1	28.632	234	155	5	138	361	2	233	1.58e-97	292
Q6UDG6.1	Q7WQW5.1	35.909	220	127	5	149	360	23	236	2.16e-97	292
Q6UDG6.1	Q7W1Y7.1	35.909	220	127	5	149	360	23	236	2.19e-97	292
Q6UDG6.1	Q8NQU9.1	30.153	262	148	7	127	361	1	254	4.00e-97	291
Q6UDG6.1	Q21SE9.1	32.218	239	139	7	141	359	15	250	6.43e-97	290
Q6UDG6.1	B6JNI4.1	28.205	234	156	5	138	361	2	233	1.37e-96	289
Q6UDG6.1	B1AJI8.1	31.776	214	139	4	149	359	3	212	1.63e-96	288
Q6UDG6.1	A9IGW1.1	35.965	228	135	5	140	359	14	238	6.60e-95	286
Q6UDG6.1	Q9EX12.1	35.135	222	134	7	145	362	10	225	1.88e-94	284
Q6UDG6.1	Q82MX6.1	34.978	223	135	7	144	362	9	225	8.17e-94	282
Q6UDG6.1	P67078.1	31.602	231	148	7	136	361	4	229	5.77e-93	280
Q6UDG6.1	A1KMX0.1	36.161	224	133	7	144	362	9	227	8.79e-93	279
Q6UDG6.1	Q2L0Y2.1	35.426	223	132	6	145	359	19	237	9.32e-93	280
Q6UDG6.1	A8LD98.1	34.685	222	135	7	145	362	10	225	2.39e-92	278
Q6UDG6.1	Q8G3E9.1	31.925	213	131	7	159	361	5	213	4.50e-91	274
Q6UDG6.1	Q4A8N4.1	30.876	217	144	4	148	361	6	219	1.41e-87	266
Q6UDG6.1	Q1GHJ4.1	32.420	219	134	7	148	362	16	224	1.07e-86	264
Q6UDG6.1	Q5UPT2.1	22.441	254	169	8	134	361	119	370	4.80e-76	242
Q6UDG6.1	P75536.1	26.180	233	159	7	137	359	2	231	8.76e-73	229
Q6UDG6.1	P47343.1	28.319	226	151	6	144	361	13	235	1.06e-72	229
Q6UDG6.1	P21968.2	22.936	218	143	11	146	359	16	212	5.65e-53	177
Q6UDG6.1	Q91UM2.1	21.005	219	146	13	146	359	16	212	1.99e-51	173
Q6UDG6.1	P20536.1	21.005	219	146	13	146	359	16	212	5.45e-51	172
Q6UDG6.1	P0DSP8.1	21.005	219	146	13	146	359	16	212	1.00e-50	171
Q6UDG6.1	P04303.2	21.005	219	146	13	146	359	16	212	1.15e-50	171
Q6UDG6.1	M1LL92.1	20.548	219	147	13	146	359	16	212	3.03e-50	170
Q6UDG6.1	P0DSP7.1	20.548	219	147	14	146	359	16	212	9.22e-50	169
Q6UDG6.1	P32941.1	17.512	217	156	12	146	359	16	212	1.19e-41	148
Q6UDG6.1	A3DH97.1	23.810	126	85	4	20	136	250	373	6.13e-24	106
Q6UDG6.1	Q9QX47.2	18.493	146	112	2	22	160	366	511	2.46e-22	102
Q6UDG6.1	P18583.4	17.123	146	114	2	22	160	371	516	1.34e-17	88.0
Q6UDG6.1	P18583.4	18.803	117	93	2	20	134	402	518	1.32e-04	47.9
Q6UDG6.1	P18583.4	17.647	102	75	3	23	122	537	631	0.019	41.0
Q6UDG6.1	P09256.2	20.455	132	100	1	18	144	57	188	4.76e-05	48.7
Q6UDG6.1	Q67NG0.1	17.143	105	83	1	31	131	280	384	7.87e-05	47.9
Q6UDG6.1	Q67NG0.1	17.822	101	63	3	34	114	294	394	0.022	40.2
Q6UDG6.1	Q67NG0.1	18.367	98	78	2	32	128	295	391	0.028	39.8
Q6UDG6.1	O94854.5	22.378	143	97	3	6	134	993	1135	2.71e-04	46.7
Q6UDG6.1	O94854.5	23.729	118	77	5	27	136	1056	1168	3.86e-04	46.4
Q6UDG6.1	O94854.5	22.523	111	78	2	26	136	988	1090	3.97e-04	46.4
Q6UDG6.1	O94854.5	23.729	118	80	3	27	134	1031	1148	4.14e-04	46.0
Q6UDG6.1	O94854.5	23.932	117	79	5	27	135	1082	1196	4.48e-04	46.0
Q6UDG6.1	O94854.5	17.391	138	100	4	25	155	1231	1361	5.06e-04	46.0
Q6UDG6.1	O94854.5	22.628	137	98	2	7	135	1137	1273	0.003	43.7
Q6UDG6.1	G3MWR8.1	17.416	178	113	3	6	149	1127	1304	3.18e-04	46.4
Q6UDG6.1	P16952.2	18.254	126	94	3	20	138	751	874	3.62e-04	46.4
Q6UDG6.1	A0LV27.1	23.913	92	67	2	27	118	109	197	6.78e-04	45.2
Q6UDG6.1	Q01W31.1	21.818	110	86	0	27	136	197	306	8.65e-04	44.8
Q6UDG6.1	Q06852.2	21.488	121	90	3	26	141	1587	1707	0.001	44.8
Q6UDG6.1	Q06852.2	20.000	125	91	3	26	148	1532	1649	0.002	44.0
Q6UDG6.1	Q06852.2	20.000	125	91	3	26	148	1900	2017	0.002	44.0
Q6UDG6.1	Q06852.2	20.325	123	93	3	26	148	1526	1643	0.003	43.3
Q6UDG6.1	Q06852.2	20.325	123	93	3	26	148	1894	2011	0.003	43.3
Q6UDG6.1	Q06852.2	19.658	117	85	2	26	141	1403	1511	0.003	43.3
Q6UDG6.1	Q06852.2	19.658	117	85	2	26	141	1446	1554	0.003	43.3
Q6UDG6.1	Q06852.2	19.658	117	85	2	26	141	1642	1750	0.003	43.3
Q6UDG6.1	Q06852.2	19.658	117	85	2	26	141	1685	1793	0.003	43.3
Q6UDG6.1	Q06852.2	19.658	117	85	2	26	141	1728	1836	0.003	43.3
Q6UDG6.1	Q06852.2	19.658	117	85	2	26	141	1771	1879	0.003	43.3
Q6UDG6.1	Q06852.2	19.658	117	85	2	26	141	1814	1922	0.003	43.3
Q6UDG6.1	Q06852.2	20.968	124	89	4	26	147	1489	1605	0.004	42.9
Q6UDG6.1	Q06852.2	20.968	124	89	4	26	147	1857	1973	0.004	42.9
Q6UDG6.1	Q06852.2	20.325	123	87	3	26	148	1581	1692	0.006	42.5
Q6UDG6.1	Q06852.2	20.968	124	91	3	26	148	1483	1600	0.006	42.5
Q6UDG6.1	Q06852.2	20.968	124	91	3	26	148	1851	1968	0.006	42.5
Q6UDG6.1	Q06852.2	19.380	129	91	4	26	147	1385	1507	0.018	41.0
Q6UDG6.1	Q06852.2	19.380	129	91	4	26	147	1428	1550	0.018	41.0
Q6UDG6.1	Q06852.2	19.380	129	91	4	26	147	1624	1746	0.018	41.0
Q6UDG6.1	Q06852.2	19.380	129	91	4	26	147	1667	1789	0.018	41.0
Q6UDG6.1	Q06852.2	19.380	129	91	4	26	147	1710	1832	0.018	41.0
Q6UDG6.1	Q06852.2	19.380	129	91	4	26	147	1753	1875	0.018	41.0
Q6UDG6.1	Q06852.2	19.380	129	91	4	26	147	1796	1918	0.018	41.0
Q6UDG6.1	Q06852.2	23.232	99	75	1	44	141	1370	1468	0.025	40.6
Q6UDG6.1	Q06852.2	16.393	122	94	3	28	142	1549	1669	0.052	39.4
Q6UDG6.1	P38565.1	11.111	108	93	2	27	134	4	108	0.001	44.0
Q6UDG6.1	Q59TP1.2	13.475	141	112	1	31	161	550	690	0.001	44.4
Q6UDG6.1	A8AUS1.1	18.699	123	91	3	20	135	750	870	0.001	44.4
Q6UDG6.1	P27951.1	20.000	135	99	5	20	148	815	946	0.001	44.4
Q6UDG6.1	P27951.1	14.925	134	107	4	31	160	841	971	0.012	41.3
Q6UDG6.1	Q8WZ42.4	17.647	136	105	3	22	157	10183	10311	0.002	44.4
Q6UDG6.1	Q9NZT2.3	19.259	135	99	3	11	138	501	632	0.003	43.3
Q6UDG6.1	Q9NZT2.3	18.487	119	90	2	24	135	531	649	0.005	42.5
Q6UDG6.1	Q9NZT2.3	22.826	92	64	2	24	108	571	662	0.008	41.7
Q6UDG6.1	Q9NZT2.3	19.231	104	73	2	24	118	551	652	0.024	40.2
Q6UDG6.1	Q9Y6V0.5	18.487	119	89	4	16	130	447	561	0.003	43.7
Q6UDG6.1	Q9Y6V0.5	17.797	118	85	3	30	138	429	543	0.081	38.7
Q6UDG6.1	O42854.1	25.000	84	59	3	35	118	1084	1163	0.003	43.3
Q6UDG6.1	P16053.2	16.832	101	75	2	31	122	623	723	0.004	42.9
Q6UDG6.1	O60346.3	26.437	87	54	3	22	108	378	454	0.004	42.9
Q6UDG6.1	Q9DC04.2	20.301	133	103	2	26	157	501	631	0.004	42.9
Q6UDG6.1	Q9M081.3	22.124	113	72	3	30	126	83	195	0.005	42.5
Q6UDG6.1	P35820.2	24.691	81	59	1	36	116	1202	1280	0.008	42.1
Q6UDG6.1	Q92954.3	26.027	73	49	1	46	118	375	442	0.008	42.1
Q6UDG6.1	Q9JM99.2	18.868	106	84	1	32	135	495	600	0.011	41.3
Q6UDG6.1	Q9JM99.2	18.750	112	84	1	32	136	463	574	0.016	41.0
Q6UDG6.1	Q9JM99.2	18.919	111	89	1	32	142	479	588	0.018	41.0
Q6UDG6.1	Q9JM99.2	18.868	106	84	1	32	135	487	592	0.037	39.8
Q6UDG6.1	Q9JM99.2	18.269	104	84	1	32	135	455	557	0.038	39.8
Q6UDG6.1	Q9JM99.2	21.839	87	67	1	32	118	527	612	0.052	39.4
Q6UDG6.1	A3DC27.1	16.807	119	87	4	28	134	305	423	0.011	41.3
Q6UDG6.1	A3DC27.1	18.321	131	90	2	35	148	377	507	0.023	40.2
Q6UDG6.1	A1L4H1.3	18.803	117	82	2	39	142	1399	1515	0.011	41.3
Q6UDG6.1	Q9HCI5.2	20.175	114	84	3	25	131	338	451	0.013	41.3
Q6UDG6.1	Q8CIE2.2	19.828	116	89	2	16	127	726	841	0.016	41.0
Q6UDG6.1	Q9QYX7.4	23.846	130	86	5	19	135	351	480	0.017	41.0
Q6UDG6.1	Q9QYX7.4	23.894	113	79	2	30	135	338	450	0.025	40.6
Q6UDG6.1	Q9QYX7.4	22.727	110	80	4	30	136	384	491	0.057	39.4
Q6UDG6.1	O14686.2	20.879	91	66	3	31	121	4286	4370	0.018	41.0
Q6UDG6.1	P39653.1	19.259	135	96	4	27	148	859	993	0.018	41.0
Q6UDG6.1	P30754.2	23.148	108	70	2	24	118	208	315	0.020	40.6
Q6UDG6.1	P19246.3	18.321	131	97	4	21	144	675	802	0.020	40.6
Q6UDG6.1	P17599.2	21.905	105	79	3	35	138	485	587	0.021	40.6
Q6UDG6.1	Q62189.3	19.355	124	89	2	44	166	130	243	0.024	39.8
Q6UDG6.1	Q7V5M4.1	21.978	91	71	0	44	134	160	250	0.024	40.2
Q6UDG6.1	Q8CQD9.1	25.564	133	90	5	21	145	1315	1446	0.025	40.6
Q6UDG6.1	Q8CQD9.1	23.932	117	75	6	21	135	1297	1401	0.053	39.4
Q6UDG6.1	Q9H2D6.3	23.358	137	86	2	28	146	1026	1161	0.025	40.6
Q6UDG6.1	Q96PV7.3	16.522	115	88	3	26	134	220	332	0.027	40.2
Q6UDG6.1	A0QLI5.1	21.154	104	67	3	26	120	462	559	0.033	39.8
Q6UDG6.1	A5D7L8.1	19.745	157	114	5	17	163	280	434	0.037	39.8
Q6UDG6.1	P0CM08.1	18.792	149	107	6	12	150	104	248	0.050	39.0
Q6UDG6.1	Q6PDK2.2	21.186	118	71	3	46	148	4341	4451	0.056	39.4
Q6UDG6.1	Q8GX23.1	20.588	68	53	1	51	118	81	147	0.057	39.0
Q6UDG6.1	Q6DE14.1	14.205	176	137	5	16	184	184	352	0.057	38.7
Q6UDG6.1	A2C6Q5.1	20.879	91	72	0	44	134	160	250	0.096	38.7
Q6UDG6.1	Q6UDG6.1	100.000	362	0	0	1	362	1	362	5.24e-143	412
Q6UDG6.1	B7GMM1.1	34.545	220	139	3	145	361	5	222	2.01e-142	405
Q6UDG6.1	A8MM35.1	32.432	222	145	3	143	361	3	222	8.63e-142	404
Q6UDG6.1	Q7MNR0.2	38.009	221	132	4	146	362	4	223	1.16e-141	403
Q6UDG6.1	B4RLL6.1	39.726	219	127	4	147	361	2	219	4.99e-141	401
Q6UDG6.1	B2TQZ9.1	34.545	220	139	3	145	361	5	222	6.25e-141	401
Q6UDG6.1	P39615.1	36.818	220	134	3	145	361	5	222	1.26e-140	401
Q6UDG6.1	P43731.1	38.813	219	129	4	147	361	2	219	1.38e-140	400
Q6UDG6.1	B8FSV8.1	32.420	219	144	2	145	361	4	220	1.76e-140	400
Q6UDG6.1	B0UWA7.1	39.545	220	128	4	147	362	2	220	2.69e-140	400
Q6UDG6.1	A7GVE5.1	34.842	221	139	3	145	362	5	223	4.15e-140	399
Q6UDG6.1	A9LZA2.1	39.726	219	127	4	147	361	2	219	4.45e-140	399
Q6UDG6.1	C1DQR0.1	39.301	229	133	4	138	362	3	229	5.45e-140	399
Q6UDG6.1	A1KU26.1	39.726	219	127	4	147	361	2	219	1.75e-139	398
Q6UDG6.1	Q5L9D9.1	36.199	221	136	3	142	359	2	220	3.03e-139	397
Q6UDG6.1	Q836Z5.1	35.294	221	138	3	145	362	5	223	3.67e-139	397
Q6UDG6.1	C5D9T3.1	34.234	222	141	3	143	361	2	221	7.04e-139	396
Q6UDG6.1	Q9JUC4.1	39.269	219	128	4	147	361	2	219	9.32e-139	396
Q6UDG6.1	A6M317.1	32.735	223	145	3	142	361	2	222	1.55e-138	395
Q6UDG6.1	Q65VN0.1	36.986	219	133	4	147	361	2	219	2.32e-138	395
Q6UDG6.1	A6L7T5.1	36.199	221	136	3	142	359	2	220	2.92e-138	394
Q6UDG6.1	Q87SC4.1	35.294	221	138	4	146	362	4	223	3.10e-138	394
Q6UDG6.1	Q0TUH0.1	32.143	224	147	3	142	362	2	223	3.89e-138	394
Q6UDG6.1	A7ZA24.1	37.557	221	133	3	145	362	5	223	4.37e-138	394
Q6UDG6.1	A5F5R5.1	34.703	219	138	4	146	360	4	221	5.42e-138	394
Q6UDG6.1	Q92CI1.1	34.529	223	141	3	143	362	2	222	7.48e-138	394
Q6UDG6.1	A7MS85.1	34.545	220	139	4	147	362	5	223	9.16e-138	393
Q6UDG6.1	Q720K2.1	34.978	223	140	3	143	362	2	222	1.01e-137	393
Q6UDG6.1	C4LC44.1	35.616	219	136	4	147	361	2	219	1.75e-137	393
Q6UDG6.1	A5UBC0.1	37.900	219	131	4	147	361	2	219	2.04e-137	392
Q6UDG6.1	Q8XNR7.1	31.696	224	148	3	142	362	2	223	2.05e-137	393
Q6UDG6.1	Q8A5V6.1	35.747	221	137	3	142	359	2	220	2.23e-137	392
Q6UDG6.1	B7HYF9.1	34.389	221	140	3	145	362	5	223	2.39e-137	392
Q6UDG6.1	Q630K2.1	34.389	221	140	3	145	362	5	223	2.39e-137	392
Q6UDG6.1	Q4QPM6.1	37.900	219	131	4	147	361	2	219	2.48e-137	392
Q6UDG6.1	Q0T1S6.1	38.073	218	130	4	146	359	4	220	2.64e-137	392
Q6UDG6.1	A8GI39.1	37.500	224	133	5	145	362	3	225	2.66e-137	392
Q6UDG6.1	A8FIM7.1	35.747	221	137	3	144	361	4	222	2.77e-137	392
Q6UDG6.1	Q0SWB8.1	32.143	224	147	3	142	362	2	223	4.77e-137	391
Q6UDG6.1	Q182G9.1	33.333	222	143	3	143	361	2	221	6.32e-137	391
Q6UDG6.1	A8A392.1	38.073	218	130	4	146	359	4	220	7.98e-137	391
Q6UDG6.1	Q72X51.1	34.389	221	140	3	145	362	5	223	8.80e-137	391
Q6UDG6.1	C6DC11.1	37.500	224	133	5	145	362	3	225	9.47e-137	391
Q6UDG6.1	Q5KUD0.1	34.545	220	139	3	145	361	4	221	1.00e-136	391
Q6UDG6.1	A3MZ80.1	36.073	219	135	4	147	361	2	219	1.07e-136	391
Q6UDG6.1	B5Z154.1	38.073	218	130	4	146	359	4	220	1.29e-136	391
Q6UDG6.1	B8F6C3.1	37.273	220	132	4	147	362	2	219	1.30e-136	390
Q6UDG6.1	A1JKI8.1	36.323	223	135	5	146	362	4	225	1.64e-136	390
Q6UDG6.1	B7MYL3.1	38.532	218	129	4	146	359	4	220	1.98e-136	390
Q6UDG6.1	A1AEB0.1	38.073	218	130	4	146	359	4	220	2.52e-136	390
Q6UDG6.1	Q8FF08.3	38.073	218	130	4	146	359	4	220	2.99e-136	389
Q6UDG6.1	A6TCJ2.1	36.986	219	133	4	145	359	3	220	3.13e-136	389
Q6UDG6.1	Q1I5T6.1	33.624	229	146	4	138	362	2	228	3.46e-136	389
Q6UDG6.1	B7NRN6.1	38.073	218	130	4	146	359	4	220	3.73e-136	389
Q6UDG6.1	C0Z887.1	36.199	221	136	3	145	362	5	223	4.03e-136	389
Q6UDG6.1	B7LUY5.1	38.532	218	129	4	146	359	4	220	4.07e-136	389
Q6UDG6.1	Q8Y7P6.1	34.529	223	141	3	143	362	2	222	5.95e-136	389
Q6UDG6.1	P97931.3	30.063	316	192	6	51	360	12	304	6.89e-136	392
Q6UDG6.1	Q03GV8.1	33.937	221	141	3	145	362	5	223	7.05e-136	389
Q6UDG6.1	B0KV50.1	34.934	229	143	4	138	362	2	228	7.21e-136	389
Q6UDG6.1	A4ITQ2.1	34.545	220	139	3	145	361	4	221	7.68e-136	389
Q6UDG6.1	Q9LIH6.1	29.236	301	201	5	68	361	35	330	7.82e-136	393
Q6UDG6.1	Q65DN9.1	36.652	221	135	3	145	362	5	223	8.47e-136	388
Q6UDG6.1	Q88N05.1	35.808	229	141	4	138	362	2	228	9.48e-136	388
Q6UDG6.1	B5XNF8.1	36.073	219	135	4	145	359	3	220	1.86e-135	388
Q6UDG6.1	Q8UCM8.1	36.607	224	136	4	143	362	10	231	2.37e-135	388
Q6UDG6.1	Q6D208.1	37.946	224	132	5	145	362	3	225	2.52e-135	387
Q6UDG6.1	Q9K682.1	33.937	221	141	3	145	362	4	222	3.14e-135	387
Q6UDG6.1	B4F058.1	34.842	221	139	4	145	361	3	222	3.76e-135	387
Q6UDG6.1	Q5WAZ9.1	33.937	221	141	3	145	362	4	222	3.99e-135	387
Q6UDG6.1	B1J4J3.1	34.498	229	144	4	138	362	2	228	4.10e-135	387
Q6UDG6.1	A5W8H2.1	35.371	229	142	4	138	362	2	228	4.29e-135	387
Q6UDG6.1	A6VAM7.1	34.498	229	144	4	138	362	3	229	5.07e-135	387
Q6UDG6.1	A9VSJ0.1	32.579	221	144	3	145	362	5	223	5.56e-135	386
Q6UDG6.1	A8AD07.1	38.356	219	130	4	145	359	3	220	7.72e-135	386
Q6UDG6.1	Q02HQ1.1	34.498	229	144	4	138	362	3	229	7.76e-135	386
Q6UDG6.1	Q7N1U8.1	38.117	223	131	5	146	362	4	225	8.82e-135	386
Q6UDG6.1	Q4KGS0.1	34.361	227	143	4	140	362	4	228	9.53e-135	386
Q6UDG6.1	Q2NS03.1	37.838	222	131	5	147	362	5	225	1.04e-134	386
Q6UDG6.1	Q92LU5.1	37.281	228	137	4	139	362	1	226	1.44e-134	386
Q6UDG6.1	B5FAJ7.1	35.160	219	137	4	145	359	1	218	1.45e-134	385
Q6UDG6.1	A7GVX1.1	38.326	227	136	3	137	361	2	226	1.90e-134	385
Q6UDG6.1	B3ERG6.1	37.104	221	134	3	142	359	2	220	2.17e-134	384
Q6UDG6.1	Q6HAN7.1	33.484	221	142	3	145	362	5	223	2.57e-134	384
Q6UDG6.1	A0RLI1.1	33.484	221	142	3	145	362	5	223	3.03e-134	384
Q6UDG6.1	A0KMZ1.1	35.023	217	136	4	147	359	2	217	3.21e-134	384
Q6UDG6.1	Q5E2Y8.1	35.160	219	137	4	145	359	1	218	3.30e-134	384
Q6UDG6.1	B7HG60.1	33.484	221	142	3	145	362	5	223	4.54e-134	384
Q6UDG6.1	B6EKY3.1	35.909	220	136	4	145	360	1	219	5.16e-134	384
Q6UDG6.1	Q3KGL4.1	34.802	227	142	4	140	362	4	228	6.99e-134	384
Q6UDG6.1	C3LFS7.1	33.484	221	142	3	145	362	5	223	9.04e-134	383
Q6UDG6.1	P13051.2	31.788	302	197	6	65	360	13	311	1.07e-133	386
Q6UDG6.1	B5F228.1	37.946	224	132	5	145	362	3	225	1.10e-133	383
Q6UDG6.1	B7JHM3.1	33.484	221	142	3	145	362	5	223	1.16e-133	383
Q6UDG6.1	Q4ZPC2.1	35.683	227	140	4	140	362	4	228	1.52e-133	383
Q6UDG6.1	Q7VMC0.1	38.182	220	131	4	147	362	2	220	1.52e-133	383
Q6UDG6.1	A9N0W3.1	37.946	224	132	5	145	362	3	225	2.08e-133	383
Q6UDG6.1	Q48ET5.1	34.802	227	142	4	140	362	4	228	2.35e-133	383
Q6UDG6.1	A6TVW5.1	33.636	220	141	3	145	361	4	221	2.80e-133	382
Q6UDG6.1	A4WDE9.1	37.443	219	132	4	145	359	3	220	2.88e-133	382
Q6UDG6.1	A5VIJ2.1	34.389	221	140	3	145	362	5	223	3.51e-133	382
Q6UDG6.1	A6VLV4.1	37.900	219	131	4	147	361	2	219	3.63e-133	381
Q6UDG6.1	C3KDS6.1	34.498	229	144	4	138	362	2	228	3.93e-133	382
Q6UDG6.1	A4SK71.1	34.722	216	136	4	148	359	3	217	4.05e-133	381
Q6UDG6.1	C4Z8Z2.1	35.135	222	138	4	144	361	3	222	4.66e-133	381
Q6UDG6.1	Q87XE2.1	35.242	227	141	4	140	362	4	228	5.10e-133	381
Q6UDG6.1	B0VD25.1	33.898	236	149	5	131	361	2	235	1.25e-132	381
Q6UDG6.1	B0VMZ7.1	33.475	236	150	5	131	361	2	235	1.42e-132	381
Q6UDG6.1	P57807.1	36.530	219	134	4	147	361	2	219	1.64e-132	380
Q6UDG6.1	A3M500.2	33.898	236	149	5	131	361	2	235	1.87e-132	380
Q6UDG6.1	B7IRS8.1	33.032	221	143	3	145	362	5	223	2.23e-132	380
Q6UDG6.1	B6J738.1	38.356	219	129	4	147	361	8	224	2.23e-132	380
Q6UDG6.1	A0Q7Y8.1	37.156	218	132	4	148	361	2	218	2.53e-132	379
Q6UDG6.1	Q6F9Y2.1	34.746	236	147	5	131	361	2	235	4.02e-132	379
Q6UDG6.1	A9MGV9.1	37.946	224	132	5	145	362	3	225	4.25e-132	379
Q6UDG6.1	A0RM89.1	38.053	226	136	3	138	361	3	226	4.67e-132	379
Q6UDG6.1	Q88YG1.1	33.929	224	143	3	142	362	2	223	5.18e-132	379
Q6UDG6.1	Q83CW4.1	37.900	219	130	4	147	361	8	224	5.34e-132	379
Q6UDG6.1	B2VEC7.1	38.914	221	128	5	148	362	6	225	6.54e-132	379
Q6UDG6.1	A4IWI7.1	37.615	218	131	4	148	361	2	218	1.28e-131	378
Q6UDG6.1	A9KCD5.2	38.356	219	129	4	147	361	8	224	2.44e-131	377
Q6UDG6.1	A7ZAZ4.1	40.529	227	131	3	137	361	2	226	3.05e-131	377
Q6UDG6.1	Q3IG47.1	34.091	220	139	5	147	361	2	220	4.96e-131	376
Q6UDG6.1	A7I0A8.1	37.004	227	138	4	138	361	3	227	5.11e-131	377
Q6UDG6.1	A6UDC0.1	37.719	228	136	4	139	362	1	226	5.42e-131	377
Q6UDG6.1	Q4L3Q7.1	31.944	216	141	3	148	360	2	214	8.73e-131	376
Q6UDG6.1	B6J089.1	37.900	219	130	4	147	361	8	224	1.77e-130	375
Q6UDG6.1	Q8EPH6.1	34.234	222	141	3	144	362	4	223	2.83e-130	374
Q6UDG6.1	B0TXF5.1	39.450	218	127	4	148	361	2	218	2.90e-130	374
Q6UDG6.1	A7NAN4.1	37.156	218	132	4	148	361	2	218	5.32e-130	373
Q6UDG6.1	A5IQD5.1	32.407	216	140	3	148	360	2	214	7.59e-130	373
Q6UDG6.1	Q2YS83.1	32.407	216	140	3	148	360	2	214	8.47e-130	373
Q6UDG6.1	A5FFT1.1	36.036	222	136	4	142	359	2	221	1.03e-129	373
Q6UDG6.1	B1YFL0.1	35.000	220	138	3	145	361	1	218	1.03e-129	373
Q6UDG6.1	Q6GBQ6.1	32.407	216	140	3	148	360	2	214	1.42e-129	372
Q6UDG6.1	B9DKT3.1	31.944	216	141	4	148	360	2	214	1.43e-129	373
Q6UDG6.1	A9KP29.1	31.532	222	146	4	144	361	3	222	1.82e-129	372
Q6UDG6.1	B0B8I2.1	35.426	223	136	3	144	361	9	228	5.13e-129	371
Q6UDG6.1	Q5HX80.1	35.065	231	145	4	134	361	2	230	7.08e-129	371
Q6UDG6.1	Q9PJ40.1	35.065	231	145	4	134	361	2	230	7.72e-129	371
Q6UDG6.1	B2GAM7.1	35.294	221	138	3	145	362	5	223	7.77e-129	371
Q6UDG6.1	A0M1V1.1	35.135	222	138	4	142	359	2	221	8.96e-129	370
Q6UDG6.1	Q3BNI2.1	36.444	225	137	4	142	362	7	229	9.04e-129	371
Q6UDG6.1	O84613.1	34.529	223	138	3	144	361	9	228	1.09e-128	371
Q6UDG6.1	A1VXG9.1	35.065	231	145	4	134	361	2	230	1.66e-128	370
Q6UDG6.1	Q38VY5.1	33.032	221	142	4	145	362	5	222	1.73e-128	370
Q6UDG6.1	B6YR15.1	33.937	221	141	3	142	359	2	220	3.58e-128	369
Q6UDG6.1	Q9PA28.2	36.283	226	138	4	141	362	14	237	3.86e-128	370
Q6UDG6.1	Q8PFZ6.1	36.000	225	138	4	142	362	7	229	4.87e-128	369
Q6UDG6.1	A5EVB8.1	38.428	229	137	4	136	361	2	229	5.26e-128	369
Q6UDG6.1	Q9PJD2.1	34.529	223	138	3	144	361	9	228	5.74e-128	369
Q6UDG6.1	Q9RWH9.1	37.339	233	143	3	132	362	10	241	6.71e-128	369
Q6UDG6.1	Q30Q92.1	34.978	223	140	3	142	361	3	223	6.81e-128	368
Q6UDG6.1	A8FJP1.1	35.498	231	144	4	134	361	2	230	8.37e-128	368
Q6UDG6.1	B2SJF5.1	34.934	229	143	4	138	362	3	229	1.15e-127	368
Q6UDG6.1	A7H1G3.1	35.652	230	143	4	135	361	3	230	2.64e-127	367
Q6UDG6.1	B2IAB2.1	36.283	226	138	4	141	362	14	237	3.39e-127	368
Q6UDG6.1	Q49VD1.1	32.870	216	139	3	148	360	2	214	3.46e-127	366
Q6UDG6.1	B0U620.1	35.841	226	139	4	141	362	14	237	4.76e-127	367
Q6UDG6.1	Q821F7.1	35.065	231	142	3	137	362	2	229	7.18e-127	366
Q6UDG6.1	Q5R080.1	38.785	214	127	3	149	359	3	215	7.57e-127	365
Q6UDG6.1	Q5L4Q4.1	34.632	231	143	3	137	362	2	229	9.33e-127	366
Q6UDG6.1	B0RWT2.1	35.111	225	140	4	142	362	7	229	9.83e-127	366
Q6UDG6.1	Q92EQ0.1	35.000	220	138	3	145	361	1	218	2.17e-126	364
Q6UDG6.1	Q64QI5.1	36.199	221	136	3	142	359	2	220	2.19e-126	364
Q6UDG6.1	Q723S4.1	35.455	220	137	3	145	361	1	218	3.78e-126	364
Q6UDG6.1	Q8Y9X7.1	35.000	220	138	3	145	361	1	218	4.04e-126	364
Q6UDG6.1	C1CXS7.1	38.288	222	134	3	143	362	23	243	4.62e-126	364
Q6UDG6.1	Q5LA67.1	36.199	221	136	3	142	359	2	220	6.59e-126	363
Q6UDG6.1	Q8R634.1	37.104	221	134	3	144	361	3	221	1.17e-125	363
Q6UDG6.1	Q74K70.1	32.579	221	143	4	145	362	5	222	1.24e-125	363
Q6UDG6.1	B1I012.1	34.685	222	138	3	145	361	5	224	1.27e-125	363
Q6UDG6.1	B1JRB1.1	36.323	223	135	5	146	362	4	225	1.40e-125	363
Q6UDG6.1	A4TKZ2.1	36.323	223	135	5	146	362	4	225	1.94e-125	362
Q6UDG6.1	B9E8N2.1	32.093	215	140	3	148	359	2	213	2.75e-125	361
Q6UDG6.1	A7FFS4.1	36.323	223	135	5	146	362	4	225	3.70e-125	361
Q6UDG6.1	Q256I7.1	34.632	231	143	3	137	362	2	229	3.75e-125	361
Q6UDG6.1	B8D787.1	32.727	220	144	3	145	361	1	219	5.04e-125	361
Q6UDG6.1	Q8CQ65.1	31.163	215	142	3	149	360	3	214	5.75e-125	361
Q6UDG6.1	Q5FL46.1	33.484	221	141	4	145	362	6	223	7.61e-125	361
Q6UDG6.1	Q5HRG5.1	31.163	215	142	3	149	360	3	214	9.40e-125	360
Q6UDG6.1	Q9K3Z0.1	33.186	226	147	3	139	362	1	224	1.16e-124	360
Q6UDG6.1	B9KEK7.1	35.526	228	142	4	137	361	2	227	1.26e-124	360
Q6UDG6.1	B5RKV2.1	33.482	224	142	4	142	360	2	223	1.34e-124	360
Q6UDG6.1	P53766.2	33.190	232	151	3	134	361	113	344	1.78e-124	364
Q6UDG6.1	B2RHL6.1	35.586	222	139	3	141	359	2	222	2.72e-124	359
Q6UDG6.1	Q7MXF6.1	35.586	222	139	3	141	359	2	222	2.75e-124	359
Q6UDG6.1	Q03SK6.1	31.696	224	146	4	144	362	4	225	4.31e-124	359
Q6UDG6.1	B2S1N8.1	33.482	224	142	4	142	360	2	223	6.41e-124	358
Q6UDG6.1	Q04BG7.1	33.784	222	141	4	144	362	4	222	7.46e-124	358
Q6UDG6.1	B5RQN2.1	33.482	224	142	4	142	360	2	223	9.29e-124	358
Q6UDG6.1	Q7VRQ7.1	37.900	219	131	4	147	361	4	221	9.35e-124	358
Q6UDG6.1	A1QYK3.1	33.929	224	141	4	142	360	2	223	1.59e-123	357
Q6UDG6.1	A8YUE7.1	32.273	220	143	4	145	361	6	222	3.20e-123	357
Q6UDG6.1	Q827B3.1	34.071	226	145	3	139	362	1	224	5.45e-123	356
Q6UDG6.1	Q9Z7D3.1	33.061	245	149	5	124	362	1	236	7.57e-123	356
Q6UDG6.1	Q1IWN1.1	34.440	241	154	3	124	362	1	239	9.62e-123	356
Q6UDG6.1	B3WCZ5.1	34.389	221	139	4	145	362	5	222	1.21e-122	355
Q6UDG6.1	Q1GB22.1	33.784	222	141	4	144	362	4	222	1.64e-122	355
Q6UDG6.1	P29950.1	36.967	211	127	4	156	362	1	209	3.19e-122	354
Q6UDG6.1	Q7MA00.1	36.564	227	139	4	139	362	5	229	3.64e-122	354
Q6UDG6.1	Q662W1.1	33.036	224	143	4	142	360	2	223	4.03e-122	354
Q6UDG6.1	Q8EB78.1	30.734	218	146	4	148	361	2	218	4.74e-122	353
Q6UDG6.1	Q0SPB2.1	33.184	223	142	4	143	360	3	223	7.94e-122	353
Q6UDG6.1	B7J0Y9.1	32.589	224	144	4	142	360	2	223	1.03e-121	353
Q6UDG6.1	P59465.1	31.797	217	143	4	147	359	7	222	6.63e-121	351
Q6UDG6.1	A8AXM4.1	32.719	217	139	3	146	359	3	215	6.96e-121	350
Q6UDG6.1	Q9U221.1	28.996	269	184	7	95	359	14	279	1.23e-120	352
Q6UDG6.1	P0A4P3.1	32.719	217	139	3	146	359	3	215	1.24e-120	349
Q6UDG6.1	A1SUE5.1	34.722	216	136	4	148	359	2	216	1.80e-120	349
Q6UDG6.1	A3CN85.1	32.258	217	140	3	146	359	3	215	1.84e-120	349
Q6UDG6.1	A8EWN8.1	31.628	215	143	3	148	359	2	215	2.57e-120	349
Q6UDG6.1	Q057V4.1	34.101	217	139	3	148	361	8	223	6.20e-120	348
Q6UDG6.1	P28866.1	36.928	306	178	5	60	361	17	311	1.29e-119	351
Q6UDG6.1	P12887.1	28.254	315	197	7	65	361	33	336	1.69e-119	352
Q6UDG6.1	Q03KM6.1	32.719	217	139	3	146	359	3	215	2.95e-119	346
Q6UDG6.1	A4VV30.1	33.641	217	137	3	146	359	3	215	3.92e-119	346
Q6UDG6.1	Q8DTV8.1	32.258	217	140	3	146	359	3	215	7.33e-118	342
Q6UDG6.1	Q07YI6.1	34.389	221	140	4	145	361	1	220	1.09e-117	342
Q6UDG6.1	B9DSB9.1	32.719	217	139	3	146	359	3	215	2.72e-117	341
Q6UDG6.1	C0M7J9.1	30.594	219	145	3	144	359	1	215	5.78e-117	340
Q6UDG6.1	B4U3D4.1	30.594	219	145	3	144	359	1	215	7.19e-117	340
Q6UDG6.1	Q1J724.1	32.420	219	141	3	144	359	1	215	9.76e-117	340
Q6UDG6.1	Q48U05.1	31.797	217	141	3	146	359	3	215	2.67e-116	339
Q6UDG6.1	C0ME57.1	31.050	219	144	3	144	359	1	215	5.37e-116	338
Q6UDG6.1	B5XL20.1	32.719	217	139	3	146	359	3	215	5.73e-116	338
Q6UDG6.1	B1IBW9.1	34.562	217	135	3	146	359	3	215	6.98e-116	337
Q6UDG6.1	Q8P1B6.1	31.797	217	141	3	146	359	3	215	1.24e-115	337
Q6UDG6.1	Q1JC76.1	32.258	217	140	3	146	359	3	215	1.47e-115	337
Q6UDG6.1	C1CKR8.1	33.180	217	138	3	146	359	3	215	1.65e-115	337
Q6UDG6.1	A2RF00.1	32.258	217	140	3	146	359	3	215	1.73e-115	337
Q6UDG6.1	P0DG74.1	32.258	217	140	3	146	359	3	215	1.86e-115	336
Q6UDG6.1	B8ZQ48.1	33.641	217	137	3	146	359	3	215	2.79e-115	336
Q6UDG6.1	B5E4R3.1	33.641	217	137	3	146	359	3	215	2.98e-115	336
Q6UDG6.1	Q5XCK3.1	31.336	217	142	3	146	359	3	215	1.27e-114	334
Q6UDG6.1	O74834.1	29.964	277	181	6	90	360	33	302	2.60e-114	337
Q6UDG6.1	Q7VGS1.1	35.345	232	138	4	138	359	3	232	2.85e-114	334
Q6UDG6.1	B2UDL1.1	32.576	264	161	6	110	362	3	260	2.91e-112	330
Q6UDG6.1	Q8XVE4.1	34.340	265	159	6	110	362	2	263	8.42e-112	329
Q6UDG6.1	P53765.2	35.156	256	152	6	117	361	2	254	1.04e-111	328
Q6UDG6.1	P10186.1	35.897	312	189	5	56	361	28	334	2.60e-111	331
Q6UDG6.1	P12888.1	36.614	254	143	6	119	361	9	255	1.38e-110	326
Q6UDG6.1	B1MXY4.1	31.797	217	141	3	146	359	5	217	2.35e-110	324
Q6UDG6.1	Q7P1I1.1	39.819	221	127	4	143	359	9	227	6.16e-110	323
Q6UDG6.1	O36395.1	35.019	257	148	7	117	361	2	251	2.31e-108	320
Q6UDG6.1	Q9E6R2.1	38.062	289	156	6	91	361	28	311	3.07e-108	322
Q6UDG6.1	P09307.1	36.842	304	174	7	75	361	2	304	3.87e-108	321
Q6UDG6.1	Q9J3N2.1	36.842	304	174	7	75	361	2	304	8.21e-108	321
Q6UDG6.1	P28275.1	39.442	251	150	2	112	361	6	255	4.82e-107	317
Q6UDG6.1	P13158.1	36.140	285	163	4	77	357	22	291	5.07e-107	318
Q6UDG6.1	Q01019.1	32.677	254	154	6	119	361	4	251	5.70e-106	314
Q6UDG6.1	P52447.1	32.677	254	163	5	114	361	1	252	9.98e-106	313
Q6UDG6.1	Q03W63.1	33.028	218	138	4	146	359	5	218	2.77e-104	308
Q6UDG6.1	P50639.1	34.252	254	157	6	114	361	1	250	3.48e-104	309
Q6UDG6.1	F5HI85.1	37.302	252	150	6	114	361	1	248	2.33e-103	307
Q6UDG6.1	Q98PV4.1	33.636	220	139	5	146	361	4	220	6.20e-103	305
Q6UDG6.1	P52345.1	33.071	254	162	5	114	361	1	252	8.32e-103	306
Q6UDG6.1	Q032L5.1	35.780	218	131	5	148	360	5	218	6.31e-102	302
Q6UDG6.1	A2RHW2.1	35.780	218	131	5	148	360	5	218	6.52e-102	302
Q6UDG6.1	Q9CIX2.1	36.697	218	129	5	148	360	5	218	2.97e-101	301
Q6UDG6.1	F5HFA1.1	35.081	248	148	6	125	361	7	252	1.97e-100	300
Q6UDG6.1	A1UEC0.1	36.323	223	132	7	145	362	10	227	2.81e-100	298
Q6UDG6.1	Q8FPQ4.1	32.500	240	153	7	126	361	4	238	5.55e-100	298
Q6UDG6.1	B5ZC55.1	31.308	214	140	4	149	359	3	212	1.03e-99	296
Q6UDG6.1	P52506.1	43.220	236	132	2	127	361	80	314	1.30e-99	300
Q6UDG6.1	P52507.1	43.220	236	132	2	127	361	81	315	6.72e-99	298
Q6UDG6.1	P53764.1	45.588	204	109	2	159	361	1	203	9.46e-99	294
Q6UDG6.1	B8ZS02.1	36.323	223	132	7	145	362	10	227	5.26e-98	292
Q6UDG6.1	Q315T1.1	39.706	204	114	4	165	359	30	233	6.66e-98	292
Q6UDG6.1	A4TE31.1	36.937	222	130	7	145	362	10	225	9.54e-98	292
Q6UDG6.1	A1T717.1	36.937	222	130	7	145	362	10	225	1.06e-97	292
Q6UDG6.1	A0PQ07.1	34.529	223	136	7	145	362	10	227	1.15e-97	292
Q6UDG6.1	A0QV01.1	34.529	223	136	7	145	362	10	227	1.15e-97	292
Q6UDG6.1	Q1CRR1.1	28.632	234	155	5	138	361	2	233	1.20e-97	292
Q6UDG6.1	Q9ZJN9.1	29.060	234	154	5	138	361	2	233	1.80e-97	291
Q6UDG6.1	Q47Q90.1	36.036	222	132	7	145	362	13	228	1.82e-97	291
Q6UDG6.1	B5Z8Z4.1	29.060	234	154	5	138	361	2	233	3.34e-97	291
Q6UDG6.1	B2HIJ2.1	34.978	223	135	7	145	362	10	227	4.21e-97	290
Q6UDG6.1	B1AJI8.1	31.776	214	139	4	149	359	3	212	4.59e-97	290
Q6UDG6.1	B1MDP0.1	36.937	222	131	6	145	362	10	226	8.35e-97	289
Q6UDG6.1	P56397.1	28.205	234	156	5	138	361	2	233	1.07e-96	289
Q6UDG6.1	B2UVB0.1	28.205	234	156	5	138	361	2	233	1.42e-96	289
Q6UDG6.1	Q7VUM8.1	35.909	220	127	5	149	360	23	236	2.40e-96	289
Q6UDG6.1	Q7WQW5.1	35.909	220	127	5	149	360	23	236	2.92e-96	289
Q6UDG6.1	Q73VJ7.1	38.117	223	128	7	145	362	10	227	3.06e-96	288
Q6UDG6.1	Q7W1Y7.1	35.909	220	127	5	149	360	23	236	3.25e-96	289
Q6UDG6.1	A0QJA9.1	38.117	223	128	7	145	362	10	227	3.72e-96	288
Q6UDG6.1	Q5YRZ2.1	36.771	223	131	7	145	362	10	227	7.81e-96	287
Q6UDG6.1	Q17Z05.1	28.632	234	155	5	138	361	2	233	1.84e-95	286
Q6UDG6.1	A1SNW4.1	34.649	228	139	7	139	362	7	228	2.93e-95	285
Q6UDG6.1	Q8NQU9.1	30.153	262	148	7	127	361	1	254	3.66e-95	286
Q6UDG6.1	Q21SE9.1	32.218	239	139	7	141	359	15	250	4.39e-95	286
Q6UDG6.1	B6JNI4.1	28.205	234	156	5	138	361	2	233	5.65e-95	285
Q6UDG6.1	A9IGW1.1	35.965	228	135	5	140	359	14	238	8.14e-94	283
Q6UDG6.1	P67078.1	31.739	230	147	7	137	361	5	229	1.33e-92	279
Q6UDG6.1	Q2L0Y2.1	35.426	223	132	6	145	359	19	237	2.54e-91	277
Q6UDG6.1	Q9EX12.1	35.135	222	134	7	145	362	10	225	5.60e-91	275
Q6UDG6.1	Q82MX6.1	35.586	222	133	7	145	362	10	225	2.07e-90	273
Q6UDG6.1	Q4A8N4.1	30.734	218	145	4	147	361	5	219	7.41e-90	272
Q6UDG6.1	A1KMX0.1	36.323	223	132	7	145	362	10	227	1.30e-89	271
Q6UDG6.1	Q8G3E9.1	31.925	213	131	7	159	361	5	213	1.65e-89	270
Q6UDG6.1	A8LD98.1	34.222	225	138	7	142	362	7	225	5.29e-89	270
Q6UDG6.1	Q1GHJ4.1	33.333	219	135	6	150	362	11	224	9.80e-85	259
Q6UDG6.1	Q5UPT2.1	22.441	254	169	8	134	361	119	370	7.69e-76	241
Q6UDG6.1	P75536.1	27.149	221	150	6	147	359	14	231	1.41e-72	228
Q6UDG6.1	P47343.1	28.319	226	151	6	144	361	13	235	3.64e-72	227
Q6UDG6.1	P21968.2	22.936	218	143	11	146	359	16	212	3.31e-52	175
Q6UDG6.1	Q91UM2.1	20.737	217	149	12	146	359	16	212	9.61e-47	161
Q6UDG6.1	P0DSP8.1	20.737	217	149	12	146	359	16	212	2.10e-46	160
Q6UDG6.1	P20536.1	20.737	217	149	12	146	359	16	212	2.49e-46	160
Q6UDG6.1	P04303.2	20.737	217	149	12	146	359	16	212	6.93e-46	159
Q6UDG6.1	M1LL92.1	20.276	217	150	12	146	359	16	212	1.03e-45	158
Q6UDG6.1	P0DSP7.1	20.737	217	149	12	146	359	16	212	3.70e-45	157
Q6UDG6.1	P32941.1	17.512	217	156	12	146	359	16	212	9.64e-41	145
Q6UDG6.1	O94854.5	22.000	150	103	3	6	141	993	1142	2.19e-27	117
Q6UDG6.1	O94854.5	18.239	159	116	3	7	151	1059	1217	2.93e-21	99.2
Q6UDG6.1	O94854.5	18.543	151	109	3	7	143	1033	1183	8.02e-21	97.6
Q6UDG6.1	O94854.5	19.868	151	107	3	5	141	966	1116	1.25e-19	94.2
Q6UDG6.1	O94854.5	22.378	143	103	2	7	141	1137	1279	7.52e-16	82.6
Q6UDG6.1	O94854.5	17.105	152	109	4	7	141	926	1077	7.00e-14	76.8
Q6UDG6.1	O94854.5	15.429	175	120	4	7	155	1189	1361	1.09e-12	73.0
Q6UDG6.1	Q9QX47.2	16.970	165	129	3	4	160	347	511	2.02e-24	108
Q6UDG6.1	Q9QX47.2	16.667	162	115	2	10	151	398	559	2.28e-07	56.4
Q6UDG6.1	Q9QX47.2	11.950	159	129	4	8	155	1346	1504	0.001	44.5
Q6UDG6.1	P18583.4	15.758	165	131	3	4	160	352	516	6.60e-24	106
Q6UDG6.1	P18583.4	15.528	161	116	2	11	151	404	564	4.76e-07	55.6
Q6UDG6.1	G3MWR8.1	17.416	178	113	3	6	149	1127	1304	1.99e-22	102
Q6UDG6.1	P16952.2	17.829	129	97	3	20	141	751	877	1.91e-21	99.5
Q6UDG6.1	P16952.2	14.189	148	123	3	11	156	787	932	1.22e-13	76.0
Q6UDG6.1	P16952.2	15.909	88	64	3	7	94	833	910	0.033	39.8
Q6UDG6.1	A8AUS1.1	17.829	129	97	3	20	141	750	876	7.77e-21	97.6
Q6UDG6.1	A8AUS1.1	15.132	152	125	3	7	156	782	931	3.51e-14	77.6
Q6UDG6.1	Q01W31.1	19.048	126	102	0	13	138	183	308	2.65e-20	96.1
Q6UDG6.1	Q01W31.1	15.179	112	76	3	13	117	247	346	0.012	41.4
Q6UDG6.1	P09256.2	19.565	138	106	1	12	144	51	188	8.85e-20	94.2
Q6UDG6.1	P09256.2	17.431	109	84	3	8	116	79	181	2.49e-10	65.3
Q6UDG6.1	A8AUS0.1	17.910	134	99	4	17	141	818	949	9.47e-19	91.5
Q6UDG6.1	A8AUS0.1	18.321	131	101	3	9	138	857	982	1.01e-16	85.3
Q6UDG6.1	A8AUS0.1	17.045	88	63	3	7	94	905	982	5.96e-05	48.7
Q6UDG6.1	A8AUS0.1	22.078	77	54	3	8	83	914	985	0.001	44.8
Q6UDG6.1	Q06852.2	20.690	145	107	4	9	148	1518	1659	2.40e-17	87.2
Q6UDG6.1	Q06852.2	20.863	139	102	4	9	142	1573	1708	2.75e-17	87.2
Q6UDG6.1	Q06852.2	20.000	145	111	3	9	148	1460	1604	1.06e-16	85.3
Q6UDG6.1	Q06852.2	20.000	145	111	3	9	148	1828	1972	1.06e-16	85.3
Q6UDG6.1	Q06852.2	20.144	139	106	3	9	142	1417	1555	1.21e-16	85.3
Q6UDG6.1	Q06852.2	20.144	139	106	3	9	142	1656	1794	1.21e-16	85.3
Q6UDG6.1	Q06852.2	20.144	139	106	3	9	142	1699	1837	1.21e-16	85.3
Q6UDG6.1	Q06852.2	20.144	139	106	3	9	142	1742	1880	1.21e-16	85.3
Q6UDG6.1	Q06852.2	20.144	139	106	3	9	142	1785	1923	1.21e-16	85.3
Q6UDG6.1	Q06852.2	19.310	145	100	4	9	136	1871	2015	3.04e-15	81.1
Q6UDG6.1	Q06852.2	18.543	151	106	4	9	142	1601	1751	3.88e-15	80.7
Q6UDG6.1	Q06852.2	20.000	135	94	4	9	132	1886	2017	1.03e-14	79.1
Q6UDG6.1	Q06852.2	18.657	134	99	3	9	142	1389	1512	1.49e-14	78.7
Q6UDG6.1	Q06852.2	17.925	106	82	1	37	142	1369	1469	1.35e-08	60.3
Q6UDG6.1	Q06852.2	18.182	143	102	5	19	148	1362	1502	6.27e-08	58.3
Q6UDG6.1	Q06852.2	19.355	124	94	2	31	149	1369	1491	8.61e-08	57.9
Q6UDG6.1	A3DH97.1	23.200	125	87	3	20	135	250	374	1.33e-15	81.4
Q6UDG6.1	Q67NG0.1	16.822	107	85	1	29	131	278	384	1.61e-14	77.6
Q6UDG6.1	Q67NG0.1	18.333	120	91	4	13	129	287	402	1.68e-06	52.9
Q6UDG6.1	Q67NG0.1	14.679	109	87	2	10	116	298	402	9.04e-06	50.6
Q6UDG6.1	Q67NG0.1	19.048	84	68	0	7	90	319	402	0.028	39.8
Q6UDG6.1	A0LV27.1	21.698	106	80	2	13	118	95	197	6.15e-14	76.4
Q6UDG6.1	A0LV27.1	19.492	118	86	4	2	114	111	224	0.011	41.4
Q6UDG6.1	A0LV27.1	20.800	125	94	3	16	138	61	182	0.098	38.3
Q6UDG6.1	P11657.1	15.924	157	118	5	17	161	824	978	7.15e-13	73.4
Q6UDG6.1	P11657.1	15.748	127	103	2	11	133	865	991	1.35e-07	57.2
Q6UDG6.1	P11657.1	10.619	113	101	0	8	120	878	990	0.001	44.8
Q6UDG6.1	P23504.2	15.924	157	118	5	17	161	821	975	7.68e-13	73.4
Q6UDG6.1	P23504.2	15.748	127	103	2	11	133	862	988	2.61e-07	56.4
Q6UDG6.1	P23504.2	10.619	113	101	0	8	120	875	987	6.64e-04	45.2
Q6UDG6.1	Q9JM99.2	16.912	136	110	2	8	141	464	598	8.72e-12	69.9
Q6UDG6.1	Q9JM99.2	13.740	131	107	3	8	132	480	610	1.74e-11	69.1
Q6UDG6.1	Q9JM99.2	17.037	135	110	2	8	142	456	588	2.60e-11	68.7
Q6UDG6.1	Q9JM99.2	13.600	125	105	3	8	129	488	612	5.78e-10	64.5
Q6UDG6.1	Q9JM99.2	18.018	111	90	1	32	142	455	564	1.21e-09	63.3
Q6UDG6.1	Q9JM99.2	14.865	148	117	4	8	149	496	640	3.45e-09	62.2
Q6UDG6.1	Q9JM99.2	14.789	142	114	2	8	142	512	653	2.30e-08	59.5
Q6UDG6.1	Q9JM99.2	14.563	103	87	1	40	142	447	548	7.55e-06	51.4
Q6UDG6.1	Q9JM99.2	16.794	131	105	3	8	135	536	665	1.32e-05	50.6
Q6UDG6.1	P27951.1	15.484	155	119	6	9	160	826	971	4.14e-10	64.9
Q6UDG6.1	P27951.1	17.969	128	99	4	18	144	813	935	7.52e-10	64.1
Q6UDG6.1	Q8CQD9.1	17.910	134	100	3	21	148	1297	1426	4.66e-10	64.9
Q6UDG6.1	Q9QYX7.4	18.881	143	108	2	8	142	345	487	6.77e-10	64.5
Q6UDG6.1	Q9QYX7.4	15.000	160	127	3	10	160	356	515	2.54e-09	62.6
Q6UDG6.1	Q9QYX7.4	21.705	129	94	2	30	151	338	466	1.89e-07	56.8
Q6UDG6.1	Q9QYX7.4	13.669	139	116	2	17	151	318	456	7.71e-07	54.9
Q6UDG6.1	Q9QYX7.4	15.584	154	124	2	7	160	410	557	9.82e-06	51.4
Q6UDG6.1	Q9QYX7.4	10.526	152	115	4	11	142	272	422	2.41e-05	50.2
Q6UDG6.1	Q9QYX7.4	17.763	152	115	4	9	151	296	446	3.39e-05	49.5
Q6UDG6.1	Q9QYX7.4	13.869	137	110	2	10	146	228	356	7.03e-04	45.6
Q6UDG6.1	Q9QYX7.4	13.077	130	112	1	31	159	891	1020	0.001	44.8
Q6UDG6.1	Q9QYX7.4	15.504	129	105	3	12	138	209	335	0.002	44.1
Q6UDG6.1	Q9QYX7.4	11.679	137	118	2	8	142	252	387	0.010	41.8
Q6UDG6.1	Q9QYX7.4	15.000	120	95	3	8	126	900	1013	0.024	40.6
Q6UDG6.1	P21979.2	18.182	110	86	2	16	121	841	950	2.49e-09	62.6
Q6UDG6.1	P21979.2	13.514	111	95	1	9	118	855	965	4.65e-05	49.1
Q6UDG6.1	P21979.2	17.391	115	87	4	53	161	840	952	2.63e-04	46.8
Q6UDG6.1	P21979.2	14.925	134	97	4	41	163	843	970	3.83e-04	46.0
Q6UDG6.1	Q9JKS6.1	14.286	161	130	2	8	160	346	506	3.46e-09	62.2
Q6UDG6.1	Q9JKS6.1	14.194	155	129	3	10	163	391	542	5.63e-08	58.3
Q6UDG6.1	Q9JKS6.1	13.846	130	111	1	31	159	904	1033	1.50e-04	47.5
Q6UDG6.1	Q9JKS6.1	16.364	110	88	1	7	116	411	516	3.16e-04	46.4
Q6UDG6.1	Q9JKS6.1	15.333	150	120	4	9	151	298	447	5.10e-04	46.0
Q6UDG6.1	Q9JKS6.1	19.014	142	108	3	8	142	247	388	0.013	41.4
Q6UDG6.1	Q9JKS6.1	14.557	158	111	4	9	142	261	418	0.036	39.8
Q6UDG6.1	Q9JKS6.1	13.913	115	95	2	26	136	673	787	0.041	39.8
Q6UDG6.1	Q9JKS6.1	15.385	117	90	2	41	148	203	319	0.074	39.1
Q6UDG6.1	Q8WZ42.4	16.154	130	107	1	25	152	10212	10341	4.68e-09	61.8
Q6UDG6.1	Q8WZ42.4	16.541	133	103	5	49	174	10208	10339	5.86e-07	55.2
Q6UDG6.1	Q8WZ42.4	14.130	184	140	5	10	175	10219	10402	6.32e-06	52.2
Q6UDG6.1	Q8WZ42.4	12.000	125	106	2	30	150	253	377	0.004	42.9
Q6UDG6.1	Q8WZ42.4	19.718	71	55	1	51	119	10954	11024	0.009	41.8
Q6UDG6.1	Q8WZ42.4	16.162	99	83	0	28	126	11620	11718	0.015	41.4
Q6UDG6.1	Q8WZ42.4	11.881	101	85	1	10	106	11641	11741	0.039	39.8
Q6UDG6.1	Q9NZT2.3	21.333	150	113	4	2	151	530	674	1.07e-08	60.3
Q6UDG6.1	Q9NZT2.3	15.972	144	120	1	10	152	523	666	1.52e-08	59.9
Q6UDG6.1	Q9NZT2.3	18.382	136	107	2	11	142	501	636	1.06e-07	57.2
Q6UDG6.1	Q9NZT2.3	19.580	143	105	3	9	142	484	625	4.84e-07	55.2
Q6UDG6.1	Q9NZT2.3	20.536	112	85	3	2	113	570	677	5.28e-05	48.7
Q6UDG6.1	Q9NZT2.3	18.045	133	101	2	4	136	462	586	0.007	41.8
Q6UDG6.1	A2ASS6.1	13.904	187	147	3	7	187	12018	12196	1.34e-08	60.6
Q6UDG6.1	A2ASS6.1	15.723	159	120	5	7	157	11991	12143	5.06e-08	58.7
Q6UDG6.1	A2ASS6.1	14.607	178	131	7	8	183	11916	12074	3.20e-06	52.9
Q6UDG6.1	A2ASS6.1	10.976	164	135	5	5	159	12040	12201	1.80e-05	50.6
Q6UDG6.1	A2ASS6.1	13.966	179	127	6	7	158	11942	12120	9.08e-05	48.3
Q6UDG6.1	A2ASS6.1	14.599	137	113	1	28	164	11787	11919	1.40e-04	47.5
Q6UDG6.1	A2ASS6.1	14.179	134	112	1	22	152	11809	11942	0.001	44.5
Q6UDG6.1	A2ASS6.1	14.173	127	96	3	9	134	11880	11994	0.002	43.7
Q6UDG6.1	A2ASS6.1	12.613	111	97	0	42	152	10191	10301	0.002	43.7
Q6UDG6.1	A2ASS6.1	16.667	144	115	2	5	143	11736	11879	0.005	42.5
Q6UDG6.1	A2ASS6.1	12.209	172	109	5	7	144	11830	11993	0.020	41.0
Q6UDG6.1	A2ASS6.1	17.600	125	98	2	5	124	12192	12316	0.052	39.5
Q6UDG6.1	A2ASS6.1	11.607	112	86	3	20	118	10191	10302	0.081	38.7
Q6UDG6.1	Q7RTP6.2	14.721	197	115	3	6	149	1132	1328	1.45e-08	60.3
Q6UDG6.1	Q9UJ55.2	18.400	125	101	1	14	137	91	215	3.81e-08	58.7
Q6UDG6.1	Q9UJ55.2	18.254	126	100	2	13	137	112	235	4.24e-08	58.7
Q6UDG6.1	Q9UJ55.2	18.400	125	92	4	12	126	121	245	1.46e-06	53.7
Q6UDG6.1	Q9UJ55.2	17.557	131	102	1	13	137	75	205	2.19e-06	53.3
Q6UDG6.1	Q9UJ55.2	17.557	131	104	3	13	141	142	270	2.49e-06	52.9
Q6UDG6.1	Q9UJ55.2	16.541	133	106	1	10	137	63	195	5.53e-05	48.7
Q6UDG6.1	Q9UJ55.2	17.361	144	114	4	1	141	139	280	1.04e-04	47.9
Q6UDG6.1	Q9UJ55.2	14.615	130	108	2	15	142	172	300	0.001	44.5
Q6UDG6.1	Q9UJ55.2	16.260	123	100	2	13	134	182	302	0.020	40.6
Q6UDG6.1	O42854.1	18.321	131	104	3	6	135	1054	1182	6.81e-08	57.9
Q6UDG6.1	O42854.1	16.049	162	124	2	11	160	989	1150	1.66e-05	50.6
Q6UDG6.1	O42854.1	14.493	138	118	0	14	151	1100	1237	8.69e-05	48.3
Q6UDG6.1	O42854.1	17.089	158	112	4	13	151	1022	1179	3.99e-04	46.0
Q6UDG6.1	O42854.1	16.556	151	103	2	7	134	1109	1259	0.002	44.1
Q6UDG6.1	Q9Y6V0.5	12.782	133	114	2	10	142	407	537	1.20e-07	57.6
Q6UDG6.1	Q9Y6V0.5	13.223	121	103	2	11	130	442	561	1.21e-07	57.6
Q6UDG6.1	Q9Y6V0.5	15.789	133	109	1	9	138	382	514	6.31e-07	55.2
Q6UDG6.1	Q9Y6V0.5	12.308	130	110	2	8	134	429	557	3.83e-06	52.6
Q6UDG6.1	Q9Y6V0.5	14.286	154	127	4	9	160	464	614	5.43e-06	52.2
Q6UDG6.1	Q9Y6V0.5	13.534	133	103	3	21	142	351	482	4.52e-05	49.1
Q6UDG6.1	Q9Y6V0.5	17.532	154	108	3	8	142	359	512	2.18e-04	47.2
Q6UDG6.1	Q9Y6V0.5	17.361	144	111	4	11	146	307	450	6.12e-04	45.6
Q6UDG6.1	Q9Y6V0.5	10.000	130	111	3	10	138	320	444	0.001	44.8
Q6UDG6.1	Q9Y6V0.5	14.000	200	121	5	11	159	852	1051	0.006	42.5
Q6UDG6.1	Q9Y6V0.5	15.287	157	132	1	8	163	921	1077	0.007	42.2
Q6UDG6.1	Q9Y6V0.5	18.182	110	85	2	8	117	487	591	0.014	41.4
Q6UDG6.1	Q9Y6V0.5	15.200	125	98	1	23	139	290	414	0.015	41.4
Q6UDG6.1	Q9Y6V0.5	11.538	130	114	1	31	159	953	1082	0.029	40.2
Q6UDG6.1	Q9Y6V0.5	14.706	136	108	3	7	134	946	1081	0.050	39.5
Q6UDG6.1	Q2JSB7.1	15.429	175	134	2	13	173	163	337	2.08e-07	56.4
Q6UDG6.1	Q2JSB7.1	12.500	152	115	3	6	139	190	341	2.19e-05	49.9
Q6UDG6.1	Q2JSB7.1	14.765	149	124	1	8	156	108	253	1.09e-04	47.9
Q6UDG6.1	Q2JSB7.1	20.168	119	83	4	4	116	225	337	0.008	41.8
Q6UDG6.1	P16053.2	15.702	121	94	1	10	122	603	723	2.17e-07	56.4
Q6UDG6.1	P16053.2	16.667	90	72	2	54	142	624	711	1.66e-05	50.2
Q6UDG6.1	P16053.2	11.184	152	124	4	5	153	654	797	5.25e-04	45.6
Q6UDG6.1	P19835.3	16.547	139	111	3	13	149	583	718	3.18e-07	55.6
Q6UDG6.1	P19835.3	14.184	141	116	3	10	148	602	739	7.29e-07	54.5
Q6UDG6.1	P19835.3	17.037	135	106	4	10	142	613	743	1.70e-06	53.3
Q6UDG6.1	P19835.3	16.552	145	110	3	8	143	557	699	5.15e-06	51.8
Q6UDG6.1	P19835.3	16.535	127	94	3	10	125	624	749	1.58e-05	50.2
Q6UDG6.1	P19835.3	9.353	139	114	2	23	149	547	685	5.41e-05	48.7
Q6UDG6.1	A3DC27.1	14.839	155	116	4	7	146	362	515	4.38e-07	55.2
Q6UDG6.1	A3DC27.1	10.811	185	150	2	5	174	380	564	2.79e-06	52.6
Q6UDG6.1	A3DC27.1	16.981	159	117	4	8	151	285	443	3.42e-06	52.6
Q6UDG6.1	A3DC27.1	14.844	128	109	0	9	136	342	469	6.86e-06	51.4
Q6UDG6.1	A3DC27.1	17.986	139	108	3	12	146	335	471	4.78e-05	48.7
Q6UDG6.1	A3DC27.1	17.797	118	89	1	25	134	332	449	5.04e-05	48.7
Q6UDG6.1	A3DC27.1	16.867	166	121	4	12	160	258	423	1.00e-04	47.9
Q6UDG6.1	G1UBC2.2	17.143	140	110	3	1	135	300	438	8.62e-07	54.5
Q6UDG6.1	G1UBC2.2	17.931	145	112	2	7	150	383	521	9.76e-07	54.1
Q6UDG6.1	G1UBC2.2	15.686	153	119	3	8	150	325	477	2.12e-06	52.9
Q6UDG6.1	G1UBC2.2	19.658	117	85	3	7	114	427	543	4.82e-05	48.7
Q6UDG6.1	G1UBC2.2	14.493	138	108	3	8	135	345	482	1.56e-04	47.2
Q6UDG6.1	G1UBC2.2	17.037	135	99	3	7	130	407	539	3.99e-04	46.0
Q6UDG6.1	G1UBC2.2	16.514	109	89	2	7	113	471	579	0.022	40.2
Q6UDG6.1	G1UBC2.2	17.213	122	86	2	44	150	312	433	0.064	39.1
Q6UDG6.1	Q92954.3	12.687	134	116	1	8	141	391	523	8.63e-07	54.5
Q6UDG6.1	Q92954.3	13.699	146	115	2	8	142	446	591	4.19e-06	52.6
Q6UDG6.1	Q92954.3	12.766	141	104	1	21	142	373	513	1.23e-05	51.0
Q6UDG6.1	Q92954.3	13.433	134	114	1	8	141	438	569	1.39e-05	50.6
Q6UDG6.1	Q92954.3	17.857	140	109	3	8	142	477	615	2.11e-05	50.2
Q6UDG6.1	Q92954.3	19.310	145	102	4	8	139	683	825	3.44e-04	46.4
Q6UDG6.1	Q92954.3	16.949	118	88	2	35	142	671	788	4.92e-04	46.0
Q6UDG6.1	Q92954.3	14.286	161	126	3	8	156	399	559	0.001	44.8
Q6UDG6.1	Q92954.3	16.667	132	103	2	8	132	517	648	0.001	44.5
Q6UDG6.1	Q92954.3	17.949	117	91	1	8	124	337	448	0.002	43.7
Q6UDG6.1	Q92954.3	15.714	140	112	2	25	160	371	508	0.002	43.7
Q6UDG6.1	Q92954.3	13.571	140	112	3	8	141	707	843	0.003	43.3
Q6UDG6.1	Q92954.3	13.433	134	107	3	17	141	670	803	0.004	42.9
Q6UDG6.1	Q92954.3	13.889	144	115	3	8	142	501	644	0.004	42.9
Q6UDG6.1	Q92954.3	13.924	158	112	2	8	142	563	719	0.090	38.7
Q6UDG6.1	Q8K327.1	20.280	143	111	2	8	148	253	394	1.75e-06	53.3
Q6UDG6.1	Q8K327.1	19.118	136	106	2	6	137	262	397	9.20e-06	51.0
Q6UDG6.1	Q8K327.1	17.532	154	121	3	13	160	236	389	8.43e-04	44.8
Q6UDG6.1	Q8K327.1	12.500	96	83	1	21	115	95	190	0.003	43.3
Q6UDG6.1	Q8K327.1	16.429	140	114	2	13	152	216	352	0.005	42.5
Q6UDG6.1	Q8K327.1	13.836	159	124	4	5	152	185	341	0.008	41.8
Q6UDG6.1	Q8K327.1	14.706	136	109	2	2	131	87	221	0.053	39.1
Q6UDG6.1	Q9JKS4.1	17.742	124	96	2	32	155	381	498	2.47e-06	52.9
Q6UDG6.1	Q9JKS4.1	15.972	144	121	0	7	150	394	537	4.11e-05	49.1
Q6UDG6.1	Q9JKS4.1	16.346	104	84	1	12	112	382	485	8.51e-05	47.9
Q6UDG6.1	Q7V5M4.1	17.808	146	119	1	5	150	122	266	3.90e-06	52.6
Q6UDG6.1	Q7V5M4.1	17.391	115	83	2	27	129	157	271	4.11e-04	46.0
Q6UDG6.1	Q7V5M4.1	19.167	120	95	2	6	123	193	312	0.001	44.1
Q6UDG6.1	Q7V5M4.1	13.846	130	109	2	8	134	221	350	0.006	42.5
Q6UDG6.1	Q7V5M4.1	16.667	120	97	2	7	124	203	321	0.010	41.8
Q6UDG6.1	Q7V5M4.1	16.279	129	104	2	7	135	74	198	0.025	40.2
Q6UDG6.1	Q7V5M4.1	17.557	131	105	2	6	135	54	182	0.033	39.8
Q6UDG6.1	Q3AZB7.1	17.117	111	89	2	26	133	234	344	6.82e-06	51.8
Q6UDG6.1	Q3AZB7.1	14.563	103	86	2	8	110	271	371	6.40e-05	48.7
Q6UDG6.1	Q3AZB7.1	19.853	136	99	5	14	141	292	425	3.73e-04	46.0
Q6UDG6.1	Q3AZB7.1	18.868	106	84	2	31	135	261	365	6.02e-04	45.6
Q6UDG6.1	Q3AZB7.1	15.385	156	117	4	5	151	319	468	0.002	43.7
Q6UDG6.1	Q3AZB7.1	14.634	123	92	4	14	124	258	379	0.006	42.2
Q6UDG6.1	Q8CJ19.2	15.541	148	116	3	6	149	1184	1326	7.07e-06	51.8
Q6UDG6.1	A7H9F3.1	12.500	120	95	1	35	144	179	298	8.61e-06	51.4
Q6UDG6.1	A7H9F3.1	15.385	143	115	1	9	145	139	281	0.003	43.3
Q6UDG6.1	A7H9F3.1	13.740	131	108	1	7	132	183	313	0.015	41.0
Q6UDG6.1	Q8FPA7.1	22.321	112	74	3	29	132	84	190	9.31e-06	51.0
Q6UDG6.1	Q8FPA7.1	15.254	118	85	2	10	127	87	189	2.86e-05	49.5
Q6UDG6.1	Q8FPA7.1	17.986	139	111	1	6	144	33	168	8.23e-05	48.3
Q6UDG6.1	Q0CGY7.1	17.293	133	108	1	10	140	477	609	9.34e-06	51.4
Q6UDG6.1	Q8ZQD5.1	16.049	162	127	4	21	175	337	496	1.13e-05	51.0
Q6UDG6.1	Q8ZQD5.1	11.712	111	98	0	27	137	390	500	0.046	39.5
Q6UDG6.1	Q9LBG3.1	16.912	136	99	3	20	144	943	1075	1.24e-05	51.0
Q6UDG6.1	Q6PDK2.2	16.561	157	120	5	6	151	662	818	1.77e-05	50.6
Q6UDG6.1	Q6PDK2.2	20.896	134	103	2	10	141	4315	4447	6.87e-05	48.7
Q6UDG6.1	Q6PDK2.2	9.459	148	118	2	24	157	570	715	7.57e-05	48.7
Q6UDG6.1	Q6PDK2.2	14.793	169	120	3	11	160	570	733	2.62e-04	46.8
Q6UDG6.1	Q6PDK2.2	15.267	131	104	3	38	162	651	780	0.016	41.0
Q6UDG6.1	Q6PDK2.2	13.534	133	107	4	28	156	664	792	0.085	38.7
Q6UDG6.1	O75112.2	11.200	125	109	1	27	151	380	502	2.19e-05	49.9
Q6UDG6.1	O75112.2	14.394	132	112	1	7	138	398	528	1.62e-04	47.2
Q6UDG6.1	O75112.2	16.800	125	103	1	12	136	386	509	5.40e-04	45.6
Q6UDG6.1	O75112.2	16.031	131	99	3	12	133	409	537	0.008	41.8
Q6UDG6.1	A0QLI5.1	22.430	107	62	4	27	114	455	559	3.14e-05	49.5
Q6UDG6.1	A0QLI5.1	14.615	130	107	3	10	136	429	557	6.79e-05	48.3
Q6UDG6.1	A0QLI5.1	16.892	148	117	2	7	151	474	618	0.003	43.3
Q6UDG6.1	Q4JV51.1	20.952	105	79	2	26	129	113	214	3.25e-05	49.5
Q6UDG6.1	Q4JV51.1	11.888	143	111	4	7	145	117	248	7.21e-05	48.3
Q6UDG6.1	Q4JV51.1	11.429	105	89	2	33	135	94	196	0.062	39.1
Q6UDG6.1	A5GNJ0.1	18.919	111	83	2	30	135	192	300	3.42e-05	49.5
Q6UDG6.1	A5GNJ0.1	17.188	128	102	3	8	132	187	313	3.73e-05	49.5
Q6UDG6.1	A5GNJ0.1	21.986	141	90	3	17	137	130	270	0.001	44.5
Q6UDG6.1	A5GNJ0.1	21.875	96	68	2	6	101	222	310	0.004	42.9
Q6UDG6.1	Q9XIB6.1	11.278	133	114	1	11	139	685	817	3.45e-05	49.5
Q6UDG6.1	Q9XIB6.1	15.436	149	120	3	12	156	646	792	0.006	42.2
Q6UDG6.1	Q9XIB6.1	17.054	129	98	2	12	131	403	531	0.041	39.5
Q6UDG6.1	O14686.2	15.385	130	107	1	29	155	4267	4396	5.68e-05	49.1
Q6UDG6.1	O14686.2	18.182	132	103	4	13	141	4267	4396	1.84e-04	47.2
Q6UDG6.1	O14686.2	13.971	136	111	2	28	160	690	822	6.19e-04	45.6
Q6UDG6.1	O14686.2	14.966	147	118	4	8	151	4279	4421	0.018	41.0
Q6UDG6.1	Q9Y493.5	16.529	121	96	3	5	124	680	796	5.95e-05	48.7
Q6UDG6.1	Q9Y493.5	15.294	170	127	3	5	160	841	1007	1.94e-04	47.2
Q6UDG6.1	Q9Y493.5	12.950	139	108	4	5	136	897	1029	0.001	44.5
Q6UDG6.1	Q9Y493.5	14.194	155	129	2	5	159	708	858	0.002	43.7
Q6UDG6.1	Q9Y493.5	12.438	201	129	3	5	159	589	788	0.003	43.3
Q6UDG6.1	Q9Y493.5	19.130	115	78	3	31	130	681	795	0.005	42.5
Q6UDG6.1	Q9Y493.5	13.559	118	93	3	26	134	535	652	0.016	41.0
Q6UDG6.1	O81765.1	19.388	98	72	2	40	132	416	511	6.42e-05	48.3
Q6UDG6.1	O81765.1	17.647	102	82	1	8	109	417	516	3.87e-04	46.0
Q6UDG6.1	B2HKS2.1	22.222	99	61	3	21	112	160	249	7.38e-05	48.3
Q6UDG6.1	B2HKS2.1	20.000	90	64	4	30	118	157	239	8.08e-04	45.2
Q6UDG6.1	P89459.1	18.919	148	108	5	18	156	271	415	7.51e-05	48.7
Q6UDG6.1	O43426.2	17.037	135	107	2	13	142	1148	1282	7.54e-05	48.3
Q6UDG6.1	O43426.2	36.000	50	29	1	46	95	1054	1100	0.039	39.8
Q6UDG6.1	Q96JM3.2	24.779	113	77	4	8	113	252	363	7.77e-05	48.3
Q6UDG6.1	Q96JM3.2	17.241	145	110	4	8	142	263	407	6.51e-04	45.2
Q6UDG6.1	Q96JM3.2	17.857	112	91	1	27	138	251	361	0.001	44.5
Q6UDG6.1	Q96JM3.2	17.361	144	114	2	10	152	212	351	0.007	42.2
Q6UDG6.1	Q96JM3.2	20.755	106	80	2	40	143	251	354	0.008	41.8
Q6UDG6.1	Q96JM3.2	18.750	128	93	2	36	159	108	228	0.010	41.4
Q6UDG6.1	Q96JM3.2	19.417	103	76	3	9	110	121	217	0.026	40.2
Q6UDG6.1	Q96JM3.2	13.675	117	97	2	18	134	251	363	0.030	39.8
Q6UDG6.1	Q96JM3.2	15.328	137	111	1	11	142	133	269	0.059	39.1
Q6UDG6.1	Q96JM3.2	15.385	156	120	2	11	155	155	309	0.069	38.7
Q6UDG6.1	A5H447.1	11.290	124	109	1	22	144	212	335	1.35e-04	47.5
Q6UDG6.1	A5H447.1	14.110	163	128	2	10	160	222	384	0.001	44.8
Q6UDG6.1	A0PQC4.1	21.429	98	63	3	21	112	158	247	1.46e-04	47.5
Q6UDG6.1	A0PQC4.1	15.464	97	75	4	47	138	153	247	0.045	39.5
Q6UDG6.1	B1XI09.1	14.286	154	130	2	5	158	119	270	1.98e-04	47.2
Q6UDG6.1	B1XI09.1	19.149	141	106	3	5	141	103	239	0.060	39.1
Q6UDG6.1	Q8CHC4.3	19.149	141	98	3	14	142	1144	1280	2.05e-04	47.2
Q6UDG6.1	Q8CHC4.3	18.584	113	90	1	15	125	1196	1308	0.004	42.9
Q6UDG6.1	Q8CHC4.3	17.544	114	87	3	10	120	1170	1279	0.023	40.6
Q6UDG6.1	P06914.1	21.000	100	70	3	20	118	132	223	2.56e-04	46.0
Q6UDG6.1	P06914.1	19.266	109	81	3	4	111	134	236	0.005	42.2
Q6UDG6.1	P17599.2	10.588	170	131	2	8	156	522	691	2.62e-04	46.4
Q6UDG6.1	P17599.2	12.102	157	110	4	8	142	513	663	0.005	42.5
Q6UDG6.1	P17599.2	11.650	103	79	1	36	138	497	587	0.010	41.4
Q6UDG6.1	P17599.2	15.909	132	98	4	6	129	566	692	0.079	38.7
Q6UDG6.1	Q62407.2	16.667	138	112	1	6	143	2149	2283	2.95e-04	46.8
Q6UDG6.1	Q62407.2	11.765	136	120	0	9	144	2182	2317	0.008	42.2
Q6UDG6.1	Q62407.2	11.565	147	116	3	25	159	520	664	0.011	41.8
Q6UDG6.1	C4YHA6.1	13.103	145	125	1	8	151	422	566	5.61e-04	45.2
Q6UDG6.1	C4YHA6.1	14.634	123	102	2	25	144	414	536	0.008	41.8
Q6UDG6.1	C4YHA6.1	17.007	147	116	4	7	152	451	592	0.018	40.6
Q6UDG6.1	A0P8X0.1	14.159	113	97	0	24	136	978	1090	6.26e-04	45.6
Q6UDG6.1	A0P8X0.1	16.038	106	79	1	17	112	991	1096	0.023	40.6
Q6UDG6.1	Q2J728.1	16.495	97	78	2	27	122	160	254	0.001	44.8
Q6UDG6.1	Q3AHW1.1	14.765	149	92	4	14	127	157	305	0.001	44.5
Q6UDG6.1	Q3AHW1.1	15.172	145	112	2	5	143	255	394	0.018	41.0
Q6UDG6.1	Q8LPG9.1	17.355	121	96	2	25	141	106	226	0.002	44.1
Q6UDG6.1	Q8LPG9.1	13.636	132	95	2	13	125	105	236	0.020	40.6
Q6UDG6.1	A5GVG4.1	20.952	105	83	0	6	110	322	426	0.002	44.1
Q6UDG6.1	A5GVG4.1	12.500	136	106	1	11	133	255	390	0.006	42.2
Q6UDG6.1	A5GVG4.1	17.857	140	113	2	18	156	308	446	0.013	41.4
Q6UDG6.1	A2QBZ0.1	14.563	103	85	1	45	144	944	1046	0.002	44.1
Q6UDG6.1	A2QBZ0.1	9.000	100	91	0	6	105	949	1048	0.006	42.5
Q6UDG6.1	Q91Z58.2	14.655	116	96	2	10	123	264	378	0.002	44.1
Q6UDG6.1	Q91Z58.2	13.287	143	112	4	21	152	611	752	0.020	40.6
Q6UDG6.1	Q91Z58.2	15.217	138	112	2	15	151	631	764	0.089	38.7
Q6UDG6.1	Q8GX23.1	18.667	75	61	0	52	126	82	156	0.002	43.7
Q6UDG6.1	Q8GX23.1	13.158	76	66	0	14	89	80	155	0.016	41.0
Q6UDG6.1	Q86UP3.1	14.615	130	108	2	26	152	2337	2466	0.002	43.7
Q6UDG6.1	P15941.3	18.248	137	107	2	2	135	115	249	0.002	43.7
Q6UDG6.1	P15941.3	17.742	124	98	1	16	135	106	229	0.003	43.3
Q6UDG6.1	P15941.3	17.460	126	99	2	13	135	146	269	0.006	42.2
Q6UDG6.1	P15941.3	17.460	126	99	2	13	135	166	289	0.006	42.2
Q6UDG6.1	P15941.3	17.460	126	99	2	13	135	186	309	0.006	42.2
Q6UDG6.1	P15941.3	17.460	126	99	2	13	135	206	329	0.006	42.2
Q6UDG6.1	P15941.3	17.460	126	99	2	13	135	226	349	0.006	42.2
Q6UDG6.1	P15941.3	17.460	126	99	2	13	135	246	369	0.006	42.2
Q6UDG6.1	P15941.3	17.460	126	99	2	13	135	266	389	0.006	42.2
Q6UDG6.1	P15941.3	17.460	126	99	2	13	135	286	409	0.006	42.2
Q6UDG6.1	P15941.3	17.460	126	99	2	13	135	306	429	0.006	42.2
Q6UDG6.1	P15941.3	17.460	126	99	2	13	135	326	449	0.006	42.2
Q6UDG6.1	P15941.3	17.460	126	99	2	13	135	346	469	0.006	42.2
Q6UDG6.1	P15941.3	17.460	126	99	2	13	135	366	489	0.006	42.2
Q6UDG6.1	P15941.3	17.460	126	99	2	13	135	386	509	0.006	42.2
Q6UDG6.1	P15941.3	17.460	126	99	2	13	135	406	529	0.006	42.2
Q6UDG6.1	P15941.3	17.460	126	99	2	13	135	426	549	0.006	42.2
Q6UDG6.1	P15941.3	17.460	126	99	2	13	135	446	569	0.006	42.2
Q6UDG6.1	P15941.3	17.460	126	99	2	13	135	466	589	0.006	42.2
Q6UDG6.1	P15941.3	17.460	126	99	2	13	135	486	609	0.006	42.2
Q6UDG6.1	P15941.3	17.460	126	99	2	13	135	506	629	0.006	42.2
Q6UDG6.1	P15941.3	17.460	126	99	2	13	135	526	649	0.006	42.2
Q6UDG6.1	P15941.3	17.460	126	99	2	13	135	546	669	0.006	42.2
Q6UDG6.1	P15941.3	17.460	126	99	2	13	135	566	689	0.006	42.2
Q6UDG6.1	P15941.3	17.460	126	99	2	13	135	586	709	0.006	42.2
Q6UDG6.1	P15941.3	17.460	126	99	2	13	135	606	729	0.006	42.2
Q6UDG6.1	P15941.3	17.460	126	99	2	13	135	626	749	0.006	42.2
Q6UDG6.1	P15941.3	17.460	126	99	2	13	135	646	769	0.006	42.2
Q6UDG6.1	P15941.3	17.460	126	99	2	13	135	666	789	0.006	42.2
Q6UDG6.1	P15941.3	17.460	126	99	2	13	135	686	809	0.006	42.2
Q6UDG6.1	P15941.3	17.460	126	99	2	13	135	706	829	0.006	42.2
Q6UDG6.1	P15941.3	17.460	126	99	2	13	135	726	849	0.006	42.2
Q6UDG6.1	P15941.3	17.460	126	99	2	13	135	746	869	0.006	42.2
Q6UDG6.1	P15941.3	17.460	126	99	2	13	135	766	889	0.006	42.2
Q6UDG6.1	P15941.3	17.460	126	99	2	13	135	786	909	0.006	42.2
Q6UDG6.1	P15941.3	17.460	126	99	2	13	135	806	929	0.006	42.2
Q6UDG6.1	P15941.3	16.667	126	100	2	13	135	826	949	0.012	41.4
Q6UDG6.1	P15941.3	12.308	130	113	1	13	141	846	975	0.017	41.0
Q6UDG6.1	P15941.3	17.518	137	108	2	2	135	75	209	0.040	39.8
Q6UDG6.1	Q8WXD9.1	14.516	124	100	3	10	130	711	831	0.002	43.7
Q6UDG6.1	Q8WXD9.1	19.828	116	79	3	31	133	1221	1335	0.004	42.9
Q6UDG6.1	Q8WXD9.1	26.087	92	60	3	4	88	730	820	0.050	39.5
Q6UDG6.1	Q9T076.1	14.394	132	110	1	8	136	148	279	0.003	42.9
Q6UDG6.1	A3LN86.2	17.476	103	82	1	1	103	1195	1294	0.003	43.3
Q6UDG6.1	Q2JMD7.1	12.195	164	118	3	5	142	167	330	0.004	42.9
Q6UDG6.1	Q2JMD7.1	12.676	142	113	3	10	142	85	224	0.005	42.5
Q6UDG6.1	Q2JMD7.1	16.406	128	104	2	14	139	123	249	0.016	41.0
Q6UDG6.1	Q2JMD7.1	13.043	161	132	4	1	160	127	280	0.017	41.0
Q6UDG6.1	Q2JMD7.1	12.865	171	129	2	8	158	186	356	0.055	39.1
Q6UDG6.1	Q6JHU9.1	14.286	154	129	1	2	152	816	969	0.004	42.9
Q6UDG6.1	P09951.3	18.750	128	100	2	6	129	563	690	0.005	42.5
Q6UDG6.1	P75330.1	19.318	88	70	1	26	112	169	256	0.005	41.8
Q6UDG6.1	P75330.1	20.690	87	68	1	38	123	169	255	0.006	41.4
Q6UDG6.1	Q5H9F3.2	17.568	148	120	2	7	153	192	338	0.006	42.5
Q6UDG6.1	Q8VHG2.3	18.095	105	83	2	36	138	1015	1118	0.007	42.2
Q6UDG6.1	Q9UF83.2	17.647	136	112	0	13	148	171	306	0.008	41.8
Q6UDG6.1	Q9UF83.2	11.429	105	93	0	23	127	54	158	0.023	40.2
Q6UDG6.1	P9WEM4.1	15.385	104	85	1	33	133	834	937	0.008	41.8
Q6UDG6.1	P9WEM4.1	15.827	139	109	4	8	141	871	1006	0.063	39.1
Q6UDG6.1	Q6BRR2.2	14.607	89	76	0	25	113	976	1064	0.009	41.8
Q6UDG6.1	Q6BRR2.2	16.667	120	88	3	21	129	997	1115	0.009	41.8
Q6UDG6.1	Q6ZRS2.3	11.656	163	125	2	12	155	1564	1726	0.010	41.8
Q6UDG6.1	Q6ZRS2.3	21.488	121	83	1	21	129	1383	1503	0.035	39.8
Q6UDG6.1	Q6ZRS2.3	14.062	128	103	2	14	137	1615	1739	0.036	39.8
Q6UDG6.1	Q1DAM6.1	16.327	98	82	0	19	116	48	145	0.011	41.4
Q6UDG6.1	Q767L8.1	18.605	129	102	1	7	135	1267	1392	0.011	41.4
Q6UDG6.1	Q767L8.1	16.547	139	102	4	16	141	1183	1320	0.015	41.0
Q6UDG6.1	Q767L8.1	18.657	134	104	2	8	141	1071	1199	0.026	40.2
Q6UDG6.1	Q767L8.1	9.483	116	105	0	20	135	1233	1348	0.050	39.5
Q6UDG6.1	Q767L8.1	9.524	126	108	1	16	135	1460	1585	0.083	38.7
Q6UDG6.1	Q767L8.1	14.179	134	113	1	13	144	1003	1136	0.090	38.7
Q6UDG6.1	Q5R5Q2.1	17.219	151	110	3	6	141	648	798	0.012	41.4
Q6UDG6.1	P74745.1	17.822	101	83	0	38	138	435	535	0.012	41.0
Q6UDG6.1	P13608.3	12.698	126	86	3	10	114	814	936	0.012	41.4
Q6UDG6.1	P13608.3	16.327	147	106	2	7	136	781	927	0.099	38.7
Q6UDG6.1	Q6A7M5.1	16.216	111	75	2	10	104	112	220	0.013	41.4
Q6UDG6.1	Q63638.2	11.940	134	111	1	5	131	2764	2897	0.013	41.4
Q6UDG6.1	Q63638.2	14.286	133	108	2	10	137	2758	2889	0.062	39.1
Q6UDG6.1	Q63638.2	15.126	119	90	3	33	150	2773	2881	0.099	38.7
Q6UDG6.1	Q1HVH9.1	19.853	136	87	5	14	129	389	522	0.013	41.4
Q6UDG6.1	Q1HVH9.1	21.839	87	57	2	8	94	444	519	0.030	40.2
Q6UDG6.1	B8FCY5.1	11.168	197	147	3	8	176	225	421	0.014	41.0
Q6UDG6.1	Q04118.3	20.000	130	99	2	12	136	142	271	0.014	40.6
Q6UDG6.1	Q04118.3	17.424	132	104	2	12	138	121	252	0.015	40.6
Q6UDG6.1	Q04118.3	18.182	132	103	2	12	138	100	231	0.032	39.5
Q6UDG6.1	Q04118.3	20.721	111	84	1	12	118	163	273	0.039	39.1
Q6UDG6.1	Q04118.3	17.424	132	104	2	12	138	79	210	0.062	38.7
Q6UDG6.1	Q9LJ64.1	17.021	94	77	1	25	118	539	631	0.015	41.0
Q6UDG6.1	Q9LJ64.1	11.966	117	103	0	25	141	453	569	0.069	39.1
Q6UDG6.1	D4DIW9.1	21.212	66	49	2	29	92	427	491	0.015	41.0
Q6UDG6.1	Q15772.4	16.794	131	106	3	11	139	2163	2292	0.015	41.0
Q6UDG6.1	Q15772.4	15.441	136	105	3	6	134	2144	2276	0.016	41.0
Q6UDG6.1	Q15772.4	11.392	79	68	1	25	103	515	591	0.040	39.8
Q6UDG6.1	Q15772.4	10.909	165	123	5	8	150	2176	2338	0.073	39.1
Q6UDG6.1	Q5ZMJ9.1	17.822	101	81	1	43	143	598	696	0.017	41.0
Q6UDG6.1	Q5ZMJ9.1	13.158	152	126	1	6	151	627	778	0.063	39.1
Q6UDG6.1	Q5KSL6.1	19.444	72	58	0	40	111	121	192	0.017	41.0
Q6UDG6.1	Q5H9T9.3	12.000	150	130	2	5	152	275	424	0.017	40.6
Q6UDG6.1	E9PAV3.1	14.737	95	81	0	40	134	1346	1440	0.022	40.6
Q6UDG6.1	E9PAV3.1	16.000	125	103	2	13	135	1347	1471	0.044	39.5
Q6UDG6.1	P03186.1	16.667	120	94	3	24	142	445	559	0.023	40.6
Q6UDG6.1	P03186.1	19.853	136	87	5	14	129	384	517	0.023	40.6
Q6UDG6.1	Q8IYB3.2	15.596	109	92	0	34	142	607	715	0.025	40.2
Q6UDG6.1	Q8IYB3.2	16.514	109	85	1	6	108	634	742	0.053	39.1
Q6UDG6.1	P0C727.1	14.583	144	114	2	13	147	12	155	0.025	40.2
Q6UDG6.1	P0C727.1	16.176	136	108	2	10	139	723	858	0.054	39.1
Q6UDG6.1	P0C727.1	15.646	147	115	2	10	147	43	189	0.056	39.1
Q6UDG6.1	P0C727.1	15.646	147	115	2	10	147	77	223	0.056	39.1
Q6UDG6.1	P0C727.1	15.646	147	115	2	10	147	111	257	0.056	39.1
Q6UDG6.1	P0C727.1	15.646	147	115	2	10	147	145	291	0.056	39.1
Q6UDG6.1	P0C727.1	15.646	147	115	2	10	147	179	325	0.056	39.1
Q6UDG6.1	P0C727.1	15.646	147	115	2	10	147	213	359	0.056	39.1
Q6UDG6.1	P0C727.1	15.646	147	115	2	10	147	247	393	0.056	39.1
Q6UDG6.1	P0C727.1	15.646	147	115	2	10	147	281	427	0.056	39.1
Q6UDG6.1	P0C727.1	15.646	147	115	2	10	147	315	461	0.056	39.1
Q6UDG6.1	P0C727.1	15.646	147	115	2	10	147	349	495	0.056	39.1
Q6UDG6.1	P0C727.1	15.646	147	115	2	10	147	383	529	0.056	39.1
Q6UDG6.1	P0C727.1	15.646	147	115	2	10	147	417	563	0.056	39.1
Q6UDG6.1	P0C727.1	15.646	147	115	2	10	147	451	597	0.056	39.1
Q6UDG6.1	P0C727.1	15.646	147	115	2	10	147	485	631	0.056	39.1
Q6UDG6.1	P0C727.1	15.646	147	115	2	10	147	519	665	0.056	39.1
Q6UDG6.1	P0C727.1	15.646	147	115	2	10	147	553	699	0.056	39.1
Q6UDG6.1	P0C727.1	15.646	147	115	2	10	147	587	733	0.056	39.1
Q6UDG6.1	P0C727.1	15.646	147	115	2	10	147	621	767	0.056	39.1
Q6UDG6.1	P0C727.1	15.646	147	115	2	10	147	655	801	0.056	39.1
Q6UDG6.1	P0C727.1	15.646	147	115	2	10	147	689	835	0.056	39.1
Q6UDG6.1	Q58HI1.1	16.568	169	111	2	10	148	601	769	0.026	40.2
Q6UDG6.1	Q58HI1.1	15.625	160	123	3	8	159	554	709	0.065	39.1
Q6UDG6.1	A1DHK2.1	13.514	111	94	1	15	125	1008	1116	0.026	40.2
Q6UDG6.1	Q62901.2	10.744	121	107	1	21	141	738	857	0.026	40.2
Q6UDG6.1	A1R516.1	15.200	125	87	3	25	130	123	247	0.026	40.2
Q6UDG6.1	A1R516.1	18.293	82	50	2	1	80	193	259	0.041	39.5
Q6UDG6.1	Q9P2R6.2	11.765	119	105	0	21	139	739	857	0.027	40.2
Q6UDG6.1	Q3KST1.1	18.421	114	81	2	9	118	660	765	0.028	40.2
Q6UDG6.1	O15534.2	20.238	84	62	1	40	118	883	966	0.028	40.2
Q6UDG6.1	Q9NZ56.4	13.793	174	128	4	8	160	257	429	0.030	40.2
Q6UDG6.1	Q0I7K2.1	11.429	140	121	2	13	152	180	316	0.031	40.2
Q6UDG6.1	Q9QZ04.2	19.565	138	104	4	10	142	557	692	0.034	39.8
Q6UDG6.1	Q9QZ04.2	12.195	164	131	3	13	165	524	685	0.073	38.7
Q6UDG6.1	Q9WU42.3	12.667	150	121	2	20	159	1894	2043	0.036	39.8
Q6UDG6.1	Q3E8Z8.1	13.542	96	77	2	7	102	592	681	0.036	39.8
Q6UDG6.1	Q8R4X3.3	20.513	78	60	2	38	115	710	785	0.041	39.5
Q6UDG6.1	Q80TZ9.3	18.868	106	85	1	21	125	739	844	0.045	39.5
Q6UDG6.1	Q8WQ86.1	13.125	160	139	0	20	179	186	345	0.048	39.1
Q6UDG6.1	Q4X0M4.1	12.637	182	134	6	21	179	1055	1234	0.049	39.5
Q6UDG6.1	Q9LXB8.1	10.563	142	127	0	10	151	159	300	0.050	39.1
Q6UDG6.1	Q9LXB8.1	12.245	147	128	1	10	156	60	205	0.072	38.3
Q6UDG6.1	Q924A2.2	16.084	143	98	2	15	135	2031	2173	0.051	39.5
Q6UDG6.1	P55200.3	12.644	174	143	3	5	177	3537	3702	0.053	39.5
Q6UDG6.1	A2R4T4.2	12.800	125	109	0	23	147	800	924	0.053	39.5
Q6UDG6.1	Q9H3S7.1	16.279	129	104	2	25	153	749	873	0.053	39.5
Q6UDG6.1	P45481.3	13.423	149	126	1	7	152	821	969	0.056	39.5
Q6UDG6.1	P17600.3	14.394	132	100	2	6	129	565	691	0.057	39.1
Q6UDG6.1	A1EGX6.1	18.857	175	105	5	9	146	545	719	0.060	39.1
Q6UDG6.1	A1EGX6.1	12.863	241	174	6	5	222	582	809	0.081	38.7
Q6UDG6.1	O88935.2	18.750	128	100	2	6	129	565	692	0.064	39.1
Q6UDG6.1	P10220.1	13.889	108	85	2	14	121	436	535	0.066	39.1
Q6UDG6.1	Q2IPZ7.1	18.072	83	68	0	28	110	218	300	0.074	38.7
Q6UDG6.1	P17657.2	17.308	104	80	2	10	109	106	207	0.082	37.9
Q6UDG6.1	Q2UDY8.1	15.789	152	108	3	2	146	1153	1291	0.083	38.7
Q6UDG6.1	Q6NZ18.1	13.740	131	109	1	15	141	375	505	0.084	38.3
Q6UDG6.1	C5XYW4.1	17.355	121	97	2	19	137	80	199	0.087	37.5
Q6UDG6.1	Q02910.2	16.964	112	93	0	14	125	478	589	0.089	38.7
Q6UDG6.1	D3YZU1.1	21.774	124	94	2	34	154	1455	1578	0.091	38.7
Q6UDG6.1	Q9WV48.1	21.774	124	94	2	34	154	1455	1578	0.095	38.7
Q6UDG6.1	E1B7L7.1	16.774	155	122	4	33	187	21	168	0.097	38.3
Q6UDG6.1	A8MM35.1	32.727	220	143	3	145	361	5	222	2.02e-139	398
Q6UDG6.1	B4RLL6.1	39.726	219	127	4	147	361	2	219	3.51e-139	397
Q6UDG6.1	B2TQZ9.1	34.545	220	139	3	145	361	5	222	8.56e-139	396
Q6UDG6.1	B7GMM1.1	34.081	223	142	3	142	361	2	222	1.14e-138	396
Q6UDG6.1	P39615.1	36.323	223	137	3	142	361	2	222	1.62e-138	395
Q6UDG6.1	P43731.1	38.813	219	129	4	147	361	2	219	1.66e-138	395
Q6UDG6.1	Q7MNR0.2	38.009	221	132	4	146	362	4	223	2.59e-138	395
Q6UDG6.1	A9LZA2.1	39.726	219	127	4	147	361	2	219	3.65e-138	394
Q6UDG6.1	B0UWA7.1	39.545	220	128	4	147	362	2	220	1.19e-137	393
Q6UDG6.1	A1KU26.1	39.726	219	127	4	147	361	2	219	1.48e-137	393
Q6UDG6.1	B8FSV8.1	31.982	222	147	2	142	361	1	220	2.17e-137	392
Q6UDG6.1	A5UBC0.1	37.900	219	131	4	147	361	2	219	1.39e-136	390
Q6UDG6.1	Q9JUC4.1	39.269	219	128	4	147	361	2	219	1.39e-136	390
Q6UDG6.1	Q65VN0.1	36.986	219	133	4	147	361	2	219	1.72e-136	390
Q6UDG6.1	A7GVE5.1	34.375	224	142	3	142	362	2	223	1.75e-136	390
Q6UDG6.1	Q4QPM6.1	37.900	219	131	4	147	361	2	219	2.16e-136	390
Q6UDG6.1	Q0TUH0.1	32.432	222	145	3	144	362	4	223	3.33e-136	390
Q6UDG6.1	Q5L9D9.1	36.199	221	136	3	142	359	2	220	1.14e-135	388
Q6UDG6.1	A6M317.1	33.182	220	142	3	145	361	5	222	1.17e-135	388
Q6UDG6.1	Q720K2.1	34.821	224	141	3	142	362	1	222	2.11e-135	387
Q6UDG6.1	Q92CI1.1	34.375	224	142	3	142	362	1	222	4.06e-135	386
Q6UDG6.1	Q8XNR7.1	31.982	222	146	3	144	362	4	223	6.04e-135	386
Q6UDG6.1	Q0SWB8.1	32.432	222	145	3	144	362	4	223	8.38e-135	386
Q6UDG6.1	B7HYF9.1	34.389	221	140	3	145	362	5	223	9.05e-135	386
Q6UDG6.1	A7ZA24.1	37.054	224	136	3	142	362	2	223	1.17e-134	386
Q6UDG6.1	Q630K2.1	34.375	224	142	3	142	362	2	223	1.24e-134	385
Q6UDG6.1	A3MZ80.1	36.073	219	135	4	147	361	2	219	1.58e-134	385
Q6UDG6.1	C1DQR0.1	38.767	227	133	4	140	362	5	229	1.65e-134	385
Q6UDG6.1	Q87SC4.1	34.821	224	141	4	143	362	1	223	1.66e-134	385
Q6UDG6.1	A7MS85.1	34.545	220	139	4	147	362	5	223	2.13e-134	385
Q6UDG6.1	B8F6C3.1	37.273	220	132	4	147	362	2	219	3.24e-134	384
Q6UDG6.1	Q72X51.1	34.389	221	140	3	145	362	5	223	4.42e-134	384
Q6UDG6.1	Q8A5V6.1	35.747	221	137	3	142	359	2	220	4.50e-134	384
Q6UDG6.1	C5D9T3.1	34.081	223	142	3	142	361	1	221	4.76e-134	384
Q6UDG6.1	Q836Z5.1	34.821	224	141	3	142	362	2	223	5.06e-134	384
Q6UDG6.1	C4LC44.1	35.616	219	136	4	147	361	2	219	6.96e-134	383
Q6UDG6.1	Q182G9.1	33.184	223	144	3	142	361	1	221	7.79e-134	383
Q6UDG6.1	A5F5R5.1	34.234	222	141	4	143	360	1	221	1.29e-133	383
Q6UDG6.1	A6L7T5.1	36.199	221	136	3	142	359	2	220	1.48e-133	383
Q6UDG6.1	Q0T1S6.1	38.073	218	130	4	146	359	4	220	3.13e-133	382
Q6UDG6.1	A8FIM7.1	35.426	223	139	3	142	361	2	222	3.32e-133	382
Q6UDG6.1	Q6HAN7.1	33.484	221	142	3	145	362	5	223	3.61e-133	382
Q6UDG6.1	A9VSJ0.1	32.579	221	144	3	145	362	5	223	5.35e-133	381
Q6UDG6.1	Q8Y7P6.1	34.375	224	142	3	142	362	1	222	6.64e-133	381
Q6UDG6.1	A8A392.1	38.073	218	130	4	146	359	4	220	1.09e-132	381
Q6UDG6.1	Q8UCM8.1	35.193	233	145	4	134	362	1	231	1.43e-132	381
Q6UDG6.1	A8GI39.1	37.168	226	135	5	143	362	1	225	1.75e-132	380
Q6UDG6.1	B6EKY3.1	35.909	220	136	4	145	360	1	219	2.03e-132	380
Q6UDG6.1	B5Z154.1	38.073	218	130	4	146	359	4	220	2.08e-132	380
Q6UDG6.1	Q03GV8.1	33.482	224	144	3	142	362	2	223	2.54e-132	380
Q6UDG6.1	Q5KUD0.1	34.081	223	142	3	142	361	1	221	2.85e-132	379
Q6UDG6.1	C6DC11.1	37.168	226	135	5	143	362	1	225	3.00e-132	379
Q6UDG6.1	A6TCJ2.1	36.652	221	135	4	143	359	1	220	3.51e-132	379
Q6UDG6.1	B7MYL3.1	38.532	218	129	4	146	359	4	220	3.67e-132	379
Q6UDG6.1	Q65DN9.1	36.161	224	138	3	142	362	2	223	3.83e-132	379
Q6UDG6.1	A0RLI1.1	33.484	221	142	3	145	362	5	223	3.96e-132	379
Q6UDG6.1	A1AEB0.1	38.073	218	130	4	146	359	4	220	4.28e-132	379
Q6UDG6.1	Q8FF08.3	38.073	218	130	4	146	359	4	220	4.91e-132	379
Q6UDG6.1	B5FAJ7.1	35.160	219	137	4	145	359	1	218	4.97e-132	379
Q6UDG6.1	B7LUY5.1	38.532	218	129	4	146	359	4	220	5.74e-132	379
Q6UDG6.1	B7NRN6.1	38.073	218	130	4	146	359	4	220	7.97e-132	378
Q6UDG6.1	B7JHM3.1	33.484	221	142	3	145	362	5	223	8.90e-132	378
Q6UDG6.1	A1JKI8.1	35.841	226	138	5	143	362	1	225	9.47e-132	378
Q6UDG6.1	C0Z887.1	35.714	224	139	3	142	362	2	223	1.05e-131	378
Q6UDG6.1	B5XNF8.1	35.747	221	137	4	143	359	1	220	2.09e-131	378
Q6UDG6.1	Q5E2Y8.1	35.160	219	137	4	145	359	1	218	2.65e-131	377
Q6UDG6.1	A4ITQ2.1	34.081	223	142	3	142	361	1	221	2.80e-131	377
Q6UDG6.1	C3LFS7.1	33.484	221	142	3	145	362	5	223	2.87e-131	377
Q6UDG6.1	Q5WAZ9.1	33.482	224	144	3	142	362	1	222	3.52e-131	377
Q6UDG6.1	Q6D208.1	37.611	226	134	5	143	362	1	225	3.76e-131	377
Q6UDG6.1	A7GVX1.1	38.326	227	136	3	137	361	2	226	3.79e-131	377
Q6UDG6.1	A8AD07.1	38.009	221	132	4	143	359	1	220	5.17e-131	376
Q6UDG6.1	B7HG60.1	33.484	221	142	3	145	362	5	223	7.92e-131	376
Q6UDG6.1	A0KMZ1.1	35.023	217	136	4	147	359	2	217	8.86e-131	376
Q6UDG6.1	B4F058.1	34.529	223	141	4	143	361	1	222	1.31e-130	375
Q6UDG6.1	A0Q7Y8.1	37.156	218	132	4	148	361	2	218	1.52e-130	375
Q6UDG6.1	Q7VMC0.1	38.182	220	131	4	147	362	2	220	1.59e-130	375
Q6UDG6.1	Q9K682.1	33.482	224	144	3	142	362	1	222	2.05e-130	375
Q6UDG6.1	Q92LU5.1	37.281	228	137	4	139	362	1	226	3.17e-130	375
Q6UDG6.1	A4SK71.1	34.722	216	136	4	148	359	3	217	4.05e-130	374
Q6UDG6.1	A6TVW5.1	33.184	223	144	3	142	361	1	221	5.77e-130	374
Q6UDG6.1	Q6F9Y2.1	35.043	234	145	5	133	361	4	235	7.70e-130	374
Q6UDG6.1	B0KV50.1	34.934	229	143	4	138	362	2	228	8.07e-130	373
Q6UDG6.1	Q7N1U8.1	37.611	226	134	5	143	362	1	225	1.21e-129	373
Q6UDG6.1	A6VLV4.1	37.900	219	131	4	147	361	2	219	1.29e-129	373
Q6UDG6.1	A4IWI7.1	37.615	218	131	4	148	361	2	218	1.48e-129	372
Q6UDG6.1	B7IRS8.1	33.333	219	141	3	147	362	7	223	1.53e-129	373
Q6UDG6.1	Q1I5T6.1	33.624	229	146	4	138	362	2	228	2.02e-129	373
Q6UDG6.1	B0VMZ7.1	33.761	234	148	5	133	361	4	235	2.17e-129	373
Q6UDG6.1	Q88N05.1	35.808	229	141	4	138	362	2	228	2.43e-129	372
Q6UDG6.1	C4Z8Z2.1	34.821	224	140	4	142	361	1	222	2.83e-129	372
Q6UDG6.1	B0VD25.1	34.188	234	147	5	133	361	4	235	3.02e-129	372
Q6UDG6.1	B1J4J3.1	34.498	229	144	4	138	362	2	228	3.27e-129	372
Q6UDG6.1	B3ERG6.1	37.104	221	134	3	142	359	2	220	3.92e-129	371
Q6UDG6.1	B5F228.1	37.611	226	134	5	143	362	1	225	4.38e-129	371
Q6UDG6.1	Q3IG47.1	34.091	220	139	5	147	361	2	220	4.42e-129	371
Q6UDG6.1	A3M500.2	34.188	234	147	5	133	361	4	235	4.47e-129	372
Q6UDG6.1	A5VIJ2.1	33.929	224	143	3	142	362	2	223	4.58e-129	371
Q6UDG6.1	Q2NS03.1	37.963	216	129	4	148	359	6	220	5.14e-129	371
Q6UDG6.1	A4WDE9.1	37.104	221	134	4	143	359	1	220	5.16e-129	371
Q6UDG6.1	A6VAM7.1	34.348	230	145	4	137	362	2	229	6.75e-129	371
Q6UDG6.1	A9N0W3.1	37.611	226	134	5	143	362	1	225	8.08e-129	371
Q6UDG6.1	Q4L3Q7.1	31.944	216	141	3	148	360	2	214	9.37e-129	370
Q6UDG6.1	Q02HQ1.1	34.348	230	145	4	137	362	2	229	1.17e-128	371
Q6UDG6.1	B0TXF5.1	40.367	218	125	4	148	361	2	218	1.23e-128	370
Q6UDG6.1	A5W8H2.1	35.371	229	142	4	138	362	2	228	1.38e-128	370
Q6UDG6.1	A0RM89.1	38.565	223	133	3	141	361	6	226	2.30e-128	370
Q6UDG6.1	B6J738.1	37.333	225	135	4	141	361	2	224	2.69e-128	369
Q6UDG6.1	Q4KGS0.1	34.361	227	143	4	140	362	4	228	2.79e-128	369
Q6UDG6.1	Q48ET5.1	34.802	227	142	4	140	362	4	228	3.14e-128	369
Q6UDG6.1	B2VEC7.1	38.914	221	128	5	148	362	6	225	3.63e-128	369
Q6UDG6.1	B9DKT3.1	31.944	216	141	4	148	360	2	214	3.90e-128	369
Q6UDG6.1	A7ZAZ4.1	40.529	227	131	3	137	361	2	226	4.56e-128	369
Q6UDG6.1	Q4ZPC2.1	35.683	227	140	4	140	362	4	228	5.03e-128	369
Q6UDG6.1	A7NAN4.1	37.156	218	132	4	148	361	2	218	6.03e-128	368
Q6UDG6.1	Q83CW4.1	36.889	225	136	4	141	361	2	224	6.11e-128	369
Q6UDG6.1	P57807.1	36.530	219	134	4	147	361	2	219	6.99e-128	368
Q6UDG6.1	A5IQD5.1	32.407	216	140	3	148	360	2	214	1.13e-127	368
Q6UDG6.1	C3KDS6.1	34.498	229	144	4	138	362	2	228	1.27e-127	368
Q6UDG6.1	Q2YS83.1	32.407	216	140	3	148	360	2	214	1.35e-127	367
Q6UDG6.1	Q3KGL4.1	34.802	227	142	4	140	362	4	228	1.38e-127	368
Q6UDG6.1	Q6GBQ6.1	32.407	216	140	3	148	360	2	214	1.87e-127	367
Q6UDG6.1	Q87XE2.1	35.242	227	141	4	140	362	4	228	2.68e-127	367
Q6UDG6.1	Q88YG1.1	34.234	222	141	3	144	362	4	223	2.77e-127	367
Q6UDG6.1	A9KCD5.2	37.333	225	135	4	141	361	2	224	3.15e-127	367
Q6UDG6.1	A7I0A8.1	37.500	224	135	4	141	361	6	227	4.20e-127	367
Q6UDG6.1	A9MGV9.1	37.557	221	133	4	143	359	1	220	8.33e-127	366
Q6UDG6.1	B0B8I2.1	34.348	230	143	3	137	361	2	228	8.51e-127	366
Q6UDG6.1	B1YFL0.1	35.000	220	138	3	145	361	1	218	9.46e-127	365
Q6UDG6.1	A9KP29.1	31.250	224	148	4	142	361	1	222	1.24e-126	365
Q6UDG6.1	P97931.3	29.430	316	194	5	51	360	12	304	1.29e-126	368
Q6UDG6.1	O84613.1	33.478	230	145	3	137	361	2	228	1.36e-126	365
Q6UDG6.1	Q8EPH6.1	34.234	222	141	3	144	362	4	223	1.79e-126	365
Q6UDG6.1	B6J089.1	36.889	225	136	4	141	361	2	224	1.83e-126	365
Q6UDG6.1	Q9PA28.2	36.123	227	139	4	140	362	13	237	2.58e-126	365
Q6UDG6.1	A6UDC0.1	37.719	228	136	4	139	362	1	226	2.92e-126	365
Q6UDG6.1	A5FFT1.1	36.036	222	136	4	142	359	2	221	3.27e-126	364
Q6UDG6.1	Q9LIH6.1	29.236	301	201	5	68	361	35	330	9.66e-126	367
Q6UDG6.1	Q9PJD2.1	33.478	230	145	3	137	361	2	228	1.29e-125	363
Q6UDG6.1	Q5HX80.1	35.065	231	145	4	134	361	2	230	1.48e-125	363
Q6UDG6.1	Q9PJ40.1	35.065	231	145	4	134	361	2	230	1.93e-125	363
Q6UDG6.1	A0M1V1.1	35.135	222	138	4	142	359	2	221	2.79e-125	361
Q6UDG6.1	A1VXG9.1	35.065	231	145	4	134	361	2	230	4.14e-125	361
Q6UDG6.1	B2GAM7.1	34.821	224	141	3	142	362	2	223	5.66e-125	361
Q6UDG6.1	B0U620.1	35.683	227	140	4	140	362	13	237	8.06e-125	362
Q6UDG6.1	B9E8N2.1	32.093	215	140	3	148	359	2	213	8.45e-125	360
Q6UDG6.1	B2IAB2.1	36.123	227	139	4	140	362	13	237	8.89e-125	361
Q6UDG6.1	Q3BNI2.1	36.123	227	139	4	140	362	5	229	1.15e-124	361
Q6UDG6.1	A8FJP1.1	35.498	231	144	4	134	361	2	230	1.94e-124	360
Q6UDG6.1	Q8PFZ6.1	35.683	227	140	4	140	362	5	229	3.74e-124	359
Q6UDG6.1	Q92EQ0.1	35.000	220	138	3	145	361	1	218	3.97e-124	359
Q6UDG6.1	Q49VD1.1	32.870	216	139	3	148	360	2	214	4.39e-124	358
Q6UDG6.1	Q38VY5.1	32.589	224	145	4	142	362	2	222	5.09e-124	359
Q6UDG6.1	Q8R634.1	36.771	223	136	3	142	361	1	221	5.83e-124	358
Q6UDG6.1	Q30Q92.1	35.294	221	138	3	144	361	5	223	6.52e-124	358
Q6UDG6.1	A7H1G3.1	35.652	230	143	4	135	361	3	230	6.80e-124	358
Q6UDG6.1	B2SJF5.1	34.783	230	144	4	137	362	2	229	7.52e-124	359
Q6UDG6.1	Q5L4Q4.1	34.632	231	143	3	137	362	2	229	9.70e-124	358
Q6UDG6.1	P13051.2	31.683	303	198	6	64	360	12	311	9.72e-124	361
Q6UDG6.1	Q5R080.1	38.605	215	128	3	148	359	2	215	1.07e-123	358
Q6UDG6.1	B6YR15.1	33.937	221	141	3	142	359	2	220	1.16e-123	358
Q6UDG6.1	A5EVB8.1	38.596	228	136	4	137	361	3	229	1.19e-123	358
Q6UDG6.1	Q8Y9X7.1	35.000	220	138	3	145	361	1	218	2.18e-123	357
Q6UDG6.1	Q723S4.1	35.455	220	137	3	145	361	1	218	2.33e-123	357
Q6UDG6.1	Q821F7.1	35.065	231	142	3	137	362	2	229	3.12e-123	357
Q6UDG6.1	Q74K70.1	32.420	219	142	4	147	362	7	222	1.39e-122	355
Q6UDG6.1	B0RWT2.1	34.802	227	142	4	140	362	5	229	1.47e-122	356
Q6UDG6.1	Q5FL46.1	33.333	219	140	4	147	362	8	223	1.69e-122	355
Q6UDG6.1	Q64QI5.1	36.199	221	136	3	142	359	2	220	1.88e-122	354
Q6UDG6.1	B8D787.1	33.180	217	141	3	148	361	4	219	3.50e-122	354
Q6UDG6.1	Q8CQ65.1	31.019	216	143	3	148	360	2	214	4.03e-122	353
Q6UDG6.1	Q5LA67.1	36.199	221	136	3	142	359	2	220	5.35e-122	353
Q6UDG6.1	P53766.2	33.190	232	151	3	134	361	113	344	6.99e-122	358
Q6UDG6.1	Q5HRG5.1	31.019	216	143	3	148	360	2	214	7.86e-122	353
Q6UDG6.1	Q7VRQ7.1	37.387	222	134	4	144	361	1	221	1.57e-121	352
Q6UDG6.1	Q9RWH9.1	37.229	231	142	3	134	362	12	241	2.01e-121	353
Q6UDG6.1	Q256I7.1	34.632	231	143	3	137	362	2	229	2.12e-121	352
Q6UDG6.1	Q6UDG6.1	100.000	362	0	0	1	362	1	362	2.74e-121	357
Q6UDG6.1	B1I012.1	34.222	225	141	3	142	361	2	224	3.36e-121	351
Q6UDG6.1	A8YUE7.1	32.110	218	142	4	147	361	8	222	4.25e-121	351
Q6UDG6.1	B9KEK7.1	35.526	228	142	4	137	361	2	227	4.51e-121	351
Q6UDG6.1	P29950.1	36.967	211	127	4	156	362	1	209	1.03e-120	350
Q6UDG6.1	B2S1N8.1	33.482	224	142	4	142	360	2	223	1.78e-120	349
Q6UDG6.1	B1JRB1.1	35.841	226	138	5	143	362	1	225	2.05e-120	349
Q6UDG6.1	B5RKV2.1	33.482	224	142	4	142	360	2	223	2.58e-120	349
Q6UDG6.1	Q04BG7.1	33.790	219	139	4	147	362	7	222	3.24e-120	349
Q6UDG6.1	A4TKZ2.1	35.841	226	138	5	143	362	1	225	3.70e-120	349
Q6UDG6.1	A7FFS4.1	35.841	226	138	5	143	362	1	225	6.33e-120	348
Q6UDG6.1	Q9Z7D3.1	34.361	227	139	4	142	362	14	236	1.80e-119	348
Q6UDG6.1	B5RQN2.1	33.482	224	142	4	142	360	2	223	1.84e-119	347
Q6UDG6.1	Q9K3Z0.1	33.186	226	147	3	139	362	1	224	3.29e-119	346
Q6UDG6.1	P59465.1	31.944	216	142	4	148	359	8	222	3.37e-119	346
Q6UDG6.1	A1QYK3.1	33.929	224	141	4	142	360	2	223	3.48e-119	346
Q6UDG6.1	Q03SK6.1	31.416	226	148	4	142	362	2	225	4.02e-119	347
Q6UDG6.1	B3WCZ5.1	34.389	221	139	4	145	362	5	222	5.63e-119	346
Q6UDG6.1	C1CXS7.1	38.117	223	135	3	142	362	22	243	7.73e-119	346
Q6UDG6.1	B2RHL6.1	35.586	222	139	3	141	359	2	222	9.79e-119	345
Q6UDG6.1	Q7MXF6.1	35.586	222	139	3	141	359	2	222	1.06e-118	345
Q6UDG6.1	A8AXM4.1	32.719	217	139	3	146	359	3	215	1.08e-118	345
Q6UDG6.1	Q1GB22.1	33.790	219	139	4	147	362	7	222	1.32e-118	345
Q6UDG6.1	A1SUE5.1	34.722	216	136	4	148	359	2	216	1.41e-118	344
Q6UDG6.1	Q662W1.1	33.036	224	143	4	142	360	2	223	3.72e-118	344
Q6UDG6.1	A3CN85.1	32.258	217	140	3	146	359	3	215	4.05e-118	343
Q6UDG6.1	Q8EB78.1	30.734	218	146	4	148	361	2	218	4.83e-118	343
Q6UDG6.1	Q0SPB2.1	33.333	222	141	4	144	360	4	223	5.34e-118	343
Q6UDG6.1	A8EWN8.1	31.628	215	143	3	148	359	2	215	8.11e-118	343
Q6UDG6.1	Q057V4.1	34.101	217	139	3	148	361	8	223	8.43e-118	343
Q6UDG6.1	Q1IWN1.1	34.440	241	154	3	124	362	1	239	1.04e-117	343
Q6UDG6.1	B7J0Y9.1	32.589	224	144	4	142	360	2	223	1.64e-117	342
Q6UDG6.1	Q07YI6.1	34.389	221	140	4	145	361	1	220	1.90e-117	342
Q6UDG6.1	Q7MA00.1	36.889	225	137	4	141	362	7	229	4.09e-117	341
Q6UDG6.1	Q827B3.1	34.071	226	145	3	139	362	1	224	5.70e-117	341
Q6UDG6.1	P0A4P3.1	32.719	217	139	3	146	359	3	215	6.15e-117	340
Q6UDG6.1	A4VV30.1	33.333	219	139	3	144	359	1	215	3.57e-116	338
Q6UDG6.1	B9DSB9.1	32.420	219	141	3	144	359	1	215	6.04e-115	335
Q6UDG6.1	Q1J724.1	32.420	219	141	3	144	359	1	215	6.17e-115	335
Q6UDG6.1	Q03KM6.1	32.420	219	141	3	144	359	1	215	1.26e-114	334
Q6UDG6.1	C0M7J9.1	30.594	219	145	3	144	359	1	215	2.94e-114	333
Q6UDG6.1	Q8DTV8.1	31.963	219	142	3	144	359	1	215	4.31e-114	333
Q6UDG6.1	B4U3D4.1	30.594	219	145	3	144	359	1	215	4.41e-114	333
Q6UDG6.1	B5XL20.1	32.420	219	141	3	144	359	1	215	6.32e-114	332
Q6UDG6.1	Q48U05.1	31.507	219	143	3	144	359	1	215	7.13e-114	332
Q6UDG6.1	Q8P1B6.1	31.507	219	143	3	144	359	1	215	1.10e-113	332
Q6UDG6.1	P0DG74.1	31.963	219	142	3	144	359	1	215	2.01e-113	331
Q6UDG6.1	Q9U221.1	28.253	269	186	7	95	359	14	279	2.13e-113	334
Q6UDG6.1	Q1JC76.1	31.963	219	142	3	144	359	1	215	4.27e-113	331
Q6UDG6.1	C0ME57.1	31.050	219	144	3	144	359	1	215	5.37e-113	330
Q6UDG6.1	A2RF00.1	31.963	219	142	3	144	359	1	215	6.26e-113	330
Q6UDG6.1	B1IBW9.1	34.247	219	137	3	144	359	1	215	1.26e-112	329
Q6UDG6.1	Q5XCK3.1	31.050	219	144	3	144	359	1	215	1.27e-112	329
Q6UDG6.1	C1CKR8.1	32.877	219	140	3	144	359	1	215	1.73e-112	329
Q6UDG6.1	B8ZQ48.1	33.333	219	139	3	144	359	1	215	2.76e-112	328
Q6UDG6.1	B5E4R3.1	33.333	219	139	3	144	359	1	215	3.36e-112	328
Q6UDG6.1	O74834.1	29.964	277	181	6	90	360	33	302	1.75e-111	330
Q6UDG6.1	P12887.1	28.254	315	197	7	65	361	33	336	7.50e-111	330
Q6UDG6.1	P12888.1	37.008	254	142	6	119	361	9	255	1.37e-109	323
Q6UDG6.1	P53765.2	35.156	256	152	6	117	361	2	254	9.56e-109	321
Q6UDG6.1	Q7VGS1.1	35.193	233	139	4	137	359	2	232	9.85e-109	320
Q6UDG6.1	B2UDL1.1	32.453	265	162	6	109	362	2	260	1.00e-108	321
Q6UDG6.1	Q7P1I1.1	39.286	224	130	4	140	359	6	227	2.25e-108	319
Q6UDG6.1	P28866.1	35.948	306	181	4	60	361	17	311	7.30e-108	321
Q6UDG6.1	B1MXY4.1	31.222	221	145	3	142	359	1	217	1.45e-107	317
Q6UDG6.1	Q8XVE4.1	34.340	265	159	6	110	362	2	263	2.86e-107	317
Q6UDG6.1	O36395.1	33.984	256	152	6	117	361	2	251	2.29e-106	315
Q6UDG6.1	Q01019.1	32.677	254	154	6	119	361	4	251	1.37e-103	308
Q6UDG6.1	Q9E6R2.1	37.895	285	162	6	91	361	28	311	5.66e-103	308
Q6UDG6.1	P28275.1	39.286	252	151	2	111	361	5	255	4.48e-102	304
Q6UDG6.1	P52447.1	32.677	254	163	5	114	361	1	252	1.69e-101	302
Q6UDG6.1	P10186.1	35.806	310	192	5	56	361	28	334	3.01e-101	305
Q6UDG6.1	P50639.1	34.252	254	157	6	114	361	1	250	9.89e-101	301
Q6UDG6.1	P09307.1	34.539	304	181	4	75	361	2	304	1.33e-100	302
Q6UDG6.1	Q98PV4.1	33.184	223	142	5	143	361	1	220	1.87e-100	299
Q6UDG6.1	F5HI85.1	37.302	252	150	6	114	361	1	248	2.25e-100	299
Q6UDG6.1	Q9J3N2.1	34.868	304	180	4	75	361	2	304	5.58e-100	301
Q6UDG6.1	Q03W63.1	32.432	222	142	4	142	359	1	218	5.62e-100	297
Q6UDG6.1	F5HFA1.1	35.246	244	145	6	129	361	11	252	1.19e-99	298
Q6UDG6.1	Q032L5.1	35.780	218	131	5	148	360	5	218	1.78e-99	296
Q6UDG6.1	A2RHW2.1	35.780	218	131	5	148	360	5	218	1.86e-99	296
Q6UDG6.1	B5ZC55.1	31.163	215	141	4	148	359	2	212	6.45e-99	294
Q6UDG6.1	Q9CIX2.1	36.697	218	129	5	148	360	5	218	6.52e-99	294
Q6UDG6.1	P52345.1	33.071	254	162	5	114	361	1	252	1.55e-98	295
Q6UDG6.1	P13158.1	35.461	282	169	3	77	357	22	291	1.89e-98	296
Q6UDG6.1	P53764.1	45.588	204	109	2	159	361	1	203	1.80e-96	288
Q6UDG6.1	A1UEC0.1	36.323	223	132	7	145	362	10	227	1.35e-95	286
Q6UDG6.1	Q315T1.1	39.706	204	114	4	165	359	30	233	7.88e-95	285
Q6UDG6.1	B1AJI8.1	31.628	215	140	4	148	359	2	212	1.01e-94	284
Q6UDG6.1	Q8FPQ4.1	32.231	242	155	7	124	361	2	238	1.25e-93	282
Q6UDG6.1	B8ZS02.1	36.323	223	132	7	145	362	10	227	1.31e-93	281
Q6UDG6.1	Q1CRR1.1	28.879	232	153	5	140	361	4	233	4.24e-93	280
Q6UDG6.1	A0PQ07.1	34.529	223	136	7	145	362	10	227	4.30e-93	280
Q6UDG6.1	A0QV01.1	34.071	226	139	7	142	362	7	227	8.93e-93	279
Q6UDG6.1	A4TE31.1	36.937	222	130	7	145	362	10	225	1.04e-92	279
Q6UDG6.1	Q7VUM8.1	35.909	220	127	5	149	360	23	236	1.16e-92	280
Q6UDG6.1	Q9ZJN9.1	29.310	232	152	5	140	361	4	233	1.64e-92	279
Q6UDG6.1	B2HIJ2.1	34.978	223	135	7	145	362	10	227	1.73e-92	279
Q6UDG6.1	Q7W1Y7.1	35.909	220	127	5	149	360	23	236	1.74e-92	279
Q6UDG6.1	A1T717.1	36.937	222	130	7	145	362	10	225	1.75e-92	279
Q6UDG6.1	Q7WQW5.1	35.909	220	127	5	149	360	23	236	1.81e-92	279
Q6UDG6.1	B5Z8Z4.1	29.310	232	152	5	140	361	4	233	2.88e-92	278
Q6UDG6.1	Q47Q90.1	36.486	222	131	7	145	362	13	228	3.97e-92	278
Q6UDG6.1	P56397.1	29.310	232	152	5	140	361	4	233	5.24e-92	277
Q6UDG6.1	B1MDP0.1	36.937	222	131	6	145	362	10	226	5.32e-92	277
Q6UDG6.1	B2UVB0.1	28.947	228	150	5	144	361	8	233	1.09e-91	277
Q6UDG6.1	A1SNW4.1	34.956	226	137	7	141	362	9	228	4.32e-91	275
Q6UDG6.1	P52506.1	43.220	236	132	2	127	361	80	314	4.86e-91	278
Q6UDG6.1	Q73VJ7.1	38.117	223	128	7	145	362	10	227	8.45e-91	274
Q6UDG6.1	Q21SE9.1	32.083	240	140	7	140	359	14	250	1.32e-90	275
Q6UDG6.1	Q5YRZ2.1	36.771	223	131	7	145	362	10	227	1.41e-90	274
Q6UDG6.1	A0QJA9.1	38.117	223	128	7	145	362	10	227	1.42e-90	274
Q6UDG6.1	Q8NQU9.1	30.350	257	144	7	132	361	6	254	1.79e-90	274
Q6UDG6.1	Q17Z05.1	28.879	232	153	5	140	361	4	233	1.82e-90	274
Q6UDG6.1	B6JNI4.1	28.947	228	150	5	144	361	8	233	3.54e-90	273
Q6UDG6.1	P52507.1	43.220	236	132	2	127	361	81	315	3.70e-90	276
Q6UDG6.1	A9IGW1.1	35.683	227	135	5	141	359	15	238	1.28e-89	272
Q6UDG6.1	P67078.1	31.739	230	147	7	137	361	5	229	9.74e-89	269
Q6UDG6.1	Q2L0Y2.1	34.335	233	141	6	135	359	9	237	6.93e-88	268
Q6UDG6.1	Q4A8N4.1	30.180	222	149	4	143	361	1	219	5.00e-87	264
Q6UDG6.1	Q9EX12.1	34.667	225	137	7	142	362	7	225	4.24e-86	262
Q6UDG6.1	Q82MX6.1	35.586	222	133	7	145	362	10	225	6.06e-86	262
Q6UDG6.1	Q8G3E9.1	31.925	213	131	7	159	361	5	213	1.51e-85	260
Q6UDG6.1	A1KMX0.1	36.323	223	132	7	145	362	10	227	2.39e-85	260
Q6UDG6.1	A8LD98.1	33.478	230	143	7	137	362	2	225	6.71e-84	257
Q6UDG6.1	Q1GHJ4.1	32.883	222	138	6	147	362	8	224	1.16e-82	254
Q6UDG6.1	Q5UPT2.1	22.441	254	169	8	134	361	119	370	2.63e-73	234
Q6UDG6.1	P47343.1	28.700	223	148	6	147	361	16	235	3.53e-70	222
Q6UDG6.1	P75536.1	27.149	221	150	6	147	359	14	231	1.18e-69	221
Q6UDG6.1	P21968.2	21.459	233	158	11	131	359	1	212	8.96e-51	171
Q6UDG6.1	Q91UM2.1	20.737	217	149	12	146	359	16	212	1.73e-44	155
Q6UDG6.1	P0DSP8.1	20.737	217	149	12	146	359	16	212	3.68e-44	154
Q6UDG6.1	P20536.1	20.737	217	149	12	146	359	16	212	4.41e-44	154
Q6UDG6.1	P04303.2	20.737	217	149	12	146	359	16	212	1.19e-43	153
Q6UDG6.1	M1LL92.1	20.276	217	150	12	146	359	16	212	1.84e-43	152
Q6UDG6.1	P0DSP7.1	20.737	217	149	12	146	359	16	212	8.32e-43	151
Q6UDG6.1	P32941.1	17.512	217	156	12	146	359	16	212	3.10e-39	141
Q6UDG6.1	O94854.5	20.126	159	113	3	6	150	993	1151	5.76e-28	119
Q6UDG6.1	O94854.5	20.000	150	106	3	7	142	1007	1156	1.26e-25	112
Q6UDG6.1	O94854.5	17.318	179	130	4	7	171	1020	1194	1.92e-24	108
Q6UDG6.1	O94854.5	17.419	155	114	3	5	145	966	1120	2.33e-21	99.6
Q6UDG6.1	O94854.5	17.610	159	117	3	7	151	1059	1217	3.97e-20	95.7
Q6UDG6.1	O94854.5	17.606	142	110	2	11	145	953	1094	5.87e-17	86.1
Q6UDG6.1	O94854.5	14.881	168	125	3	7	156	1098	1265	5.99e-15	79.9
Q6UDG6.1	O94854.5	21.250	160	118	2	7	158	1137	1296	9.42e-15	79.5
Q6UDG6.1	O94854.5	16.026	156	114	4	7	145	926	1081	2.46e-12	71.8
Q6UDG6.1	O94854.5	13.665	161	121	4	7	151	1085	1243	1.71e-11	69.5
Q6UDG6.1	O94854.5	15.029	173	113	4	7	145	1163	1335	5.50e-11	68.0
Q6UDG6.1	O94854.5	12.921	178	138	3	4	164	1193	1370	1.10e-07	57.6
Q6UDG6.1	O94854.5	15.000	160	131	3	6	162	1221	1378	1.85e-07	56.8
Q6UDG6.1	A8AUS0.1	14.744	156	125	3	16	165	822	975	2.66e-22	102
Q6UDG6.1	A8AUS0.1	13.423	149	127	2	9	156	857	1004	2.12e-21	99.6
Q6UDG6.1	A8AUS0.1	13.333	120	94	3	53	164	821	938	5.26e-10	64.5
Q6UDG6.1	A8AUS0.1	12.500	120	76	4	5	95	864	983	7.18e-10	64.1
Q6UDG6.1	A8AUS0.1	16.346	104	78	2	7	101	894	997	5.01e-09	61.4
Q6UDG6.1	P16952.2	16.429	140	108	3	20	152	751	888	9.37e-22	100
Q6UDG6.1	P16952.2	12.000	150	128	3	9	156	785	932	1.40e-17	88.0
Q6UDG6.1	P16952.2	16.854	178	138	5	7	176	757	932	1.06e-14	79.2
Q6UDG6.1	P16952.2	19.200	125	93	4	42	160	753	875	9.61e-08	57.6
Q6UDG6.1	P16952.2	18.000	100	72	3	5	95	813	911	5.05e-06	52.2
Q6UDG6.1	A8AUS1.1	16.429	140	108	3	20	152	750	887	3.59e-21	98.8
Q6UDG6.1	A8AUS1.1	13.158	152	128	3	7	156	782	931	8.43e-19	91.5
Q6UDG6.1	Q9JKS6.1	14.286	161	130	2	8	160	346	506	1.70e-20	96.9
Q6UDG6.1	Q9JKS6.1	14.634	164	126	2	2	151	314	477	8.73e-15	79.5
Q6UDG6.1	Q9JKS6.1	12.139	173	139	2	4	163	370	542	1.33e-13	76.1
Q6UDG6.1	Q9JKS6.1	14.721	197	125	3	8	161	281	477	8.78e-10	64.1
Q6UDG6.1	Q9JKS6.1	13.793	174	126	4	2	151	254	427	4.48e-09	61.8
Q6UDG6.1	Q9JKS6.1	11.111	162	129	2	5	151	200	361	2.12e-05	50.3
Q6UDG6.1	Q9JKS6.1	11.702	94	82	1	2	95	423	515	6.99e-05	48.7
Q6UDG6.1	Q9JKS6.1	11.500	200	157	5	2	184	230	426	2.16e-04	47.2
Q6UDG6.1	Q9JKS6.1	13.661	183	157	1	2	183	866	1048	2.28e-04	47.2
Q6UDG6.1	Q9JKS6.1	9.091	165	143	4	7	169	897	1056	2.67e-04	46.8
Q6UDG6.1	Q9JKS6.1	13.393	112	97	0	41	152	203	314	0.001	45.3
Q6UDG6.1	Q9JKS6.1	10.738	149	131	1	2	148	180	328	0.005	42.6
Q6UDG6.1	Q9JKS6.1	9.877	162	131	2	15	161	651	812	0.007	42.2
Q6UDG6.1	Q9JKS6.1	13.065	199	163	3	1	197	580	770	0.092	38.7
Q6UDG6.1	P11657.1	16.340	153	119	3	16	161	828	978	9.96e-20	94.6
Q6UDG6.1	P11657.1	14.689	177	139	5	5	172	833	1006	2.70e-14	78.0
Q6UDG6.1	P11657.1	12.903	155	130	4	4	155	857	1009	5.61e-11	67.6
Q6UDG6.1	P11657.1	15.179	112	77	2	2	95	878	989	1.46e-05	50.6
Q6UDG6.1	P23504.2	16.340	153	119	3	16	161	825	975	1.07e-19	94.2
Q6UDG6.1	P23504.2	13.636	154	130	3	4	155	854	1006	3.31e-12	71.4
Q6UDG6.1	P23504.2	14.286	112	78	2	2	95	875	986	1.70e-05	50.6
Q6UDG6.1	Q01W31.1	17.986	139	114	0	13	151	183	321	1.28e-19	93.8
Q6UDG6.1	Q01W31.1	17.687	147	110	3	7	146	202	344	8.53e-10	63.7
Q6UDG6.1	Q01W31.1	15.827	139	112	3	4	141	232	366	3.74e-08	58.7
Q6UDG6.1	Q01W31.1	14.205	176	112	3	21	157	114	289	8.77e-06	51.4
Q6UDG6.1	Q01W31.1	13.757	189	122	5	12	160	94	281	1.23e-04	47.6
Q6UDG6.1	Q01W31.1	11.236	178	135	4	2	158	261	436	0.017	40.6
Q6UDG6.1	Q01W31.1	11.864	177	154	1	1	177	293	467	0.037	39.9
Q6UDG6.1	Q01W31.1	11.062	226	159	4	2	185	64	289	0.064	39.1
Q6UDG6.1	Q9JM99.2	15.033	153	127	2	4	154	460	611	1.86e-19	93.4
Q6UDG6.1	Q9JM99.2	15.287	157	131	2	4	160	452	606	6.40e-19	91.9
Q6UDG6.1	Q9JM99.2	13.725	153	129	2	8	158	448	599	1.84e-17	87.2
Q6UDG6.1	Q9JM99.2	14.103	156	130	2	4	159	492	643	1.30e-16	84.9
Q6UDG6.1	Q9JM99.2	14.194	155	132	1	4	158	500	653	5.72e-16	83.0
Q6UDG6.1	Q9JM99.2	16.216	148	123	1	4	151	508	654	8.86e-16	82.2
Q6UDG6.1	Q9JM99.2	15.172	145	122	1	4	148	516	659	6.86e-15	79.5
Q6UDG6.1	Q9JM99.2	12.587	143	124	1	4	146	524	665	3.86e-12	71.1
Q6UDG6.1	Q9JM99.2	14.179	134	110	2	32	160	447	580	8.06e-12	70.3
Q6UDG6.1	Q9QYX7.4	15.789	171	126	2	8	160	345	515	4.11e-19	92.6
Q6UDG6.1	Q9QYX7.4	14.765	149	122	2	18	161	339	487	9.90e-15	79.5
Q6UDG6.1	Q9QYX7.4	14.685	143	118	2	8	146	383	525	1.23e-14	79.2
Q6UDG6.1	Q9QYX7.4	18.182	143	112	2	9	151	379	516	2.52e-14	78.0
Q6UDG6.1	Q9QYX7.4	14.024	164	131	4	9	163	389	551	8.76e-14	76.5
Q6UDG6.1	Q9QYX7.4	18.182	154	121	2	2	151	314	466	1.45e-13	75.7
Q6UDG6.1	Q9QYX7.4	14.384	146	121	1	5	150	408	549	7.86e-12	70.3
Q6UDG6.1	Q9QYX7.4	14.103	156	128	3	2	151	301	456	1.74e-11	69.5
Q6UDG6.1	Q9QYX7.4	9.249	173	143	3	4	169	414	579	8.70e-09	61.0
Q6UDG6.1	Q9QYX7.4	11.735	196	135	4	2	160	255	449	9.34e-09	61.0
Q6UDG6.1	Q9QYX7.4	11.864	177	131	2	8	160	244	419	1.25e-08	60.7
Q6UDG6.1	Q9QYX7.4	10.390	154	136	2	10	163	228	379	1.26e-06	54.1
Q6UDG6.1	Q9QYX7.4	12.698	126	108	1	2	125	887	1012	3.67e-05	49.5
Q6UDG6.1	Q9QYX7.4	11.475	183	161	1	2	183	853	1035	5.24e-04	46.0
Q6UDG6.1	Q9QYX7.4	13.714	175	140	2	2	165	181	355	0.039	39.9
Q6UDG6.1	A2ASS6.1	13.830	188	148	3	6	187	12017	12196	8.25e-19	91.9
Q6UDG6.1	A2ASS6.1	12.315	203	162	3	12	201	11968	12167	8.34e-14	76.5
Q6UDG6.1	A2ASS6.1	11.852	135	116	3	4	137	12039	12171	1.06e-12	73.4
Q6UDG6.1	A2ASS6.1	10.625	160	132	2	6	154	11925	12084	8.03e-12	70.7
Q6UDG6.1	A2ASS6.1	11.765	153	131	3	10	161	11918	12067	3.14e-10	65.7
Q6UDG6.1	A2ASS6.1	11.616	198	149	5	9	183	11880	12074	7.04e-10	64.5
Q6UDG6.1	A2ASS6.1	9.009	222	158	5	6	184	11829	12049	5.40e-08	58.7
Q6UDG6.1	A2ASS6.1	13.208	159	134	2	5	159	11791	11949	1.57e-06	54.1
Q6UDG6.1	A2ASS6.1	13.077	130	100	3	6	122	12068	12197	1.64e-06	53.7
Q6UDG6.1	A2ASS6.1	16.923	130	99	2	2	122	10877	11006	7.32e-05	48.7
Q6UDG6.1	A2ASS6.1	12.613	111	97	0	43	153	10192	10302	2.30e-04	47.2
Q6UDG6.1	A2ASS6.1	13.260	181	133	3	4	164	11743	11919	3.04e-04	46.8
Q6UDG6.1	A2ASS6.1	10.435	115	89	3	20	123	10191	10302	6.24e-04	45.6
Q6UDG6.1	A2ASS6.1	15.584	77	64	1	7	82	10226	10302	0.005	42.9
Q6UDG6.1	A2ASS6.1	11.811	127	108	2	27	149	249	375	0.006	42.6
Q6UDG6.1	A2ASS6.1	17.219	151	125	0	19	169	12780	12930	0.008	42.2
Q6UDG6.1	A2ASS6.1	13.600	125	101	2	8	125	244	368	0.022	40.6
Q6UDG6.1	A2ASS6.1	14.173	127	100	3	7	125	12778	12903	0.039	39.9
Q6UDG6.1	A2ASS6.1	16.000	150	125	1	15	164	11135	11283	0.044	39.9
Q6UDG6.1	A2ASS6.1	13.386	127	85	2	48	149	10877	11003	0.068	39.1
Q6UDG6.1	Q9QX47.2	18.293	164	131	2	4	164	347	510	7.31e-18	88.8
Q6UDG6.1	Q9QX47.2	16.875	160	132	1	1	160	389	547	9.64e-07	54.5
Q6UDG6.1	Q9QX47.2	9.740	154	133	1	5	152	1343	1496	0.002	44.1
Q6UDG6.1	Q9QX47.2	13.559	177	141	4	1	165	1318	1494	0.009	41.8
Q6UDG6.1	Q9QX47.2	8.108	148	135	1	5	151	1362	1509	0.093	38.7
Q6UDG6.1	P27951.1	12.865	171	142	6	9	177	826	991	1.26e-17	88.0
Q6UDG6.1	P27951.1	13.609	169	141	4	4	168	827	994	1.11e-14	79.2
Q6UDG6.1	P27951.1	11.268	142	125	1	30	171	809	949	1.62e-09	63.0
Q6UDG6.1	Q06852.2	18.012	161	127	3	4	159	1412	1572	2.28e-17	87.2
Q6UDG6.1	Q06852.2	18.012	161	127	3	4	159	1651	1811	2.28e-17	87.2
Q6UDG6.1	Q06852.2	18.012	161	127	3	4	159	1694	1854	2.28e-17	87.2
Q6UDG6.1	Q06852.2	18.012	161	127	3	4	159	1737	1897	2.28e-17	87.2
Q6UDG6.1	Q06852.2	18.012	161	127	3	4	159	1780	1940	2.28e-17	87.2
Q6UDG6.1	Q06852.2	18.868	159	121	4	9	159	1567	1725	1.15e-16	85.3
Q6UDG6.1	Q06852.2	18.301	153	120	3	4	151	1455	1607	1.19e-16	85.3
Q6UDG6.1	Q06852.2	18.301	153	120	3	4	151	1823	1975	1.19e-16	85.3
Q6UDG6.1	Q06852.2	16.185	173	128	3	4	159	1596	1768	5.51e-16	83.0
Q6UDG6.1	Q06852.2	20.126	159	119	4	9	159	1518	1676	1.57e-15	81.8
Q6UDG6.1	Q06852.2	15.385	156	130	2	4	159	1498	1651	1.99e-15	81.5
Q6UDG6.1	Q06852.2	19.255	161	122	4	2	159	1374	1529	3.83e-15	80.7
Q6UDG6.1	Q06852.2	19.620	158	121	3	6	159	1466	1621	5.91e-15	79.9
Q6UDG6.1	Q06852.2	19.620	158	121	3	6	159	1834	1989	5.91e-15	79.9
Q6UDG6.1	Q06852.2	16.667	156	126	2	4	155	1541	1696	6.36e-15	79.9
Q6UDG6.1	Q06852.2	19.858	141	105	4	6	138	1877	2017	8.13e-15	79.5
Q6UDG6.1	Q06852.2	17.089	158	125	3	6	159	1423	1578	3.59e-14	77.6
Q6UDG6.1	Q06852.2	17.089	158	125	3	6	159	1662	1817	3.59e-14	77.6
Q6UDG6.1	Q06852.2	17.089	158	125	3	6	159	1705	1860	3.59e-14	77.6
Q6UDG6.1	Q06852.2	17.089	158	125	3	6	159	1748	1903	3.59e-14	77.6
Q6UDG6.1	Q06852.2	17.089	158	125	3	6	159	1791	1946	3.59e-14	77.6
Q6UDG6.1	Q06852.2	17.419	155	122	3	9	159	1622	1774	3.75e-14	77.6
Q6UDG6.1	Q06852.2	21.296	108	81	2	4	107	1909	2016	1.32e-10	66.4
Q6UDG6.1	Q06852.2	15.385	117	93	4	3	113	1900	2016	1.48e-09	63.4
Q6UDG6.1	Q06852.2	13.768	138	114	2	32	164	1368	1505	2.41e-08	59.5
Q6UDG6.1	Q06852.2	16.393	122	94	2	45	159	1366	1486	6.87e-07	54.9
Q6UDG6.1	Q06852.2	14.907	161	90	4	9	122	1935	2095	0.024	40.6
Q6UDG6.1	P18583.4	16.463	164	134	2	4	164	352	515	2.78e-17	87.2
Q6UDG6.1	P18583.4	13.548	155	127	2	4	151	374	528	3.29e-10	65.3
Q6UDG6.1	P18583.4	15.190	158	132	1	1	156	383	540	1.41e-07	57.2
Q6UDG6.1	P18583.4	15.152	165	130	3	6	160	397	561	3.72e-05	49.5
Q6UDG6.1	P21979.2	17.273	110	87	1	16	121	841	950	4.02e-17	86.5
Q6UDG6.1	P21979.2	11.504	113	99	1	53	165	844	955	6.71e-08	58.0
Q6UDG6.1	P21979.2	18.605	86	69	1	11	95	878	963	8.01e-08	58.0
Q6UDG6.1	G3MWR8.1	17.222	180	115	3	6	151	1127	1306	6.27e-17	86.1
Q6UDG6.1	G3MWR8.1	12.575	167	137	5	4	162	1195	1360	0.029	40.2
Q6UDG6.1	G3MWR8.1	14.444	180	118	2	8	152	1212	1390	0.046	39.5
Q6UDG6.1	Q9Y6V0.5	11.888	143	124	2	10	152	407	547	2.57e-16	84.2
Q6UDG6.1	Q9Y6V0.5	13.158	152	128	3	4	151	434	585	2.54e-14	78.0
Q6UDG6.1	Q9Y6V0.5	14.839	155	126	2	10	160	392	544	7.06e-14	76.8
Q6UDG6.1	Q9Y6V0.5	14.103	156	132	2	9	163	454	608	2.59e-12	71.8
Q6UDG6.1	Q9Y6V0.5	16.556	151	124	2	2	152	369	517	3.12e-11	68.8
Q6UDG6.1	Q9Y6V0.5	12.752	149	123	3	10	151	343	491	1.02e-10	67.2
Q6UDG6.1	Q9Y6V0.5	11.602	181	133	1	5	158	354	534	1.25e-10	66.8
Q6UDG6.1	Q9Y6V0.5	14.667	150	123	3	11	155	307	456	5.49e-10	64.9
Q6UDG6.1	Q9Y6V0.5	11.515	165	136	2	9	163	310	474	2.09e-09	63.0
Q6UDG6.1	Q9Y6V0.5	12.048	166	138	2	3	160	320	485	3.23e-09	62.2
Q6UDG6.1	Q9Y6V0.5	8.725	149	136	0	10	158	486	634	1.44e-08	60.3
Q6UDG6.1	Q9Y6V0.5	16.071	112	93	1	2	113	477	587	2.01e-08	59.9
Q6UDG6.1	Q9Y6V0.5	15.232	151	124	2	11	160	278	425	3.51e-06	53.0
Q6UDG6.1	Q9Y6V0.5	14.754	183	155	1	2	183	915	1097	1.18e-05	51.0
Q6UDG6.1	Q9Y6V0.5	14.024	164	136	3	7	169	946	1105	7.83e-05	48.3
Q6UDG6.1	Q9Y6V0.5	9.877	162	125	2	8	148	234	395	1.41e-04	47.6
Q6UDG6.1	Q9Y6V0.5	14.216	204	126	4	5	159	811	1014	6.69e-04	45.6
Q6UDG6.1	Q9Y6V0.5	15.183	191	151	2	1	185	230	415	0.001	44.9
Q6UDG6.1	Q9Y6V0.5	14.000	150	129	0	11	160	730	879	0.003	43.3
Q6UDG6.1	Q9Y6V0.5	10.490	143	125	2	8	149	785	925	0.004	42.9
Q6UDG6.1	Q9Y6V0.5	7.971	138	121	1	4	135	788	925	0.008	42.2
Q6UDG6.1	Q9Y6V0.5	10.734	177	140	5	5	163	730	906	0.010	41.8
Q6UDG6.1	Q9Y6V0.5	12.739	157	129	3	4	152	751	907	0.016	41.0
Q6UDG6.1	Q9Y6V0.5	8.589	163	139	1	11	163	701	863	0.031	40.2
Q6UDG6.1	Q9UJ55.2	17.105	152	124	2	14	164	91	241	8.76e-15	79.2
Q6UDG6.1	Q9UJ55.2	16.418	134	111	1	15	147	112	245	4.13e-14	77.2
Q6UDG6.1	Q9UJ55.2	13.333	165	133	2	1	155	109	273	8.35e-13	73.4
Q6UDG6.1	Q9UJ55.2	12.739	157	135	2	1	156	129	284	3.16e-12	71.4
Q6UDG6.1	Q9UJ55.2	12.088	182	160	0	1	182	169	350	5.30e-08	58.4
Q6UDG6.1	Q9UJ55.2	17.460	126	98	1	37	156	60	185	1.08e-04	48.0
Q6UDG6.1	Q9UJ55.2	12.069	174	112	2	15	147	32	205	2.88e-04	46.4
Q6UDG6.1	Q9UJ55.2	16.667	156	128	2	1	155	219	373	0.008	41.8
Q6UDG6.1	Q9UJ55.2	15.132	152	123	2	1	147	209	359	0.033	39.9
Q6UDG6.1	Q8WZ42.4	15.278	144	120	1	11	152	10198	10341	9.61e-15	79.5
Q6UDG6.1	Q8WZ42.4	14.557	158	133	1	4	159	10219	10376	3.02e-12	71.8
Q6UDG6.1	Q8WZ42.4	12.805	164	136	2	3	159	10170	10333	5.25e-10	64.9
Q6UDG6.1	Q8WZ42.4	18.421	76	62	0	24	99	10955	11030	5.09e-06	52.2
Q6UDG6.1	Q8WZ42.4	16.505	103	86	0	27	129	11619	11721	6.05e-05	48.7
Q6UDG6.1	Q8WZ42.4	16.800	125	101	2	4	125	10906	11030	6.95e-05	48.7
Q6UDG6.1	Q8WZ42.4	13.103	145	113	2	5	136	10264	10408	1.57e-04	47.6
Q6UDG6.1	Q8WZ42.4	11.811	127	108	2	27	149	250	376	0.004	42.9
Q6UDG6.1	Q8WZ42.4	8.527	129	114	2	13	138	250	377	0.025	40.6
Q6UDG6.1	Q8WZ42.4	14.504	131	112	0	25	155	10900	11030	0.063	39.1
Q6UDG6.1	Q8WZ42.4	14.414	111	95	0	41	151	250	360	0.080	38.7
Q6UDG6.1	Q9NZT2.3	20.667	150	114	3	2	151	530	674	2.47e-14	77.6
Q6UDG6.1	Q9NZT2.3	16.556	151	118	3	6	152	514	660	2.68e-12	71.4
Q6UDG6.1	Q9NZT2.3	18.939	132	103	3	2	133	550	677	6.51e-11	67.2
Q6UDG6.1	Q9NZT2.3	16.234	154	123	2	2	151	488	639	9.61e-10	63.4
Q6UDG6.1	Q9NZT2.3	18.248	137	111	1	7	143	471	606	1.88e-08	59.5
Q6UDG6.1	Q9NZT2.3	11.409	149	130	1	14	160	470	618	5.30e-05	48.7
Q6UDG6.1	P09256.2	14.474	152	129	1	12	163	51	201	3.48e-14	77.2
Q6UDG6.1	P09256.2	14.465	159	131	2	2	157	52	208	1.89e-12	71.8
Q6UDG6.1	P09256.2	16.912	136	113	0	22	157	47	182	3.88e-09	61.4
Q6UDG6.1	Q8K327.1	19.205	151	119	2	3	151	248	397	3.85e-14	77.2
Q6UDG6.1	Q8K327.1	13.636	154	126	1	5	151	197	350	4.20e-09	61.8
Q6UDG6.1	Q8K327.1	16.564	163	130	2	7	163	230	392	3.54e-08	58.7
Q6UDG6.1	Q8K327.1	10.759	158	133	3	10	159	304	461	2.67e-06	53.0
Q6UDG6.1	Q8K327.1	13.174	167	128	3	4	153	271	437	5.46e-04	45.6
Q6UDG6.1	Q8K327.1	11.043	163	130	3	8	155	137	299	0.005	42.6
Q6UDG6.1	Q2JSB7.1	15.169	178	137	2	9	172	159	336	4.49e-14	77.2
Q6UDG6.1	Q2JSB7.1	16.250	160	120	4	4	149	188	347	6.11e-06	51.8
Q6UDG6.1	Q2JSB7.1	10.390	154	133	1	16	164	108	261	2.83e-05	49.9
Q6UDG6.1	Q2JSB7.1	16.760	179	144	3	8	181	108	286	0.001	44.9
Q6UDG6.1	Q2JSB7.1	7.483	147	126	3	1	145	209	347	0.032	39.9
Q6UDG6.1	Q2JSB7.1	9.722	144	128	1	19	160	106	249	0.035	39.9
Q6UDG6.1	Q8CQD9.1	16.176	136	108	2	18	151	1294	1425	4.72e-14	77.2
Q6UDG6.1	Q8CQD9.1	18.261	115	89	3	2	112	1309	1422	1.90e-13	75.3
Q6UDG6.1	P16053.2	16.832	101	77	3	9	106	623	719	6.22e-14	76.5
Q6UDG6.1	P16053.2	20.000	105	78	3	1	105	632	730	5.81e-13	73.8
Q6UDG6.1	P16053.2	14.000	100	85	1	53	151	623	722	3.11e-10	65.3
Q6UDG6.1	P16053.2	12.245	98	82	1	64	157	623	720	2.09e-06	53.3
Q6UDG6.1	P16053.2	9.804	102	88	1	77	174	624	725	0.008	41.8
Q6UDG6.1	A0LV27.1	20.325	123	95	1	13	135	95	214	1.12e-13	75.7
Q6UDG6.1	A0LV27.1	13.472	193	128	3	2	159	111	299	0.001	44.5
Q6UDG6.1	A0LV27.1	13.907	151	129	1	6	155	32	182	0.017	40.6
Q6UDG6.1	Q8ZQD5.1	15.854	164	129	4	19	175	335	496	1.74e-13	75.3
Q6UDG6.1	Q8ZQD5.1	10.274	146	131	0	5	150	368	513	9.54e-05	48.0
Q6UDG6.1	Q8ZQD5.1	15.033	153	121	4	8	152	385	536	0.002	44.1
Q6UDG6.1	O75112.2	9.868	152	129	2	6	151	353	502	1.88e-13	74.9
Q6UDG6.1	O75112.2	14.286	140	112	2	7	145	398	530	2.86e-07	56.0
Q6UDG6.1	O75112.2	12.000	150	128	3	8	154	382	530	4.18e-07	55.3
Q6UDG6.1	O75112.2	9.211	152	134	2	13	161	425	575	1.41e-04	47.2
Q6UDG6.1	Q9JKS4.1	13.380	142	121	1	10	151	359	498	2.37e-13	74.5
Q6UDG6.1	Q9JKS4.1	15.827	139	111	1	7	145	394	526	9.08e-09	60.7
Q6UDG6.1	Q9JKS4.1	10.976	164	140	4	8	168	378	538	1.34e-08	59.9
Q6UDG6.1	Q9JKS4.1	17.143	140	113	3	7	145	408	545	5.65e-05	48.7
Q6UDG6.1	Q9JKS4.1	8.553	152	135	2	13	161	421	571	1.22e-04	47.6
Q6UDG6.1	Q7V5M4.1	17.450	149	122	1	3	151	120	267	3.65e-13	74.5
Q6UDG6.1	Q7V5M4.1	13.514	148	125	2	6	151	147	293	2.97e-09	62.2
Q6UDG6.1	Q7V5M4.1	14.935	154	119	4	2	143	160	313	6.61e-06	51.8
Q6UDG6.1	Q7V5M4.1	15.748	127	105	2	2	127	195	320	2.31e-05	49.9
Q6UDG6.1	Q7V5M4.1	13.198	197	149	4	6	185	54	245	3.67e-05	49.5
Q6UDG6.1	P19835.3	13.208	159	133	3	8	164	589	744	7.15e-13	73.4
Q6UDG6.1	P19835.3	14.483	145	119	3	9	151	579	720	1.84e-12	71.8
Q6UDG6.1	P19835.3	14.184	141	116	3	8	146	611	748	3.08e-12	71.4
Q6UDG6.1	P19835.3	12.270	163	132	4	8	160	557	718	4.37e-12	70.7
Q6UDG6.1	P19835.3	12.579	159	135	3	5	160	550	707	1.05e-11	69.5
Q6UDG6.1	P19835.3	15.000	120	97	3	8	125	633	749	4.55e-10	64.5
Q6UDG6.1	P19835.3	8.475	118	101	2	41	151	548	665	8.94e-05	48.0
Q6UDG6.1	P19835.3	17.722	79	62	2	7	84	676	752	0.058	39.1
Q6UDG6.1	A2C6Q5.1	16.779	149	123	1	3	151	120	267	2.11e-12	71.8
Q6UDG6.1	A2C6Q5.1	12.752	149	116	3	5	151	157	293	1.31e-07	57.2
Q6UDG6.1	A2C6Q5.1	15.205	171	130	4	7	163	87	256	8.55e-07	54.5
Q6UDG6.1	A2C6Q5.1	11.039	154	129	2	1	146	156	309	4.04e-06	52.6
Q6UDG6.1	A2C6Q5.1	14.961	127	106	2	2	127	195	320	2.14e-05	50.3
Q6UDG6.1	A2C6Q5.1	9.934	151	124	2	8	146	61	211	0.007	42.2
Q6UDG6.1	A2C6Q5.1	17.910	134	105	1	23	151	54	187	0.023	40.6
Q6UDG6.1	A3DC27.1	14.375	160	121	4	2	146	357	515	2.35e-12	71.4
Q6UDG6.1	A3DC27.1	16.312	141	116	1	8	146	331	471	2.23e-09	62.2
Q6UDG6.1	A3DC27.1	10.870	184	153	3	2	174	381	564	4.89e-09	61.4
Q6UDG6.1	A3DC27.1	14.583	144	121	1	7	148	312	455	6.06e-09	61.0
Q6UDG6.1	A3DC27.1	12.329	146	124	2	4	145	315	460	2.20e-08	59.1
Q6UDG6.1	A3DC27.1	14.607	178	128	2	7	160	284	461	5.02e-08	58.4
Q6UDG6.1	A3DC27.1	10.692	159	127	3	5	148	267	425	6.72e-08	58.0
Q6UDG6.1	A3DC27.1	14.368	174	119	2	9	154	342	513	1.86e-07	56.4
Q6UDG6.1	O42854.1	13.636	132	113	1	5	136	1053	1183	7.45e-12	70.3
Q6UDG6.1	O42854.1	14.365	181	131	3	4	160	989	1169	3.09e-10	65.3
Q6UDG6.1	O42854.1	12.360	178	131	1	8	160	1002	1179	3.44e-09	62.2
Q6UDG6.1	O42854.1	12.418	153	128	2	2	148	1031	1183	1.27e-08	60.3
Q6UDG6.1	O42854.1	13.699	146	126	0	6	151	1092	1237	1.65e-08	59.9
Q6UDG6.1	O42854.1	13.714	175	125	3	8	160	980	1150	6.70e-08	58.0
Q6UDG6.1	O42854.1	14.035	171	135	2	2	160	952	1122	2.36e-06	53.3
Q6UDG6.1	O42854.1	13.725	153	110	2	5	135	1107	1259	3.88e-06	52.6
Q6UDG6.1	O42854.1	10.559	161	139	2	5	160	1097	1257	5.37e-06	52.2
Q6UDG6.1	O42854.1	12.727	165	139	1	1	160	1128	1292	0.027	40.2
Q6UDG6.1	Q67NG0.1	16.783	143	115	1	11	149	260	402	7.85e-12	69.5
Q6UDG6.1	Q67NG0.1	18.269	104	82	2	7	108	298	400	3.32e-07	55.3
Q6UDG6.1	Q67NG0.1	16.529	121	95	3	7	122	283	402	1.05e-06	53.7
Q6UDG6.1	Q67NG0.1	17.857	84	67	1	1	82	319	402	0.002	43.3
Q6UDG6.1	Q4JV51.1	17.910	134	104	3	22	152	109	239	8.71e-12	69.9
Q6UDG6.1	Q4JV51.1	10.067	149	130	1	1	145	100	248	3.73e-10	64.9
Q6UDG6.1	Q4JV51.1	14.019	107	92	0	50	156	93	199	3.80e-04	46.0
Q6UDG6.1	A7H9F3.1	11.392	158	136	1	13	170	171	324	9.94e-12	69.9
Q6UDG6.1	A7H9F3.1	14.706	170	141	2	2	167	185	354	3.67e-09	61.8
Q6UDG6.1	A7H9F3.1	15.172	145	118	2	8	147	136	280	9.68e-06	51.0
Q6UDG6.1	A7H9F3.1	13.855	166	141	1	2	167	103	266	0.012	41.4
Q6UDG6.1	A5GNJ0.1	13.793	174	110	4	2	137	131	302	9.99e-12	69.9
Q6UDG6.1	A5GNJ0.1	12.805	164	132	4	8	160	187	350	4.83e-08	58.4
Q6UDG6.1	A5GNJ0.1	16.216	111	84	1	6	107	210	320	5.49e-06	51.8
Q6UDG6.1	A5GNJ0.1	11.348	141	125	0	11	151	130	270	2.43e-05	49.9
Q6UDG6.1	A5GNJ0.1	11.475	183	136	2	2	158	232	414	0.004	42.9
Q6UDG6.1	B2HKS2.1	21.296	108	69	3	12	112	151	249	1.59e-11	69.1
Q6UDG6.1	B2HKS2.1	20.408	98	69	3	16	105	155	251	8.63e-11	66.8
Q6UDG6.1	B2HKS2.1	17.895	95	73	3	51	140	157	251	1.59e-05	50.6
Q6UDG6.1	B2HKS2.1	16.667	90	71	1	2	91	166	251	4.99e-05	48.7
Q6UDG6.1	Q6PDK2.2	16.049	162	125	5	5	155	661	822	1.97e-11	69.1
Q6UDG6.1	Q6PDK2.2	10.983	173	143	2	4	165	570	742	8.57e-08	58.0
Q6UDG6.1	Q6PDK2.2	12.994	177	141	3	9	172	4297	4473	6.97e-06	51.8
Q6UDG6.1	Q6PDK2.2	15.152	132	112	0	30	161	652	783	1.39e-05	51.0
Q6UDG6.1	Q6PDK2.2	13.245	151	120	4	24	164	655	804	2.45e-05	50.3
Q6UDG6.1	Q6PDK2.2	11.250	160	125	4	3	146	664	822	2.79e-05	49.9
Q6UDG6.1	Q6PDK2.2	14.194	155	115	3	25	161	566	720	1.69e-04	47.6
Q6UDG6.1	Q6PDK2.2	14.286	147	124	2	15	160	628	773	2.33e-04	46.8
Q6UDG6.1	Q6PDK2.2	14.194	155	130	2	16	167	2057	2211	0.008	42.2
Q6UDG6.1	Q6PDK2.2	14.388	139	113	3	12	148	4340	4474	0.015	41.0
Q6UDG6.1	Q6PDK2.2	14.085	142	121	1	13	154	492	632	0.018	41.0
Q6UDG6.1	Q6PDK2.2	13.208	159	122	2	9	151	2074	2232	0.033	40.2
Q6UDG6.1	Q6PDK2.2	14.894	141	103	4	41	164	4296	4436	0.046	39.5
Q6UDG6.1	A0PQC4.1	21.154	104	66	3	16	112	153	247	3.78e-11	68.0
Q6UDG6.1	A0PQC4.1	17.021	94	75	2	50	140	156	249	1.84e-04	47.2
Q6UDG6.1	A0PQC4.1	23.214	56	41	2	3	58	195	248	0.073	38.7
Q6UDG6.1	O14686.2	14.013	157	125	2	9	155	4240	4396	5.59e-11	68.0
Q6UDG6.1	O14686.2	10.596	151	133	2	15	164	690	839	3.14e-07	56.0
Q6UDG6.1	O14686.2	10.526	171	142	3	5	164	687	857	3.23e-06	53.0
Q6UDG6.1	O14686.2	14.483	145	120	3	8	148	4279	4423	2.04e-05	50.3
Q6UDG6.1	O14686.2	10.853	129	110	1	37	160	4245	4373	0.003	43.7
Q6UDG6.1	O14686.2	10.769	195	154	3	2	176	4279	4473	0.017	41.0
Q6UDG6.1	O14686.2	12.414	145	127	0	20	164	623	767	0.066	39.1
Q6UDG6.1	O14686.2	11.250	160	131	4	15	164	744	902	0.091	38.7
Q6UDG6.1	Q0CGY7.1	17.829	129	104	1	10	136	477	605	6.55e-11	67.6
Q6UDG6.1	Q0CGY7.1	10.714	196	152	3	9	183	505	698	0.033	39.9
Q6UDG6.1	Q92954.3	12.338	154	134	1	7	159	390	543	7.65e-11	67.2
Q6UDG6.1	Q92954.3	10.286	175	142	2	4	164	473	646	7.70e-10	64.1
Q6UDG6.1	Q92954.3	13.924	158	135	1	4	160	434	591	9.70e-10	63.7
Q6UDG6.1	Q92954.3	13.014	146	126	1	4	149	395	539	3.05e-09	62.2
Q6UDG6.1	Q92954.3	12.308	130	114	0	22	151	374	503	3.16e-08	59.1
Q6UDG6.1	Q92954.3	12.579	159	134	3	4	158	679	836	6.01e-08	58.4
Q6UDG6.1	Q92954.3	15.753	146	114	3	17	155	472	615	1.38e-07	57.2
Q6UDG6.1	Q92954.3	11.377	167	124	2	11	155	373	537	3.72e-07	55.7
Q6UDG6.1	Q92954.3	14.706	170	123	2	7	154	634	803	1.17e-06	54.1
Q6UDG6.1	Q92954.3	12.752	149	112	2	30	160	373	521	4.96e-06	52.2
Q6UDG6.1	Q92954.3	14.667	150	125	2	12	161	748	894	2.57e-05	49.9
Q6UDG6.1	Q92954.3	9.524	168	138	1	7	160	706	873	3.52e-05	49.5
Q6UDG6.1	Q92954.3	18.065	155	125	2	5	159	536	688	5.49e-05	48.7
Q6UDG6.1	Q92954.3	10.795	176	132	2	4	154	559	734	1.05e-04	48.0
Q6UDG6.1	Q92954.3	10.256	156	135	1	8	158	329	484	1.11e-04	48.0
Q6UDG6.1	Q92954.3	13.873	173	130	2	4	158	551	722	1.31e-04	47.6
Q6UDG6.1	Q92954.3	12.025	158	138	1	11	167	630	787	1.84e-04	47.2
Q6UDG6.1	Q92954.3	13.218	174	146	3	5	173	749	922	2.16e-04	46.8
Q6UDG6.1	Q92954.3	9.150	153	137	1	4	156	772	922	0.022	40.6
Q6UDG6.1	Q92954.3	10.596	151	135	0	10	160	300	450	0.042	39.5
Q6UDG6.1	Q7RTP6.2	14.765	149	126	1	4	151	1182	1330	9.24e-11	67.2
Q6UDG6.1	Q7RTP6.2	15.385	169	120	4	6	151	1132	1300	5.78e-08	58.4
Q6UDG6.1	Q9Y493.5	16.783	143	114	3	5	146	680	818	1.03e-10	66.8
Q6UDG6.1	Q9Y493.5	15.000	160	132	3	5	160	631	790	4.07e-09	61.8
Q6UDG6.1	Q9Y493.5	13.376	157	130	3	3	154	853	1008	5.07e-09	61.8
Q6UDG6.1	Q9Y493.5	11.613	155	131	3	3	152	895	1048	3.43e-07	56.0
Q6UDG6.1	Q9Y493.5	14.407	118	98	1	1	118	704	818	2.07e-06	53.3
Q6UDG6.1	Q9Y493.5	11.675	197	135	2	3	160	734	930	4.59e-06	52.2
Q6UDG6.1	Q9Y493.5	13.208	159	134	2	6	160	814	972	0.002	44.1
Q6UDG6.1	Q9Y493.5	9.244	119	105	1	3	121	937	1052	0.018	41.0
Q6UDG6.1	P17599.2	11.047	172	132	2	4	154	518	689	2.03e-10	65.7
Q6UDG6.1	P17599.2	14.379	153	125	2	8	155	497	648	1.49e-05	50.3
Q6UDG6.1	P17599.2	10.667	150	131	2	14	160	497	646	2.90e-05	49.5
Q6UDG6.1	P17599.2	16.981	106	86	1	33	138	484	587	0.001	44.5
Q6UDG6.1	P17599.2	11.921	151	126	2	2	145	432	582	0.046	39.5
Q6UDG6.1	A5H447.1	9.929	141	126	1	5	144	195	335	2.42e-10	65.3
Q6UDG6.1	A5H447.1	12.805	164	131	1	10	161	222	385	3.29e-07	55.7
Q6UDG6.1	B1XI09.1	14.103	156	132	2	3	158	117	270	3.07e-10	65.3
Q6UDG6.1	B1XI09.1	10.396	202	157	4	1	185	51	245	0.006	42.2
Q6UDG6.1	B1XI09.1	12.821	117	94	1	14	122	160	276	0.007	42.2
Q6UDG6.1	O43426.2	17.037	135	107	2	13	142	1148	1282	3.59e-10	65.3
Q6UDG6.1	O43426.2	15.578	199	141	3	11	182	1052	1250	0.015	41.0
Q6UDG6.1	Q62407.2	13.986	143	123	0	6	148	2149	2291	4.68e-10	64.9
Q6UDG6.1	Q62407.2	12.849	179	141	3	3	166	2176	2354	1.23e-05	51.0
Q6UDG6.1	Q62407.2	15.205	171	121	2	2	148	511	681	4.93e-04	46.0
Q6UDG6.1	Q62407.2	12.418	153	128	2	2	154	2204	2350	0.002	44.1
Q6UDG6.1	Q62407.2	10.084	119	106	1	37	154	529	647	0.004	42.9
Q6UDG6.1	Q62407.2	10.294	136	112	2	5	130	2767	2902	0.028	40.2
Q6UDG6.1	Q8FPA7.1	17.925	106	81	3	10	111	87	190	5.65e-10	64.5
Q6UDG6.1	Q8FPA7.1	21.488	121	81	3	20	132	76	190	1.98e-09	62.6
Q6UDG6.1	Q8FPA7.1	15.723	159	131	1	6	164	33	188	8.58e-09	60.7
Q6UDG6.1	Q8FPA7.1	14.607	89	54	3	1	69	95	181	0.009	41.8
Q6UDG6.1	Q96JM3.2	22.430	107	80	2	3	107	258	363	8.13e-10	63.7
Q6UDG6.1	Q96JM3.2	19.333	150	113	3	7	149	251	399	1.66e-09	63.0
Q6UDG6.1	Q96JM3.2	16.107	149	123	1	3	151	214	360	3.83e-07	55.7
Q6UDG6.1	Q96JM3.2	15.827	139	112	2	6	142	272	407	6.00e-07	54.9
Q6UDG6.1	Q96JM3.2	19.231	130	103	1	10	137	234	363	3.46e-06	52.6
Q6UDG6.1	Q96JM3.2	13.450	171	127	2	6	155	139	309	7.90e-06	51.4
Q6UDG6.1	Q96JM3.2	12.838	148	124	2	4	149	281	425	1.92e-05	50.3
Q6UDG6.1	Q96JM3.2	13.158	152	125	2	4	148	303	454	6.08e-04	45.3
Q6UDG6.1	Q96JM3.2	15.054	186	129	2	10	167	314	498	6.64e-04	45.3
Q6UDG6.1	Q96JM3.2	8.537	164	136	2	5	160	104	261	0.005	42.6
Q6UDG6.1	Q96JM3.2	15.441	136	111	2	20	151	94	229	0.025	40.2
Q6UDG6.1	A0QLI5.1	18.269	104	84	1	11	113	455	558	1.03e-09	63.4
Q6UDG6.1	A0QLI5.1	13.333	105	87	3	36	137	455	558	2.54e-07	56.0
Q6UDG6.1	A0QLI5.1	11.565	147	130	0	9	155	492	638	2.72e-06	53.0
Q6UDG6.1	A0QLI5.1	20.588	102	78	2	48	146	456	557	3.27e-06	52.6
Q6UDG6.1	A0QLI5.1	11.972	142	122	2	3	141	492	633	6.68e-05	48.3
Q6UDG6.1	A0QLI5.1	9.639	166	149	1	4	168	521	686	0.044	39.5
Q6UDG6.1	A0QLI5.1	14.286	84	70	1	79	160	456	539	0.055	39.1
Q6UDG6.1	A0QLI5.1	10.345	87	78	0	72	158	455	541	0.060	39.1
Q6UDG6.1	Q9LBG3.1	15.972	144	107	3	20	152	943	1083	1.41e-09	63.4
Q6UDG6.1	Q9LBG3.1	13.139	137	89	4	4	111	949	1084	8.29e-05	48.3
Q6UDG6.1	Q9LBG3.1	14.599	137	116	1	26	161	935	1071	2.91e-04	46.4
Q6UDG6.1	G1UBC2.2	16.447	152	121	3	1	147	300	450	1.45e-09	63.0
Q6UDG6.1	G1UBC2.2	16.026	156	125	3	4	154	391	545	1.25e-08	59.9
Q6UDG6.1	G1UBC2.2	15.333	150	117	3	8	147	345	494	8.90e-08	57.2
Q6UDG6.1	G1UBC2.2	13.986	143	122	1	8	150	365	506	9.99e-08	57.2
Q6UDG6.1	G1UBC2.2	13.907	151	125	2	5	155	337	482	4.19e-06	52.2
Q6UDG6.1	G1UBC2.2	16.556	151	119	3	8	151	413	563	6.69e-06	51.4
Q6UDG6.1	Q3AZB7.1	14.074	135	113	2	25	156	233	367	2.18e-09	62.6
Q6UDG6.1	Q3AZB7.1	12.258	155	130	3	4	154	267	419	4.71e-09	61.4
Q6UDG6.1	Q3AZB7.1	16.058	137	111	2	14	149	234	367	1.39e-07	57.2
Q6UDG6.1	Q3AZB7.1	11.176	170	129	3	4	151	299	468	1.19e-06	54.1
Q6UDG6.1	Q3AZB7.1	16.552	145	103	2	8	134	175	319	1.53e-06	53.7
Q6UDG6.1	Q3AZB7.1	12.139	173	139	2	7	166	332	504	4.00e-05	49.1
Q6UDG6.1	Q3AZB7.1	16.058	137	108	2	26	155	260	396	5.03e-04	45.6
Q6UDG6.1	Q3AZB7.1	14.173	127	106	2	24	149	172	296	0.013	41.4
Q6UDG6.1	Q8Z814.1	14.917	181	141	5	5	175	316	493	2.24e-09	62.6
Q6UDG6.1	Q8Z814.1	12.102	157	129	2	5	152	368	524	0.020	40.6
Q6UDG6.1	P06914.1	19.588	97	74	3	1	93	131	227	7.76e-09	60.3
Q6UDG6.1	P06914.1	19.626	107	78	2	17	123	129	227	6.64e-08	57.2
Q6UDG6.1	P06914.1	17.978	89	72	1	46	134	139	226	5.29e-07	54.5
Q6UDG6.1	P06914.1	9.474	95	82	1	56	146	129	223	0.044	39.1
Q6UDG6.1	Q9XIB6.1	10.811	148	128	1	8	151	682	829	1.17e-08	60.3
Q6UDG6.1	Q9XIB6.1	14.765	149	122	1	2	145	645	793	1.01e-06	54.1
Q6UDG6.1	Q9XIB6.1	13.534	133	113	1	11	143	402	532	9.78e-06	51.0
Q6UDG6.1	Q9XIB6.1	10.317	126	109	2	2	123	401	526	3.34e-05	49.5
Q6UDG6.1	Q9XIB6.1	12.879	132	107	2	13	144	403	526	0.002	43.7
Q6UDG6.1	Q9XIB6.1	11.940	134	115	2	5	137	714	845	0.025	40.2
Q6UDG6.1	Q9XIB6.1	16.364	110	91	1	39	148	401	509	0.080	38.7
Q6UDG6.1	P89459.1	19.424	139	101	4	23	152	275	411	1.34e-08	60.3
Q6UDG6.1	P89459.1	14.961	127	105	1	48	171	439	565	0.061	39.1
Q6UDG6.1	Q8CJ19.2	15.333	150	118	3	6	151	1184	1328	2.83e-08	59.1
Q6UDG6.1	Q8CJ19.2	10.784	204	168	5	3	198	1148	1345	0.008	42.2
Q6UDG6.1	Q8CJ19.2	12.752	149	127	1	6	154	1129	1274	0.016	41.0
Q6UDG6.1	Q15772.4	12.426	169	141	1	3	164	2171	2339	3.52e-08	59.1
Q6UDG6.1	Q15772.4	12.658	158	131	1	6	156	2144	2301	1.06e-06	54.5
Q6UDG6.1	Q15772.4	9.317	161	133	3	12	159	2162	2322	0.002	44.1
Q6UDG6.1	Q15772.4	10.791	139	123	1	37	174	524	662	0.007	42.2
Q6UDG6.1	Q15772.4	17.293	133	108	1	29	161	2145	2275	0.024	40.6
Q6UDG6.1	Q15772.4	15.205	171	121	2	2	148	506	676	0.049	39.5
Q6UDG6.1	C4YHA6.1	13.475	141	121	1	8	147	422	562	4.36e-08	58.4
Q6UDG6.1	C4YHA6.1	13.095	168	144	2	2	168	444	610	1.11e-04	47.6
Q6UDG6.1	C4YHA6.1	11.364	132	117	0	17	148	412	543	6.70e-04	45.3
Q6UDG6.1	O81765.1	16.216	111	80	2	8	116	417	516	4.63e-08	58.4
Q6UDG6.1	O81765.1	18.987	79	62	2	2	78	420	498	2.87e-06	52.6
Q6UDG6.1	O81765.1	16.832	101	75	3	39	133	415	512	4.65e-06	52.2
Q6UDG6.1	O81765.1	16.000	100	74	2	53	151	418	508	1.39e-04	47.2
Q6UDG6.1	O81765.1	15.294	85	71	1	77	161	419	502	0.040	39.5
Q6UDG6.1	A0P8X0.1	13.445	119	103	0	24	142	978	1096	5.98e-08	58.4
Q6UDG6.1	A0P8X0.1	14.035	114	88	1	9	112	983	1096	4.04e-06	52.6
Q6UDG6.1	A0P8X0.1	14.433	97	81	1	53	147	985	1081	0.020	40.6
Q6UDG6.1	A0P8X0.1	13.636	88	74	1	4	89	1006	1093	0.040	39.9
Q6UDG6.1	Q3AHW1.1	11.189	143	123	1	14	152	157	299	1.89e-07	56.4
Q6UDG6.1	Q3AHW1.1	10.753	186	143	3	4	166	235	420	1.04e-06	54.1
Q6UDG6.1	Q3AHW1.1	13.333	150	128	2	19	167	199	347	3.39e-04	46.4
Q6UDG6.1	Q2JMD7.1	12.042	191	132	3	4	158	166	356	2.08e-07	56.4
Q6UDG6.1	Q2JMD7.1	8.553	152	131	2	6	151	101	250	1.55e-04	47.2
Q6UDG6.1	Q2JMD7.1	12.371	194	157	3	1	184	127	317	2.70e-04	46.4
Q6UDG6.1	Q2JMD7.1	10.559	161	128	2	1	145	201	361	0.002	44.1
Q6UDG6.1	Q2JMD7.1	10.067	149	128	3	4	151	78	221	0.005	42.6
Q6UDG6.1	A5GVG4.1	14.118	170	117	4	6	147	243	411	5.73e-07	54.9
Q6UDG6.1	A5GVG4.1	17.164	134	108	3	18	148	308	441	4.97e-06	52.2
Q6UDG6.1	A5GVG4.1	13.043	184	121	4	11	155	255	438	5.20e-04	45.6
Q6UDG6.1	Q32L53.1	10.938	128	107	2	24	151	28	148	8.18e-07	53.7
Q6UDG6.1	Q32L53.1	14.035	114	89	3	15	122	30	140	5.35e-05	48.3
Q6UDG6.1	O13637.1	16.292	178	130	5	1	160	898	1074	1.34e-06	54.1
Q6UDG6.1	O13637.1	11.111	216	157	5	5	185	933	1148	1.41e-06	53.7
Q6UDG6.1	O13637.1	12.329	146	119	3	15	152	872	1016	6.25e-06	51.8
Q6UDG6.1	O13637.1	12.963	162	140	1	2	162	997	1158	1.81e-04	47.2
Q6UDG6.1	O13637.1	12.281	171	132	3	7	159	890	1060	7.88e-04	45.3
Q6UDG6.1	O13637.1	10.383	183	134	4	8	160	833	1015	0.004	42.9
Q6UDG6.1	O13637.1	12.821	156	135	1	13	167	1023	1178	0.005	42.6
Q6UDG6.1	A1R516.1	15.079	126	104	2	8	130	122	247	1.50e-06	53.7
Q6UDG6.1	A1R516.1	18.462	130	89	4	6	118	133	262	3.44e-05	49.5
Q6UDG6.1	A1R516.1	17.431	109	85	3	7	110	155	263	4.47e-05	49.1
Q6UDG6.1	A1R516.1	15.476	84	65	1	3	80	176	259	0.001	44.5
Q6UDG6.1	Q6ZRS2.3	11.364	176	139	1	1	159	1555	1730	1.86e-06	53.7
Q6UDG6.1	Q6ZRS2.3	12.791	172	131	4	6	159	1634	1804	0.002	44.1
Q6UDG6.1	Q6ZRS2.3	17.007	147	113	1	14	151	1349	1495	0.007	42.2
Q6UDG6.1	Q6ZRS2.3	12.025	158	136	2	8	163	1556	1712	0.009	41.8
Q6UDG6.1	Q6ZRS2.3	10.843	166	140	2	3	160	1382	1547	0.019	41.0
Q6UDG6.1	Q6ZRS2.3	16.111	180	134	4	13	175	1720	1899	0.082	38.7
Q6UDG6.1	Q0I7K2.1	11.905	126	108	2	13	135	180	305	2.23e-06	53.3
Q6UDG6.1	Q0I7K2.1	10.063	159	126	3	11	152	158	316	2.14e-04	46.8
Q6UDG6.1	Q0I7K2.1	14.286	133	110	1	23	151	157	289	2.62e-04	46.8
Q6UDG6.1	Q0I7K2.1	12.000	150	130	2	4	152	236	384	8.57e-04	44.9
Q6UDG6.1	P03186.1	13.415	164	138	1	2	161	398	561	2.73e-06	53.0
Q6UDG6.1	P03186.1	16.912	136	109	2	13	145	434	568	0.003	43.7
Q6UDG6.1	P03186.1	16.949	118	97	1	13	129	452	569	0.004	42.9
Q6UDG6.1	P03186.1	11.801	161	140	2	5	163	2864	3024	0.004	42.9
Q6UDG6.1	P03186.1	15.441	136	87	3	5	114	436	569	0.009	41.8
Q6UDG6.1	P03186.1	16.393	122	101	1	35	155	384	505	0.013	41.4
Q6UDG6.1	P03186.1	15.347	202	159	3	28	229	2862	3051	0.030	40.2
Q6UDG6.1	Q63638.2	17.857	140	114	1	6	144	2149	2288	4.32e-06	52.6
Q6UDG6.1	Q63638.2	11.029	136	111	2	5	130	2764	2899	2.69e-04	46.8
Q6UDG6.1	Q63638.2	11.765	153	127	2	10	162	2758	2902	0.002	44.1
Q6UDG6.1	Q63638.2	14.620	171	122	2	2	148	511	681	0.002	44.1
Q6UDG6.1	Q63638.2	12.500	160	132	3	6	159	507	664	0.010	41.8
Q6UDG6.1	Q63638.2	11.728	162	131	2	17	166	2190	2351	0.051	39.5
Q6UDG6.1	Q63638.2	13.675	117	95	2	2	112	2204	2320	0.070	39.1
Q6UDG6.1	A2QBZ0.1	9.000	100	91	0	6	105	949	1048	7.23e-06	51.8
Q6UDG6.1	A2QBZ0.1	10.050	199	129	4	2	150	864	1062	5.84e-04	45.6
Q6UDG6.1	A2QBZ0.1	14.286	161	99	3	24	147	861	1019	0.071	39.1
Q6UDG6.1	Q9P2R6.2	10.559	161	138	1	9	163	748	908	9.70e-06	51.4
Q6UDG6.1	Q9P2R6.2	9.524	168	137	1	1	153	704	871	2.17e-04	46.8
Q6UDG6.1	Q9P2R6.2	13.208	159	125	4	6	151	755	913	0.002	43.7
Q6UDG6.1	Q7Z429.1	11.304	115	97	2	42	151	39	153	1.41e-05	49.9
Q6UDG6.1	Q7Z429.1	15.455	110	90	2	16	122	36	145	3.12e-05	49.1
Q6UDG6.1	Q7Z429.1	12.821	156	131	3	19	173	39	190	4.65e-04	45.3
Q6UDG6.1	O88935.2	9.848	132	113	1	29	154	558	689	1.44e-05	50.6
Q6UDG6.1	O88935.2	19.512	123	93	3	2	122	567	685	5.56e-04	45.6
Q6UDG6.1	Q2J728.1	14.679	109	90	2	19	124	160	268	2.17e-05	49.9
Q6UDG6.1	Q2J728.1	12.844	109	94	1	27	134	160	268	4.33e-05	49.1
Q6UDG6.1	Q2J728.1	14.286	147	123	1	2	148	126	269	1.85e-04	47.2
Q6UDG6.1	Q62523.2	11.111	162	141	2	4	163	175	335	2.67e-05	49.5
Q6UDG6.1	Q62523.2	11.111	153	136	0	3	155	222	374	0.019	40.6
Q6UDG6.1	C0ZYA5.1	18.421	114	90	2	8	118	162	275	3.00e-05	49.5
Q6UDG6.1	C0ZYA5.1	17.500	120	80	2	27	127	156	275	0.003	43.3
Q6UDG6.1	C0ZYA5.1	20.000	95	73	3	1	92	179	273	0.024	40.2
Q6UDG6.1	C0ZYA5.1	13.158	114	95	3	33	142	162	275	0.041	39.5
Q6UDG6.1	A4RD35.1	18.667	150	120	1	8	155	1017	1166	3.17e-05	49.5
Q6UDG6.1	A4RD35.1	8.589	163	140	2	7	161	836	997	6.67e-05	48.7
Q6UDG6.1	A4RD35.1	12.579	159	138	1	17	174	1017	1175	1.85e-04	47.2
Q6UDG6.1	A4RD35.1	10.559	161	140	1	8	164	901	1061	0.002	44.1
Q6UDG6.1	A4RD35.1	16.197	142	117	1	21	160	813	954	0.004	42.9
Q6UDG6.1	A4RD35.1	10.989	182	143	2	8	172	1031	1210	0.006	42.6
Q6UDG6.1	A4RD35.1	13.542	192	114	6	8	148	933	1123	0.042	39.5
Q6UDG6.1	P46593.5	13.103	145	117	2	8	147	423	563	5.51e-05	48.7
Q6UDG6.1	P46593.5	9.023	133	121	0	23	155	413	545	0.027	39.9
Q6UDG6.1	Q9QZ04.2	11.111	162	141	1	7	165	524	685	6.92e-05	48.3
Q6UDG6.1	Q9QZ04.2	10.526	171	149	2	9	176	548	717	0.003	43.3
Q6UDG6.1	Q9QZ04.2	14.103	156	124	4	7	152	494	649	0.021	40.6
Q6UDG6.1	Q9QZ04.2	10.734	177	152	2	10	180	491	667	0.024	40.2
Q6UDG6.1	Q9QZ04.2	12.258	155	134	2	1	154	78	231	0.035	39.9
Q6UDG6.1	Q9QZ04.2	14.013	157	113	3	15	155	258	408	0.036	39.9
Q6UDG6.1	Q6W4X9.3	12.030	133	115	1	27	159	1339	1469	7.09e-05	48.7
Q6UDG6.1	Q6W4X9.3	8.861	158	139	2	2	154	1261	1418	0.049	39.5
Q6UDG6.1	Q6A7M5.1	12.644	174	134	2	7	164	109	280	7.17e-05	48.3
Q6UDG6.1	Q1HVH9.1	15.909	132	98	4	1	121	393	522	7.34e-05	48.7
Q6UDG6.1	Q1HVH9.1	11.801	161	140	2	5	163	2869	3029	0.004	42.9
Q6UDG6.1	Q1HVH9.1	16.393	122	101	1	35	155	389	510	0.016	41.0
Q6UDG6.1	Q1HVH9.1	15.347	202	159	3	28	229	2867	3056	0.029	40.2
Q6UDG6.1	Q9LJ64.1	9.934	151	136	0	5	155	430	580	7.82e-05	48.3
Q6UDG6.1	Q9LJ64.1	10.881	193	143	3	1	164	429	621	1.87e-04	47.2
Q6UDG6.1	Q9LJ64.1	11.340	97	85	1	15	110	538	634	2.61e-04	46.8
Q6UDG6.1	Q9LJ64.1	15.741	108	86	1	40	142	530	637	0.004	42.6
Q6UDG6.1	Q9LJ64.1	11.465	157	128	2	3	148	425	581	0.005	42.6
Q6UDG6.1	Q9LJ64.1	17.021	94	77	1	24	116	537	630	0.006	42.2
Q6UDG6.1	Q9LJ64.1	18.627	102	78	3	34	133	538	636	0.012	41.4
Q6UDG6.1	Q6BRR2.2	10.556	180	154	3	4	178	1014	1191	8.01e-05	48.3
Q6UDG6.1	Q6BRR2.2	12.319	138	119	1	18	153	967	1104	5.99e-04	45.6
Q6UDG6.1	Q91Z58.2	13.245	151	127	3	3	152	605	752	9.14e-05	48.0
Q6UDG6.1	Q91Z58.2	10.651	169	140	2	4	161	621	789	0.001	44.5
Q6UDG6.1	Q91Z58.2	10.667	150	134	0	2	151	634	783	0.009	41.8
Q6UDG6.1	Q91Z58.2	13.445	119	103	0	27	145	264	382	0.010	41.8
Q6UDG6.1	Q91Z58.2	12.727	165	134	3	9	163	263	427	0.011	41.4
Q6UDG6.1	Q6JHU9.1	13.287	143	124	0	10	152	827	969	1.03e-04	48.0
Q6UDG6.1	Q6JHU9.1	15.723	159	119	2	2	145	896	1054	0.003	43.3
Q6UDG6.1	Q6JHU9.1	7.975	163	150	0	1	163	837	999	0.005	42.9
Q6UDG6.1	Q6JHU9.1	12.000	150	131	1	8	156	809	958	0.008	41.8
Q6UDG6.1	Q6JHU9.1	9.659	176	137	2	5	158	853	1028	0.029	40.2
Q6UDG6.1	Q9FZ35.1	13.559	177	139	2	6	169	39	214	1.11e-04	47.2
Q6UDG6.1	Q9FZ35.1	15.972	144	117	1	17	156	26	169	0.002	43.7
Q6UDG6.1	Q9FZ35.1	12.583	151	129	2	16	163	17	167	0.019	40.2
Q6UDG6.1	Q9H3S7.1	12.245	147	127	1	10	154	728	874	1.15e-04	48.0
Q6UDG6.1	Q9H3S7.1	13.043	115	98	2	9	121	772	886	0.001	44.9
Q6UDG6.1	A1L4H1.3	13.736	182	144	2	3	171	1363	1544	1.19e-04	48.0
Q6UDG6.1	A1L4H1.3	12.865	171	140	4	13	175	1348	1517	1.81e-04	47.2
Q6UDG6.1	A1L4H1.3	14.516	124	103	2	33	155	1323	1444	0.081	38.7
Q6UDG6.1	P17600.3	10.606	132	111	2	29	154	558	688	1.27e-04	47.6
Q6UDG6.1	P17600.3	15.108	139	109	1	7	145	572	701	0.001	44.5
Q6UDG6.1	P17600.3	11.976	167	141	2	4	164	518	684	0.003	43.3
Q6UDG6.1	Q62203.2	9.220	141	125	2	8	146	309	448	1.37e-04	47.2
Q6UDG6.1	Q62203.2	12.950	139	121	0	2	140	310	448	1.80e-04	46.8
Q6UDG6.1	Q62203.2	11.511	139	117	2	26	158	293	431	0.038	39.5
Q6UDG6.1	Q5R5Q2.1	10.625	160	140	2	2	158	621	780	1.42e-04	47.6
Q6UDG6.1	Q5R5Q2.1	10.563	142	126	1	5	146	678	818	7.77e-04	45.3
Q6UDG6.1	Q5R5Q2.1	10.625	160	131	3	4	151	635	794	0.004	42.9
Q6UDG6.1	Q5R5Q2.1	13.924	158	122	4	17	160	620	777	0.004	42.9
Q6UDG6.1	Q5R5Q2.1	8.904	146	131	2	5	149	659	803	0.004	42.9
Q6UDG6.1	Q5R5Q2.1	16.216	111	87	1	51	155	619	729	0.023	40.2
Q6UDG6.1	Q5R5Q2.1	15.625	128	99	1	4	122	693	820	0.064	39.1
Q6UDG6.1	Q5R5Q2.1	8.696	138	125	1	10	146	596	733	0.078	38.7
Q6UDG6.1	Q5R5Q2.1	9.155	142	121	2	2	135	678	819	0.094	38.3
Q6UDG6.1	Q80TZ9.3	11.957	184	130	3	1	152	704	887	1.52e-04	47.6
Q6UDG6.1	Q80TZ9.3	11.798	178	136	3	3	160	694	870	0.004	42.9
Q6UDG6.1	Q80TZ9.3	9.929	141	115	2	7	135	748	888	0.045	39.5
Q6UDG6.1	P09951.3	11.905	168	127	2	8	154	520	687	1.71e-04	47.2
Q6UDG6.1	P09951.3	16.800	125	92	3	6	122	563	683	7.49e-04	44.9
Q6UDG6.1	P09951.3	9.524	147	132	1	7	153	556	701	0.025	40.2
Q6UDG6.1	P50995.1	7.027	185	152	2	10	174	75	259	1.81e-04	46.8
Q6UDG6.1	Q2UF60.2	13.690	168	126	1	7	155	1046	1213	1.92e-04	47.2
Q6UDG6.1	Q2UF60.2	12.426	169	131	3	9	161	1008	1175	0.007	42.2
Q6UDG6.1	Q2UF60.2	12.500	152	128	1	6	152	1023	1174	0.044	39.5
Q6UDG6.1	Q2UF60.2	11.194	134	110	2	25	149	858	991	0.052	39.5
Q6UDG6.1	Q9T076.1	13.433	134	116	0	3	136	146	279	2.14e-04	46.4
Q6UDG6.1	Q9T076.1	19.444	144	112	1	2	141	137	280	7.84e-04	44.5
Q6UDG6.1	Q9T076.1	7.190	153	142	0	6	158	130	282	0.003	42.6
Q6UDG6.1	Q9T076.1	14.074	135	109	2	2	129	148	282	0.015	40.6
Q6UDG6.1	Q9T076.1	14.765	149	124	1	13	161	177	322	0.019	40.2
Q6UDG6.1	Q9T076.1	17.197	157	126	3	2	154	184	340	0.056	38.7
Q6UDG6.1	P74745.1	13.665	161	136	1	4	161	374	534	2.27e-04	46.4
Q6UDG6.1	P74745.1	15.556	135	114	0	4	138	401	535	0.001	44.5
Q6UDG6.1	P74745.1	10.390	154	130	2	2	147	376	529	0.018	40.6
Q6UDG6.1	P74745.1	13.139	137	115	1	24	156	373	509	0.019	40.6
Q6UDG6.1	Q8WXD9.1	13.913	115	94	2	10	119	714	828	2.30e-04	46.8
Q6UDG6.1	Q8WXD9.1	10.857	175	138	4	5	161	733	907	3.31e-04	46.4
Q6UDG6.1	Q8WXD9.1	12.222	180	148	4	6	176	1220	1398	0.003	43.3
Q6UDG6.1	Q8WXD9.1	17.647	119	84	3	22	128	1215	1331	0.030	40.2
Q6UDG6.1	Q8WXD9.1	11.258	151	132	1	10	158	1181	1331	0.039	39.9
Q6UDG6.1	Q8WXD9.1	11.842	152	111	3	5	133	676	827	0.042	39.5
Q6UDG6.1	A1EGX6.1	11.932	176	150	1	9	184	545	715	2.34e-04	46.8
Q6UDG6.1	A1EGX6.1	12.808	203	167	3	4	197	594	795	4.74e-04	45.6
Q6UDG6.1	A1EGX6.1	10.714	140	124	1	9	147	578	717	0.001	44.5
Q6UDG6.1	A1EGX6.1	13.291	158	134	2	3	159	560	715	0.002	43.7
Q6UDG6.1	A1EGX6.1	12.739	157	133	3	5	160	479	632	0.045	39.5
Q6UDG6.1	A1EGX6.1	14.384	146	124	1	4	148	494	639	0.089	38.7
Q6UDG6.1	Q62901.2	12.500	184	129	3	1	152	703	886	3.75e-04	46.0
Q6UDG6.1	Q62901.2	14.535	172	134	3	3	162	693	863	0.011	41.4
Q6UDG6.1	Q6PB44.2	11.515	165	146	0	10	174	780	944	4.31e-04	46.0
Q6UDG6.1	Q6PB44.2	12.676	142	112	1	12	141	834	975	0.022	40.6
Q6UDG6.1	A3LN86.2	17.308	104	83	1	1	104	1195	1295	4.39e-04	46.0
Q6UDG6.1	Q4X0M4.1	10.270	185	143	2	6	167	1005	1189	4.74e-04	46.0
Q6UDG6.1	Q4X0M4.1	7.778	180	131	2	7	151	961	1140	0.016	41.0
Q6UDG6.1	Q4X0M4.1	16.774	155	128	1	6	159	956	1110	0.024	40.2
Q6UDG6.1	Q4X0M4.1	10.227	176	135	3	9	161	990	1165	0.058	39.1
Q6UDG6.1	Q52KI8.2	7.971	138	127	0	13	150	624	761	4.75e-04	45.6
Q6UDG6.1	Q52KI8.2	12.308	130	111	2	2	128	626	755	7.10e-04	45.3
Q6UDG6.1	Q52KI8.2	14.194	155	126	1	4	151	629	783	0.005	42.6
Q6UDG6.1	A1DHK2.1	13.816	152	126	2	14	160	1007	1158	5.26e-04	45.6
Q6UDG6.1	A1DHK2.1	16.774	155	128	1	6	159	956	1110	0.005	42.6
Q6UDG6.1	A1DHK2.1	13.462	156	128	4	6	160	801	950	0.021	40.6
Q6UDG6.1	A1DHK2.1	15.517	116	95	2	12	127	948	1060	0.037	39.9
Q6UDG6.1	P0CP00.1	12.821	117	100	2	11	125	1137	1253	5.36e-04	45.6
Q6UDG6.1	P0CP00.1	12.500	136	119	0	6	141	1122	1257	0.019	40.6
Q6UDG6.1	P0CP00.1	16.495	97	75	2	62	152	1160	1256	0.067	39.1
Q6UDG6.1	P0CP00.1	16.038	106	85	2	2	107	958	1059	0.084	38.7
Q6UDG6.1	Q8IYB3.2	9.774	133	117	1	4	133	610	742	5.71e-04	45.6
Q6UDG6.1	Q8IYB3.2	7.194	139	127	1	13	151	605	741	7.10e-04	45.3
Q6UDG6.1	Q8IYB3.2	8.451	142	129	1	10	150	582	723	0.013	41.4
Q6UDG6.1	Q8IYB3.2	14.815	108	92	0	1	108	635	742	0.017	41.0
Q6UDG6.1	P75330.1	20.732	82	65	0	26	107	169	250	6.25e-04	44.5
Q6UDG6.1	P75330.1	16.216	111	89	1	39	149	168	274	0.015	40.2
Q6UDG6.1	P75330.1	13.333	120	103	1	18	136	155	274	0.021	39.9
Q6UDG6.1	Q4JF29.2	10.169	177	133	2	13	163	240	416	7.12e-04	45.3
Q6UDG6.1	Q4JF29.2	15.116	172	122	2	5	152	260	431	0.001	44.9
Q6UDG6.1	B8FCY5.1	10.000	200	152	3	5	176	222	421	7.48e-04	45.3
Q6UDG6.1	B8FCY5.1	15.591	186	134	3	2	164	103	288	0.013	41.0
Q6UDG6.1	B8FCY5.1	16.071	112	88	2	11	116	200	311	0.020	40.6
Q6UDG6.1	B8FCY5.1	14.483	145	116	2	12	149	167	310	0.053	39.1
Q6UDG6.1	Q8GX23.1	20.588	68	53	1	52	119	82	148	7.64e-04	44.9
Q6UDG6.1	Q8GX23.1	14.925	67	56	1	65	130	82	148	0.068	38.7
Q6UDG6.1	A1C6X5.1	15.441	136	109	2	6	135	1013	1148	7.72e-04	45.3
Q6UDG6.1	A1C6X5.1	12.346	162	126	2	15	160	797	958	0.004	42.9
Q6UDG6.1	A1C6X5.1	12.941	170	146	1	5	172	1048	1217	0.021	40.6
Q6UDG6.1	A1C6X5.1	14.724	163	130	4	13	167	1041	1202	0.059	39.1
Q6UDG6.1	A1C6X5.1	13.580	162	137	2	2	160	801	962	0.089	38.7
Q6UDG6.1	A1C6X5.1	14.045	178	134	2	5	163	915	1092	0.099	38.3
Q6UDG6.1	P45481.3	12.587	143	125	0	10	152	827	969	8.45e-04	45.3
Q6UDG6.1	P45481.3	15.723	159	119	2	2	145	896	1054	0.002	44.1
Q6UDG6.1	P45481.3	12.000	150	131	1	8	156	809	958	0.009	41.8
Q6UDG6.1	P45481.3	8.228	158	143	1	5	160	853	1010	0.011	41.4
Q6UDG6.1	P45481.3	13.043	161	129	2	14	163	839	999	0.094	38.7
Q6UDG6.1	O62732.1	9.160	131	117	1	24	154	287	415	0.001	44.5
Q6UDG6.1	O62732.1	17.355	121	100	0	2	122	291	411	0.002	43.7
Q6UDG6.1	P03203.3	11.905	168	136	3	6	163	586	751	0.001	44.9
Q6UDG6.1	P03203.3	14.634	123	99	2	10	127	649	770	0.006	42.2
Q6UDG6.1	P03203.3	12.977	131	112	2	22	151	549	678	0.009	41.8
Q6UDG6.1	P03203.3	13.571	140	113	2	21	152	553	692	0.026	40.2
Q6UDG6.1	P03203.3	10.843	166	123	4	2	145	613	775	0.036	39.9
Q6UDG6.1	Q8N5Q1.3	16.260	123	102	1	14	135	432	554	0.001	44.9
Q6UDG6.1	Q8N5Q1.3	13.600	125	107	1	2	125	350	474	0.015	41.0
Q6UDG6.1	Q8N5Q1.3	9.924	131	118	0	15	145	426	556	0.020	40.6
Q6UDG6.1	Q8N5Q1.3	17.021	141	115	2	23	163	423	561	0.025	40.2
Q6UDG6.1	Q8N5Q1.3	13.816	152	126	2	5	151	376	527	0.050	39.5
Q6UDG6.1	P15941.3	12.994	177	147	2	2	171	781	957	0.001	44.9
Q6UDG6.1	P15941.3	14.103	156	134	0	2	157	141	296	0.001	44.5
Q6UDG6.1	P15941.3	14.103	156	134	0	2	157	241	396	0.001	44.5
Q6UDG6.1	P15941.3	14.103	156	134	0	2	157	341	496	0.001	44.5
Q6UDG6.1	P15941.3	14.103	156	134	0	2	157	441	596	0.001	44.5
Q6UDG6.1	P15941.3	14.103	156	134	0	2	157	541	696	0.001	44.5
Q6UDG6.1	P15941.3	14.103	156	134	0	2	157	641	796	0.001	44.5
Q6UDG6.1	P15941.3	14.103	156	134	0	2	157	741	896	0.001	44.5
Q6UDG6.1	P15941.3	13.462	156	135	0	2	157	121	276	0.001	44.5
Q6UDG6.1	P15941.3	13.253	166	137	2	2	160	721	886	0.002	43.7
Q6UDG6.1	P15941.3	14.557	158	128	2	2	152	801	958	0.002	43.7
Q6UDG6.1	P15941.3	11.842	152	133	1	2	152	835	986	0.010	41.8
Q6UDG6.1	P15941.3	13.158	152	132	0	6	157	105	256	0.020	40.6
Q6UDG6.1	P15941.3	14.205	176	131	4	2	157	761	936	0.027	40.2
Q6UDG6.1	P15941.3	14.286	147	126	0	14	160	102	248	0.064	39.1
Q6UDG6.1	Q6AXT8.1	10.638	141	125	1	8	147	319	459	0.001	44.1
Q6UDG6.1	Q6AXT8.1	10.490	143	128	0	2	144	299	441	0.026	39.9
Q6UDG6.1	Q01443.2	14.013	157	129	4	2	153	477	632	0.001	44.5
Q6UDG6.1	Q01443.2	12.195	82	70	1	54	133	476	557	0.062	39.1
Q6UDG6.1	Q8R105.1	13.178	129	108	1	6	130	186	314	0.001	44.1
Q6UDG6.1	Q8LPG9.1	15.663	166	133	3	6	167	77	239	0.001	44.5
Q6UDG6.1	Q8LPG9.1	15.060	166	132	3	5	161	138	303	0.013	41.0
Q6UDG6.1	Q8LPG9.1	14.966	147	125	0	8	154	173	319	0.065	38.7
Q6UDG6.1	O15047.3	18.333	60	49	0	38	97	1071	1130	0.001	44.5
Q6UDG6.1	O15047.3	24.590	61	46	0	55	115	1070	1130	0.002	44.1
Q6UDG6.1	O15047.3	13.043	69	60	0	33	101	1070	1138	0.040	39.9
Q6UDG6.1	O15047.3	19.672	61	46	1	69	126	1070	1130	0.052	39.5
Q6UDG6.1	O15047.3	17.500	80	66	0	43	122	1070	1149	0.060	39.1
Q6UDG6.1	O15047.3	23.077	65	45	2	15	79	1071	1130	0.064	39.1
Q6UDG6.1	Q3KSU8.1	11.801	161	140	2	5	163	2891	3051	0.001	44.5
Q6UDG6.1	Q3KSU8.1	14.851	202	160	3	28	229	2889	3078	0.013	41.4
Q6UDG6.1	Q15428.2	12.319	138	116	3	2	134	299	436	0.001	44.1
Q6UDG6.1	Q9UF83.2	13.725	153	131	1	5	157	75	226	0.002	44.1
Q6UDG6.1	Q9UF83.2	16.552	145	120	1	6	149	163	307	0.002	43.7
Q6UDG6.1	Q9UF83.2	14.935	154	124	1	6	152	118	271	0.002	43.3
Q6UDG6.1	Q9UF83.2	11.250	160	142	0	1	160	107	266	0.005	42.2
Q6UDG6.1	Q9UF83.2	13.158	152	129	2	6	155	127	277	0.011	41.4
Q6UDG6.1	Q9UF83.2	14.384	146	120	2	9	149	173	318	0.013	41.0
Q6UDG6.1	Q9UF83.2	14.000	150	129	0	10	159	193	342	0.013	41.0
Q6UDG6.1	Q9UF83.2	16.667	144	115	2	23	161	54	197	0.030	39.9
Q6UDG6.1	Q9UF83.2	14.189	148	127	0	6	153	207	354	0.031	39.9
Q6UDG6.1	Q9UF83.2	12.500	136	112	2	15	148	65	195	0.051	39.1
Q6UDG6.1	P17657.2	16.239	117	96	1	22	138	104	218	0.002	43.3
Q6UDG6.1	P17657.2	5.785	121	104	1	13	123	104	224	0.008	41.0
Q6UDG6.1	Q86UP3.1	16.000	100	82	1	54	153	2348	2445	0.002	44.1
Q6UDG6.1	Q86UP3.1	13.125	160	131	4	8	162	2337	2493	0.011	41.4
Q6UDG6.1	Q5H9F3.2	17.568	148	120	2	7	153	192	338	0.002	44.1
Q6UDG6.1	Q5H9F3.2	13.953	172	127	2	12	162	205	376	0.014	41.0
Q6UDG6.1	Q9LXB8.1	13.043	161	139	1	4	164	76	235	0.002	43.3
Q6UDG6.1	Q9LXB8.1	19.318	88	71	0	1	88	283	370	0.020	40.2
Q6UDG6.1	Q9LXB8.1	13.333	165	141	1	5	167	110	274	0.027	39.9
Q6UDG6.1	Q9LXB8.1	10.383	183	163	1	1	183	117	298	0.046	39.1
Q6UDG6.1	Q8WQ86.1	9.948	191	155	2	6	179	155	345	0.002	43.3
Q6UDG6.1	Q7TSH6.1	17.284	81	66	1	11	91	395	474	0.003	43.7
Q6UDG6.1	Q7TSH6.1	15.842	101	83	2	27	126	385	484	0.049	39.5
Q6UDG6.1	Q9FN39.1	12.319	138	108	1	11	135	133	270	0.003	42.9
Q6UDG6.1	Q9FN39.1	16.129	124	102	2	30	152	133	255	0.024	39.9
Q6UDG6.1	Q9P7E8.1	15.385	104	86	2	1	102	468	571	0.003	43.3
Q6UDG6.1	Q9SFU0.2	13.605	147	127	0	2	148	16	162	0.003	43.3
Q6UDG6.1	Q9SFU0.2	18.103	116	92	2	30	145	7	119	0.003	43.3
Q6UDG6.1	Q9SFU0.2	14.286	182	116	4	6	147	45	226	0.003	43.3
Q6UDG6.1	Q9SFU0.2	9.420	138	123	1	25	160	12	149	0.009	41.8
Q6UDG6.1	Q9SFU0.2	8.824	170	129	2	6	149	15	184	0.034	39.9
Q6UDG6.1	Q9SFU0.2	11.043	163	122	4	16	155	104	266	0.075	38.7
Q6UDG6.1	Q6P9K8.2	10.526	171	137	4	7	161	739	909	0.003	43.3
Q6UDG6.1	Q5KSL6.1	14.754	122	69	2	8	98	62	179	0.003	43.3
Q6UDG6.1	Q5KSL6.1	14.754	122	103	1	34	154	62	183	0.006	42.6
Q6UDG6.1	Q1DAM6.1	15.094	106	90	0	31	136	60	165	0.003	42.9
Q6UDG6.1	Q1DAM6.1	17.241	87	69	2	6	89	78	164	0.007	42.2
Q6UDG6.1	Q1DAM6.1	13.889	108	85	3	24	125	59	164	0.012	41.4
Q6UDG6.1	Q1DAM6.1	13.913	115	89	2	11	125	61	165	0.020	40.6
Q6UDG6.1	Q1DAM6.1	14.286	77	62	1	7	83	93	165	0.025	40.2
Q6UDG6.1	Q04118.3	8.228	158	145	0	3	160	44	201	0.004	42.6
Q6UDG6.1	Q04118.3	16.327	147	120	1	8	151	34	180	0.005	42.2
Q6UDG6.1	Q04118.3	10.625	160	139	2	3	160	86	243	0.006	41.8
Q6UDG6.1	Q04118.3	11.688	154	132	1	11	160	111	264	0.007	41.8
Q6UDG6.1	Q04118.3	13.750	160	123	2	4	148	114	273	0.007	41.8
Q6UDG6.1	Q04118.3	14.789	142	106	2	4	130	135	276	0.031	39.5
Q6UDG6.1	Q873A1.1	10.968	155	138	0	7	161	850	1004	0.004	42.9
Q6UDG6.1	Q873A1.1	11.047	172	141	3	2	161	870	1041	0.005	42.6
Q6UDG6.1	Q873A1.1	14.384	146	124	1	6	151	817	961	0.016	41.0
Q6UDG6.1	Q8VHK2.1	10.983	173	138	4	5	161	736	908	0.004	42.9
Q6UDG6.1	Q8VHK2.1	15.033	153	115	3	10	147	717	869	0.069	39.1
Q6UDG6.1	E1BBG2.2	15.789	133	112	0	14	146	222	354	0.004	42.9
Q6UDG6.1	E1BBG2.2	14.815	135	114	1	22	156	558	691	0.094	38.3
Q6UDG6.1	Q2M3V2.4	12.587	143	123	2	12	153	91	232	0.005	42.6
Q6UDG6.1	Q2M3V2.4	9.286	140	120	2	4	136	111	250	0.008	41.8
Q6UDG6.1	Q8TB24.4	10.909	165	120	2	8	145	313	477	0.005	42.6
Q6UDG6.1	P0C727.1	14.907	161	136	1	1	160	34	194	0.006	42.2
Q6UDG6.1	P0C727.1	14.907	161	136	1	1	160	68	228	0.006	42.2
Q6UDG6.1	P0C727.1	14.907	161	136	1	1	160	102	262	0.006	42.2
Q6UDG6.1	P0C727.1	14.907	161	136	1	1	160	136	296	0.006	42.2
Q6UDG6.1	P0C727.1	14.907	161	136	1	1	160	170	330	0.006	42.2
Q6UDG6.1	P0C727.1	14.907	161	136	1	1	160	204	364	0.006	42.2
Q6UDG6.1	P0C727.1	14.907	161	136	1	1	160	238	398	0.006	42.2
Q6UDG6.1	P0C727.1	14.907	161	136	1	1	160	272	432	0.006	42.2
Q6UDG6.1	P0C727.1	14.907	161	136	1	1	160	306	466	0.006	42.2
Q6UDG6.1	P0C727.1	14.907	161	136	1	1	160	340	500	0.006	42.2
Q6UDG6.1	P0C727.1	14.907	161	136	1	1	160	374	534	0.006	42.2
Q6UDG6.1	P0C727.1	14.907	161	136	1	1	160	408	568	0.006	42.2
Q6UDG6.1	P0C727.1	14.907	161	136	1	1	160	442	602	0.006	42.2
Q6UDG6.1	P0C727.1	14.907	161	136	1	1	160	476	636	0.006	42.2
Q6UDG6.1	P0C727.1	14.907	161	136	1	1	160	510	670	0.006	42.2
Q6UDG6.1	P0C727.1	14.907	161	136	1	1	160	544	704	0.006	42.2
Q6UDG6.1	P0C727.1	14.907	161	136	1	1	160	578	738	0.006	42.2
Q6UDG6.1	P0C727.1	14.907	161	136	1	1	160	612	772	0.006	42.2
Q6UDG6.1	P0C727.1	14.907	161	136	1	1	160	646	806	0.006	42.2
Q6UDG6.1	P0C727.1	14.907	161	136	1	1	160	680	840	0.006	42.2
Q6UDG6.1	P0C727.1	11.644	146	129	0	1	146	714	859	0.020	40.6
Q6UDG6.1	P0C727.1	12.667	150	130	1	13	161	717	866	0.042	39.5
Q6UDG6.1	P0C727.1	14.765	149	126	1	13	160	12	160	0.058	39.1
Q6UDG6.1	Q92793.3	14.570	151	129	0	10	160	825	975	0.006	42.6
Q6UDG6.1	Q92793.3	11.258	151	134	0	4	154	846	996	0.018	41.0
Q6UDG6.1	Q92793.3	11.688	154	130	2	4	151	857	1010	0.026	40.2
Q6UDG6.1	Q92793.3	14.194	155	118	2	2	141	895	1049	0.048	39.5
Q6UDG6.1	B1VYN5.1	16.071	112	84	1	35	136	198	309	0.007	42.2
Q6UDG6.1	Q5ZMJ9.1	16.250	160	126	1	4	155	603	762	0.007	42.2
Q6UDG6.1	Q5ZMJ9.1	9.722	144	130	0	5	148	638	781	0.014	41.0
Q6UDG6.1	Q5ZMJ9.1	7.463	134	124	0	13	146	598	731	0.029	40.2
Q6UDG6.1	A0LHL8.1	14.062	128	110	0	1	128	106	233	0.007	41.8
Q6UDG6.1	C5XYW4.1	14.173	127	107	1	17	141	78	204	0.008	41.0
Q6UDG6.1	C5XYW4.1	13.245	151	127	2	1	147	75	225	0.019	39.9
Q6UDG6.1	A1KMI2.1	17.073	82	66	2	18	99	115	194	0.008	41.8
Q6UDG6.1	Q8WXE0.2	15.000	140	117	1	18	155	1011	1150	0.009	41.8
Q6UDG6.1	Q8R4X3.3	20.513	78	60	2	38	115	710	785	0.009	41.8
Q6UDG6.1	Q8R4X3.3	23.171	82	60	3	45	126	707	785	0.051	39.5
Q6UDG6.1	Q8R4X3.3	18.644	59	46	2	27	84	708	765	0.082	38.7
Q6UDG6.1	Q8R4X3.3	12.418	153	129	2	7	155	644	795	0.096	38.3
Q6UDG6.1	A5D8V6.2	16.346	104	80	1	16	112	224	327	0.010	41.0
Q6UDG6.1	Q12967.2	16.107	149	121	2	1	145	248	396	0.014	41.0
Q6UDG6.1	Q12967.2	13.245	151	114	3	36	169	251	401	0.068	38.7
Q6UDG6.1	Q68EM7.1	10.092	109	92	1	43	145	520	628	0.014	41.0
Q6UDG6.1	A2AQH4.1	15.267	131	110	1	10	139	200	330	0.016	41.0
Q6UDG6.1	Q03173.2	14.966	147	125	0	14	160	341	487	0.017	40.6
Q6UDG6.1	Q03173.2	12.903	155	128	2	5	152	355	509	0.034	39.9
Q6UDG6.1	O88902.2	12.941	170	132	3	10	163	605	774	0.018	40.6
Q6UDG6.1	Q47RV1.1	12.429	177	132	1	7	160	86	262	0.018	40.6
Q6UDG6.1	Q9NZ56.4	11.047	172	132	3	4	154	281	452	0.018	41.0
Q6UDG6.1	Q9NZ56.4	13.158	152	128	2	10	159	228	377	0.055	39.5
Q6UDG6.1	Q9NZ56.4	7.143	154	135	2	13	165	280	426	0.060	39.1
Q6UDG6.1	Q8VIG1.2	18.440	141	114	1	8	148	636	775	0.019	40.6
Q6UDG6.1	P9WI71.1	16.505	103	84	2	13	115	303	403	0.020	40.6
Q6UDG6.1	P9WI70.1	16.505	103	84	2	13	115	303	403	0.020	40.6
Q6UDG6.1	Q25434.1	12.432	185	157	2	5	184	449	633	0.022	40.2
Q6UDG6.1	E9PAV3.1	11.688	154	136	0	7	160	1484	1637	0.025	40.6
Q6UDG6.1	E9PAV3.1	13.889	144	124	0	16	159	1322	1465	0.030	40.2
Q6UDG6.1	E9PAV3.1	11.450	131	116	0	2	132	853	983	0.040	39.9
Q6UDG6.1	E9PAV3.1	13.710	124	105	1	33	154	1345	1468	0.079	38.7
Q6UDG6.1	E9PAV3.1	14.557	158	131	1	7	160	1494	1651	0.083	38.7
Q6UDG6.1	E9PAV3.1	12.121	165	137	2	4	160	1539	1703	0.083	38.7
Q6UDG6.1	E9PAV3.1	15.924	157	128	2	8	160	1345	1501	0.084	38.7
Q6UDG6.1	E9PAV3.1	17.568	148	122	0	9	156	1757	1904	0.087	38.7
Q6UDG6.1	Q5S580.1	14.371	167	139	3	1	165	1003	1167	0.027	40.2
Q6UDG6.1	P02461.4	13.287	143	123	1	10	151	415	557	0.028	40.2
Q6UDG6.1	A0A0H3MAA9.1	7.059	170	144	2	9	164	494	663	0.033	39.9
Q6UDG6.1	Q0ULF5.3	10.870	138	123	0	14	151	936	1073	0.036	39.9
Q6UDG6.1	Q6C414.1	16.463	164	129	2	20	177	946	1107	0.036	39.9
Q6UDG6.1	Q8IN94.1	10.280	107	92	1	49	151	1322	1428	0.038	39.9
Q6UDG6.1	Q8IN94.1	13.000	100	87	0	24	123	1322	1421	0.042	39.9
Q6UDG6.1	C1F697.1	17.241	87	70	1	34	118	284	370	0.040	39.5
Q6UDG6.1	Q80Z19.3	10.101	99	79	2	18	107	3547	3644	0.042	39.9
Q6UDG6.1	Q9DBY1.3	12.963	54	47	0	16	69	527	580	0.042	39.5
Q6UDG6.1	P10220.1	18.000	100	79	1	19	118	2739	2835	0.044	39.5
Q6UDG6.1	P10220.1	14.563	103	80	3	16	114	427	525	0.083	38.7
Q6UDG6.1	P10220.1	8.571	140	128	0	8	147	2697	2836	0.093	38.7
Q6UDG6.1	P91859.1	13.115	122	103	2	11	129	226	347	0.046	39.5
Q6UDG6.1	P91859.1	15.205	171	142	3	21	190	258	426	0.095	38.3
Q6UDG6.1	Q0IIJ3.1	14.894	141	119	1	26	166	396	535	0.047	39.1
Q6UDG6.1	B2TQZ9.1	34.545	220	139	3	145	361	5	222	1.35e-134	385
Q6UDG6.1	A8MM35.1	32.727	220	143	3	145	361	5	222	8.68e-134	383
Q6UDG6.1	B4RLL6.1	39.545	220	128	4	146	361	1	219	5.54e-133	381
Q6UDG6.1	P43731.1	38.636	220	130	4	146	361	1	219	7.28e-133	381
Q6UDG6.1	B7GMM1.1	34.081	223	142	3	142	361	2	222	1.02e-132	381
Q6UDG6.1	P39615.1	36.323	223	137	3	142	361	2	222	1.21e-132	380
Q6UDG6.1	Q7MNR0.2	37.500	224	135	4	143	362	1	223	1.80e-132	380
Q6UDG6.1	A9LZA2.1	39.545	220	128	4	146	361	1	219	7.24e-132	378
Q6UDG6.1	A5UBC0.1	37.727	220	132	4	146	361	1	219	8.62e-132	378
Q6UDG6.1	Q4QPM6.1	37.727	220	132	4	146	361	1	219	2.44e-131	377
Q6UDG6.1	A1KU26.1	39.545	220	128	4	146	361	1	219	2.84e-131	377
Q6UDG6.1	A7GVE5.1	34.375	224	142	3	142	362	2	223	3.71e-131	377
Q6UDG6.1	B8FSV8.1	31.982	222	147	2	142	361	1	220	1.08e-130	375
Q6UDG6.1	B7HYF9.1	34.389	221	140	3	145	362	5	223	1.17e-130	375
Q6UDG6.1	Q9JUC4.1	39.091	220	129	4	146	361	1	219	1.20e-130	375
Q6UDG6.1	Q0TUH0.1	32.287	223	146	3	143	362	3	223	1.31e-130	375
Q6UDG6.1	B0UWA7.1	39.367	221	129	4	146	362	1	220	1.48e-130	375
Q6UDG6.1	Q630K2.1	34.375	224	142	3	142	362	2	223	1.50e-130	375
Q6UDG6.1	Q65VN0.1	36.818	220	134	4	146	361	1	219	1.99e-130	375
Q6UDG6.1	A6M317.1	33.182	220	142	3	145	361	5	222	2.46e-130	374
Q6UDG6.1	Q5L9D9.1	36.199	221	136	3	142	359	2	220	3.76e-130	374
Q6UDG6.1	Q72X51.1	34.389	221	140	3	145	362	5	223	5.07e-130	374
Q6UDG6.1	Q720K2.1	34.821	224	141	3	142	362	1	222	7.49e-130	373
Q6UDG6.1	Q182G9.1	33.184	223	144	3	142	361	1	221	1.20e-129	373
Q6UDG6.1	Q8XNR7.1	31.839	223	147	3	143	362	3	223	2.39e-129	372
Q6UDG6.1	Q0SWB8.1	32.287	223	146	3	143	362	3	223	3.55e-129	371
Q6UDG6.1	Q6HAN7.1	33.484	221	142	3	145	362	5	223	4.76e-129	371
Q6UDG6.1	A7MS85.1	33.929	224	143	4	143	362	1	223	5.75e-129	371
Q6UDG6.1	Q87SC4.1	34.821	224	141	4	143	362	1	223	6.08e-129	371
Q6UDG6.1	Q92CI1.1	34.375	224	142	3	142	362	1	222	8.77e-129	371
Q6UDG6.1	A7ZA24.1	37.054	224	136	3	142	362	2	223	9.33e-129	371
Q6UDG6.1	Q8A5V6.1	35.747	221	137	3	142	359	2	220	2.45e-128	369
Q6UDG6.1	A9VSJ0.1	32.579	221	144	3	145	362	5	223	2.65e-128	369
Q6UDG6.1	C5D9T3.1	34.081	223	142	3	142	361	1	221	2.82e-128	369
Q6UDG6.1	A0RLI1.1	33.484	221	142	3	145	362	5	223	5.05e-128	369
Q6UDG6.1	B6EKY3.1	35.909	220	136	4	145	360	1	219	6.70e-128	368
Q6UDG6.1	A3MZ80.1	35.909	220	136	4	146	361	1	219	6.79e-128	368
Q6UDG6.1	B8F6C3.1	37.104	221	133	4	146	362	1	219	8.43e-128	368
Q6UDG6.1	C4LC44.1	35.455	220	137	4	146	361	1	219	9.58e-128	368
Q6UDG6.1	B7JHM3.1	33.484	221	142	3	145	362	5	223	1.04e-127	368
Q6UDG6.1	A8FIM7.1	35.426	223	139	3	142	361	2	222	1.13e-127	368
Q6UDG6.1	Q836Z5.1	35.294	221	138	3	145	362	5	223	3.04e-127	367
Q6UDG6.1	C1DQR0.1	38.938	226	132	4	141	362	6	229	4.06e-127	367
Q6UDG6.1	B5FAJ7.1	35.160	219	137	4	145	359	1	218	4.59e-127	366
Q6UDG6.1	Q8Y7P6.1	34.375	224	142	3	142	362	1	222	4.95e-127	366
Q6UDG6.1	Q8UCM8.1	35.193	233	145	4	134	362	1	231	5.77e-127	367
Q6UDG6.1	Q0T1S6.1	38.605	215	127	4	149	359	7	220	6.24e-127	366
Q6UDG6.1	B7HG60.1	33.484	221	142	3	145	362	5	223	7.44e-127	366
Q6UDG6.1	C3LFS7.1	33.484	221	142	3	145	362	5	223	8.30e-127	366
Q6UDG6.1	A5F5R5.1	34.234	222	141	4	143	360	1	221	8.60e-127	366
Q6UDG6.1	A6L7T5.1	36.199	221	136	3	142	359	2	220	9.87e-127	365
Q6UDG6.1	A0Q7Y8.1	37.327	217	131	4	149	361	3	218	1.07e-126	365
Q6UDG6.1	Q5E2Y8.1	35.160	219	137	4	145	359	1	218	1.32e-126	365
Q6UDG6.1	A8A392.1	38.605	215	127	4	149	359	7	220	2.29e-126	364
Q6UDG6.1	Q5KUD0.1	34.081	223	142	3	142	361	1	221	3.11e-126	364
Q6UDG6.1	B5Z154.1	38.605	215	127	4	149	359	7	220	5.04e-126	364
Q6UDG6.1	A8GI39.1	37.168	226	135	5	143	362	1	225	6.88e-126	363
Q6UDG6.1	Q65DN9.1	36.161	224	138	3	142	362	2	223	8.24e-126	363
Q6UDG6.1	B7MYL3.1	39.070	215	126	4	149	359	7	220	8.33e-126	363
Q6UDG6.1	A1AEB0.1	38.605	215	127	4	149	359	7	220	8.99e-126	363
Q6UDG6.1	A6TCJ2.1	36.652	221	135	4	143	359	1	220	1.04e-125	363
Q6UDG6.1	C6DC11.1	37.168	226	135	5	143	362	1	225	1.04e-125	363
Q6UDG6.1	Q03GV8.1	33.482	224	144	3	142	362	2	223	1.10e-125	363
Q6UDG6.1	A4IWI7.1	37.788	217	130	4	149	361	3	218	1.17e-125	363
Q6UDG6.1	B7LUY5.1	39.070	215	126	4	149	359	7	220	1.26e-125	363
Q6UDG6.1	Q8FF08.3	38.605	215	127	4	149	359	7	220	1.55e-125	363
Q6UDG6.1	B7NRN6.1	38.605	215	127	4	149	359	7	220	1.75e-125	363
Q6UDG6.1	A1JKI8.1	35.586	222	138	4	143	360	1	221	2.15e-125	362
Q6UDG6.1	B5XNF8.1	35.747	221	137	4	143	359	1	220	2.30e-125	362
Q6UDG6.1	Q5WAZ9.1	33.482	224	144	3	142	362	1	222	3.29e-125	362
Q6UDG6.1	A4ITQ2.1	34.081	223	142	3	142	361	1	221	3.64e-125	361
Q6UDG6.1	C0Z887.1	36.199	221	136	3	145	362	5	223	3.80e-125	361
Q6UDG6.1	B7IRS8.1	33.032	221	143	3	145	362	5	223	3.85e-125	361
Q6UDG6.1	A7GVX1.1	38.326	227	136	3	137	361	2	226	6.68e-125	361
Q6UDG6.1	A0KMZ1.1	34.862	218	137	4	146	359	1	217	6.97e-125	361
Q6UDG6.1	Q6D208.1	37.611	226	134	5	143	362	1	225	8.43e-125	361
Q6UDG6.1	A8AD07.1	38.009	221	132	4	143	359	1	220	1.06e-124	360
Q6UDG6.1	B0TXF5.1	40.367	218	125	4	148	361	2	218	1.45e-124	359
Q6UDG6.1	Q6F9Y2.1	34.599	237	148	5	130	361	1	235	1.49e-124	360
Q6UDG6.1	A4SK71.1	34.404	218	138	4	146	359	1	217	2.13e-124	359
Q6UDG6.1	A0RM89.1	38.739	222	132	3	142	361	7	226	2.77e-124	359
Q6UDG6.1	A6TVW5.1	33.184	223	144	3	142	361	1	221	2.95e-124	359
Q6UDG6.1	B9DKT3.1	31.944	216	141	4	148	360	2	214	3.95e-124	359
Q6UDG6.1	A7NAN4.1	37.327	217	131	4	149	361	3	218	4.54e-124	358
Q6UDG6.1	Q7VMC0.1	38.009	221	132	4	146	362	1	220	5.89e-124	358
Q6UDG6.1	Q4L3Q7.1	32.093	215	140	3	149	360	3	214	8.64e-124	358
Q6UDG6.1	B0VMZ7.1	33.333	237	151	5	130	361	1	235	1.17e-123	358
Q6UDG6.1	B4F058.1	34.529	223	141	4	143	361	1	222	1.57e-123	357
Q6UDG6.1	B3ERG6.1	37.104	221	134	3	142	359	2	220	1.76e-123	357
Q6UDG6.1	B0VD25.1	33.755	237	150	5	130	361	1	235	2.31e-123	357
Q6UDG6.1	Q9K682.1	33.482	224	144	3	142	362	1	222	2.36e-123	357
Q6UDG6.1	C4Z8Z2.1	34.821	224	140	4	142	361	1	222	2.37e-123	357
Q6UDG6.1	A5IQD5.1	32.558	215	139	3	149	360	3	214	3.34e-123	356
Q6UDG6.1	B6J738.1	37.168	226	136	4	140	361	1	224	3.67e-123	356
Q6UDG6.1	A3M500.2	33.755	237	150	5	130	361	1	235	3.74e-123	357
Q6UDG6.1	Q2YS83.1	32.558	215	139	3	149	360	3	214	4.07e-123	356
Q6UDG6.1	Q6GBQ6.1	32.558	215	139	3	149	360	3	214	4.64e-123	356
Q6UDG6.1	Q3IG47.1	33.937	221	140	5	146	361	1	220	5.61e-123	356
Q6UDG6.1	Q7N1U8.1	37.557	221	133	4	143	359	1	220	6.15e-123	356
Q6UDG6.1	A4WDE9.1	37.104	221	134	4	143	359	1	220	7.88e-123	356
Q6UDG6.1	Q83CW4.1	36.726	226	137	4	140	361	1	224	8.05e-123	356
Q6UDG6.1	Q2NS03.1	37.104	221	134	4	143	359	1	220	1.01e-122	355
Q6UDG6.1	Q92LU5.1	37.281	228	137	4	139	362	1	226	1.22e-122	356
Q6UDG6.1	A6VLV4.1	37.727	220	132	4	146	361	1	219	1.23e-122	355
Q6UDG6.1	B5F228.1	37.557	221	133	4	143	359	1	220	1.52e-122	355
Q6UDG6.1	A6VAM7.1	34.348	230	145	4	137	362	2	229	1.56e-122	355
Q6UDG6.1	A7ZAZ4.1	40.529	227	131	3	137	361	2	226	2.14e-122	354
Q6UDG6.1	A7I0A8.1	37.500	224	135	4	141	361	6	227	2.46e-122	354
Q6UDG6.1	Q02HQ1.1	34.348	230	145	4	137	362	2	229	2.47e-122	354
Q6UDG6.1	B0KV50.1	35.398	226	140	4	141	362	5	228	3.20e-122	354
Q6UDG6.1	A9N0W3.1	37.557	221	133	4	143	359	1	220	3.41e-122	354
Q6UDG6.1	A9KCD5.2	37.168	226	136	4	140	361	1	224	4.84e-122	354
Q6UDG6.1	A5VIJ2.1	33.929	224	143	3	142	362	2	223	6.78e-122	353
Q6UDG6.1	B2VEC7.1	39.091	220	127	5	149	362	7	225	9.89e-122	353
Q6UDG6.1	Q88N05.1	36.283	226	138	4	141	362	5	228	1.20e-121	353
Q6UDG6.1	B1J4J3.1	34.956	226	141	4	141	362	5	228	1.63e-121	353
Q6UDG6.1	B6J089.1	36.726	226	137	4	140	361	1	224	1.83e-121	352
Q6UDG6.1	P57807.1	36.364	220	135	4	146	361	1	219	2.34e-121	352
Q6UDG6.1	Q8R634.1	36.771	223	136	3	142	361	1	221	2.42e-121	352
Q6UDG6.1	Q1I5T6.1	34.071	226	143	4	141	362	5	228	2.47e-121	352
Q6UDG6.1	Q8EPH6.1	34.234	222	141	3	144	362	4	223	4.30e-121	351
Q6UDG6.1	Q48ET5.1	34.956	226	141	4	141	362	5	228	4.55e-121	351
Q6UDG6.1	B1YFL0.1	35.000	220	138	3	145	361	1	218	4.68e-121	351
Q6UDG6.1	A0M1V1.1	35.135	222	138	4	142	359	2	221	7.20e-121	350
Q6UDG6.1	A5W8H2.1	35.841	226	139	4	141	362	5	228	8.12e-121	351
Q6UDG6.1	Q4KGS0.1	34.061	229	145	4	138	362	2	228	8.21e-121	351
Q6UDG6.1	A5FFT1.1	36.036	222	136	4	142	359	2	221	9.89e-121	350
Q6UDG6.1	Q4ZPC2.1	35.841	226	139	4	141	362	5	228	1.13e-120	350
Q6UDG6.1	B9E8N2.1	32.243	214	139	3	149	359	3	213	1.15e-120	350
Q6UDG6.1	Q5HX80.1	35.526	228	142	4	137	361	5	230	1.30e-120	350
Q6UDG6.1	Q9PJ40.1	35.526	228	142	4	137	361	5	230	1.45e-120	350
Q6UDG6.1	B0B8I2.1	34.348	230	143	3	137	361	2	228	1.67e-120	350
Q6UDG6.1	Q88YG1.1	33.929	224	143	3	142	362	2	223	2.01e-120	349
Q6UDG6.1	Q3KGL4.1	34.498	229	144	4	138	362	2	228	2.80e-120	349
Q6UDG6.1	A9KP29.1	31.250	224	148	4	142	361	1	222	2.91e-120	349
Q6UDG6.1	A1VXG9.1	35.526	228	142	4	137	361	5	230	3.12e-120	349
Q6UDG6.1	C3KDS6.1	34.498	229	144	4	138	362	2	228	3.18e-120	349
Q6UDG6.1	O84613.1	33.478	230	145	3	137	361	2	228	3.24e-120	349
Q6UDG6.1	Q9PA28.2	36.283	226	138	4	141	362	14	237	3.39e-120	350
Q6UDG6.1	Q87XE2.1	35.398	226	140	4	141	362	5	228	4.98e-120	349
Q6UDG6.1	A9MGV9.1	37.557	221	133	4	143	359	1	220	5.08e-120	349
Q6UDG6.1	Q92EQ0.1	35.000	220	138	3	145	361	1	218	1.09e-119	348
Q6UDG6.1	Q9PJD2.1	33.478	230	145	3	137	361	2	228	1.31e-119	348
Q6UDG6.1	A8FJP1.1	35.965	228	141	4	137	361	5	230	1.41e-119	348
Q6UDG6.1	A7H1G3.1	35.965	228	141	4	137	361	5	230	3.38e-119	346
Q6UDG6.1	Q49VD1.1	33.023	215	138	3	149	360	3	214	3.46e-119	346
Q6UDG6.1	Q8Y9X7.1	35.000	220	138	3	145	361	1	218	7.01e-119	345
Q6UDG6.1	Q723S4.1	35.455	220	137	3	145	361	1	218	7.73e-119	345
Q6UDG6.1	A6UDC0.1	37.719	228	136	4	139	362	1	226	1.28e-118	346
Q6UDG6.1	B0U620.1	35.841	226	139	4	141	362	14	237	1.45e-118	346
Q6UDG6.1	B2IAB2.1	36.283	226	138	4	141	362	14	237	1.50e-118	346
Q6UDG6.1	B8D787.1	32.870	216	141	3	149	361	5	219	2.06e-118	344
Q6UDG6.1	Q30Q92.1	34.667	225	142	3	140	361	1	223	2.19e-118	344
Q6UDG6.1	P53766.2	33.190	232	151	3	134	361	113	344	2.94e-118	349
Q6UDG6.1	B2GAM7.1	34.821	224	141	3	142	362	2	223	3.33e-118	344
Q6UDG6.1	B6YR15.1	33.937	221	141	3	142	359	2	220	3.52e-118	344
Q6UDG6.1	Q5R080.1	38.605	215	128	3	148	359	2	215	7.02e-118	343
Q6UDG6.1	Q3BNI2.1	35.652	230	142	4	137	362	2	229	7.68e-118	343
Q6UDG6.1	Q8PFZ6.1	35.217	230	143	4	137	362	2	229	2.24e-117	342
Q6UDG6.1	B2SJF5.1	34.783	230	144	4	137	362	2	229	2.53e-117	342
Q6UDG6.1	A5EVB8.1	38.596	228	136	4	137	361	3	229	2.90e-117	341
Q6UDG6.1	Q38VY5.1	33.032	221	142	4	145	362	5	222	3.09e-117	341
Q6UDG6.1	Q9LIH6.1	29.139	302	202	5	67	361	34	330	3.44e-117	345
Q6UDG6.1	Q5L4Q4.1	34.632	231	143	3	137	362	2	229	3.77e-117	341
Q6UDG6.1	P97931.3	28.912	294	203	4	72	360	12	304	4.16e-117	344
Q6UDG6.1	Q74K70.1	32.579	221	143	4	145	362	5	222	4.76e-117	341
Q6UDG6.1	Q5FL46.1	32.743	226	146	4	140	362	1	223	7.79e-117	341
Q6UDG6.1	Q5HRG5.1	31.163	215	142	3	149	360	3	214	8.20e-117	340
Q6UDG6.1	Q64QI5.1	36.199	221	136	3	142	359	2	220	9.13e-117	340
Q6UDG6.1	Q8CQ65.1	31.163	215	142	3	149	360	3	214	1.03e-116	340
Q6UDG6.1	Q7VRQ7.1	37.387	222	134	4	144	361	1	221	1.42e-116	339
Q6UDG6.1	Q821F7.1	35.065	231	142	3	137	362	2	229	1.56e-116	340
Q6UDG6.1	Q5LA67.1	36.199	221	136	3	142	359	2	220	2.55e-116	339
Q6UDG6.1	B5RKV2.1	33.482	224	142	4	142	360	2	223	8.63e-116	338
Q6UDG6.1	P13051.2	31.229	301	200	5	66	360	12	311	8.70e-116	341
Q6UDG6.1	B0RWT2.1	34.348	230	145	4	137	362	2	229	1.12e-115	338
Q6UDG6.1	A8YUE7.1	31.556	225	148	4	140	361	1	222	1.89e-115	337
Q6UDG6.1	B2S1N8.1	33.482	224	142	4	142	360	2	223	1.98e-115	337
Q6UDG6.1	P59465.1	31.944	216	142	4	148	359	8	222	2.10e-115	337
Q6UDG6.1	Q9RWH9.1	37.229	231	142	3	134	362	12	241	2.51e-115	337
Q6UDG6.1	B5RQN2.1	33.482	224	142	4	142	360	2	223	6.10e-115	336
Q6UDG6.1	B9KEK7.1	35.526	228	142	4	137	361	2	227	6.67e-115	336
Q6UDG6.1	A1SUE5.1	34.419	215	136	4	149	359	3	216	6.69e-115	335
Q6UDG6.1	Q256I7.1	34.632	231	143	3	137	362	2	229	7.20e-115	336
Q6UDG6.1	A1QYK3.1	33.929	224	141	4	142	360	2	223	1.08e-114	335
Q6UDG6.1	B1JRB1.1	35.586	222	138	4	143	360	1	221	1.90e-114	334
Q6UDG6.1	P29950.1	36.967	211	127	4	156	362	1	209	2.72e-114	334
Q6UDG6.1	A4TKZ2.1	35.586	222	138	4	143	360	1	221	3.07e-114	334
Q6UDG6.1	B1I012.1	34.222	225	141	3	142	361	2	224	3.36e-114	334
Q6UDG6.1	A7FFS4.1	35.586	222	138	4	143	360	1	221	4.50e-114	333
Q6UDG6.1	Q04BG7.1	33.784	222	141	4	144	362	4	222	4.84e-114	333
Q6UDG6.1	A8EWN8.1	31.776	214	142	3	149	359	3	215	5.04e-114	333
Q6UDG6.1	Q662W1.1	33.036	224	143	4	142	360	2	223	1.10e-113	332
Q6UDG6.1	A8AXM4.1	32.420	219	141	3	144	359	1	215	1.59e-113	332
Q6UDG6.1	Q9Z7D3.1	34.361	227	139	4	142	362	14	236	1.71e-113	332
Q6UDG6.1	Q0SPB2.1	33.184	223	142	4	143	360	3	223	2.47e-113	331
Q6UDG6.1	Q057V4.1	33.796	216	139	3	149	361	9	223	4.16e-113	331
Q6UDG6.1	B3WCZ5.1	34.389	221	139	4	145	362	5	222	4.75e-113	331
Q6UDG6.1	B7J0Y9.1	32.589	224	144	4	142	360	2	223	4.76e-113	331
Q6UDG6.1	Q9K3Z0.1	33.186	226	147	3	139	362	1	224	7.67e-113	330
Q6UDG6.1	A3CN85.1	31.963	219	142	3	144	359	1	215	9.65e-113	329
Q6UDG6.1	Q07YI6.1	34.389	221	140	4	145	361	1	220	1.42e-112	329
Q6UDG6.1	B2RHL6.1	35.426	223	140	3	140	359	1	222	1.96e-112	329
Q6UDG6.1	Q7MXF6.1	35.426	223	140	3	140	359	1	222	2.05e-112	329
Q6UDG6.1	Q1GB22.1	33.784	222	141	4	144	362	4	222	2.84e-112	329
Q6UDG6.1	Q03SK6.1	31.416	226	148	4	142	362	2	225	3.66e-112	329
Q6UDG6.1	C1CXS7.1	35.391	243	153	4	123	362	2	243	6.23e-112	329
Q6UDG6.1	Q7MA00.1	36.889	225	137	4	141	362	7	229	1.25e-111	327
Q6UDG6.1	P0A4P3.1	32.420	219	141	3	144	359	1	215	1.50e-111	327
Q6UDG6.1	Q8EB78.1	30.876	217	145	4	149	361	3	218	1.80e-111	326
Q6UDG6.1	Q827B3.1	34.071	226	145	3	139	362	1	224	4.86e-111	326
Q6UDG6.1	Q1IWN1.1	34.440	241	154	3	124	362	1	239	9.07e-111	326
Q6UDG6.1	A4VV30.1	33.333	219	139	3	144	359	1	215	1.71e-110	324
Q6UDG6.1	Q1J724.1	32.420	219	141	3	144	359	1	215	5.37e-110	322
Q6UDG6.1	B9DSB9.1	32.420	219	141	3	144	359	1	215	1.97e-109	321
Q6UDG6.1	B5XL20.1	32.420	219	141	3	144	359	1	215	7.70e-109	320
Q6UDG6.1	Q03KM6.1	32.420	219	141	3	144	359	1	215	8.50e-109	319
Q6UDG6.1	Q8P1B6.1	31.507	219	143	3	144	359	1	215	1.37e-108	319
Q6UDG6.1	Q48U05.1	31.507	219	143	3	144	359	1	215	1.40e-108	319
Q6UDG6.1	P0DG74.1	31.963	219	142	3	144	359	1	215	2.22e-108	319
Q6UDG6.1	Q8DTV8.1	31.963	219	142	3	144	359	1	215	2.32e-108	319
Q6UDG6.1	C0M7J9.1	30.594	219	145	3	144	359	1	215	2.32e-108	319
Q6UDG6.1	B4U3D4.1	30.594	219	145	3	144	359	1	215	2.64e-108	318
Q6UDG6.1	Q1JC76.1	31.963	219	142	3	144	359	1	215	6.19e-108	317
Q6UDG6.1	A2RF00.1	31.963	219	142	3	144	359	1	215	9.38e-108	317
Q6UDG6.1	Q5XCK3.1	31.050	219	144	3	144	359	1	215	1.69e-107	316
Q6UDG6.1	C0ME57.1	31.050	219	144	3	144	359	1	215	1.71e-107	316
Q6UDG6.1	Q9U221.1	27.881	269	187	6	95	359	14	279	2.64e-107	318
Q6UDG6.1	C1CKR8.1	32.420	219	141	3	144	359	1	215	3.96e-107	315
Q6UDG6.1	B1IBW9.1	33.790	219	138	3	144	359	1	215	5.99e-107	315
Q6UDG6.1	B8ZQ48.1	32.877	219	140	3	144	359	1	215	6.13e-107	315
Q6UDG6.1	B5E4R3.1	32.877	219	140	3	144	359	1	215	7.29e-107	315
Q6UDG6.1	Q6UDG6.1	100.000	362	0	0	1	362	1	362	7.44e-106	317
Q6UDG6.1	P12888.1	37.652	247	141	5	126	361	11	255	2.69e-104	310
Q6UDG6.1	O74834.1	29.964	277	181	6	90	360	33	302	1.55e-103	310
Q6UDG6.1	P12887.1	28.254	315	197	7	65	361	33	336	3.69e-103	311
Q6UDG6.1	Q7VGS1.1	35.193	233	139	4	137	359	2	232	6.51e-103	305
Q6UDG6.1	Q7P1I1.1	39.819	221	127	4	143	359	9	227	1.01e-102	305
Q6UDG6.1	B2UDL1.1	33.468	248	151	5	126	362	16	260	1.06e-102	306
Q6UDG6.1	P53765.2	36.179	246	144	5	127	361	11	254	1.45e-102	305
Q6UDG6.1	Q8XVE4.1	32.830	265	164	5	109	362	2	263	1.12e-101	303
Q6UDG6.1	B1MXY4.1	31.222	221	145	3	142	359	1	217	1.56e-101	301
Q6UDG6.1	Q01019.1	37.073	205	117	4	167	361	49	251	3.41e-101	302
Q6UDG6.1	O36395.1	34.118	255	151	6	118	361	3	251	1.16e-100	300
Q6UDG6.1	P28866.1	35.948	306	181	4	60	361	17	311	1.04e-99	300
Q6UDG6.1	P50639.1	35.565	239	146	5	129	361	14	250	1.12e-97	293
Q6UDG6.1	Q98PV4.1	33.184	223	142	5	143	361	1	220	2.54e-97	291
Q6UDG6.1	P52447.1	32.677	254	163	5	114	361	1	252	5.21e-97	291
Q6UDG6.1	Q9E6R2.1	36.749	283	173	4	84	361	30	311	5.32e-97	293
Q6UDG6.1	P28275.1	38.976	254	153	2	109	361	3	255	1.67e-96	290
Q6UDG6.1	F5HI85.1	38.961	231	135	5	135	361	20	248	7.88e-96	288
Q6UDG6.1	Q032L5.1	35.135	222	135	5	144	360	1	218	1.16e-95	286
Q6UDG6.1	B5ZC55.1	31.308	214	140	4	149	359	3	212	1.52e-95	286
Q6UDG6.1	A2RHW2.1	35.135	222	135	5	144	360	1	218	1.73e-95	286
Q6UDG6.1	Q9CIX2.1	36.036	222	133	5	144	360	1	218	3.68e-95	285
Q6UDG6.1	Q03W63.1	32.432	222	142	4	142	359	1	218	6.28e-95	284
Q6UDG6.1	P09307.1	34.768	302	179	4	77	361	4	304	1.65e-94	287
Q6UDG6.1	P52345.1	33.071	254	162	5	114	361	1	252	4.59e-94	284
Q6UDG6.1	Q9J3N2.1	35.099	302	178	4	77	361	4	304	1.00e-93	284
Q6UDG6.1	P10186.1	35.806	310	194	4	55	361	27	334	1.32e-93	285
Q6UDG6.1	F5HFA1.1	35.246	244	145	6	129	361	11	252	1.33e-93	282
Q6UDG6.1	P13158.1	34.752	282	171	3	77	357	22	291	4.26e-93	282
Q6UDG6.1	B1AJI8.1	31.776	214	139	4	149	359	3	212	7.82e-93	279
Q6UDG6.1	P53764.1	45.588	204	109	2	159	361	1	203	1.28e-91	275
Q6UDG6.1	Q315T1.1	39.500	200	112	4	169	359	34	233	1.80e-89	271
Q6UDG6.1	A1UEC0.1	36.323	223	132	7	145	362	10	227	2.62e-89	270
Q6UDG6.1	Q1CRR1.1	28.879	232	153	5	140	361	4	233	1.17e-87	266
Q6UDG6.1	A4TE31.1	36.667	210	125	6	157	362	20	225	2.61e-87	265
Q6UDG6.1	B8ZS02.1	36.323	223	132	7	145	362	10	227	3.32e-87	265
Q6UDG6.1	Q9ZJN9.1	29.310	232	152	5	140	361	4	233	4.24e-87	265
Q6UDG6.1	Q7VUM8.1	35.909	220	127	5	149	360	23	236	4.38e-87	265
Q6UDG6.1	A1T717.1	36.190	210	126	6	157	362	20	225	5.12e-87	264
Q6UDG6.1	Q7W1Y7.1	35.909	220	127	5	149	360	23	236	5.21e-87	265
Q6UDG6.1	Q7WQW5.1	35.909	220	127	5	149	360	23	236	6.06e-87	265
Q6UDG6.1	Q8FPQ4.1	32.231	242	155	7	124	361	2	238	7.48e-87	265
Q6UDG6.1	A0QV01.1	33.333	231	144	7	137	362	2	227	9.63e-87	264
Q6UDG6.1	B5Z8Z4.1	29.310	232	152	5	140	361	4	233	1.34e-86	264
Q6UDG6.1	A0PQ07.1	34.529	223	136	7	145	362	10	227	1.62e-86	263
Q6UDG6.1	P56397.1	29.310	232	152	5	140	361	4	233	3.13e-86	263
Q6UDG6.1	B2UVB0.1	28.821	229	151	5	143	361	7	233	3.31e-86	263
Q6UDG6.1	B2HIJ2.1	34.978	223	135	7	145	362	10	227	7.85e-86	262
Q6UDG6.1	B1MDP0.1	36.937	222	131	6	145	362	10	226	1.20e-85	261
Q6UDG6.1	Q8NQU9.1	30.469	256	143	7	133	361	7	254	1.29e-85	262
Q6UDG6.1	A1SNW4.1	35.586	222	133	7	145	362	13	228	2.49e-85	260
Q6UDG6.1	Q47Q90.1	35.371	229	138	7	138	362	6	228	2.84e-85	260
Q6UDG6.1	B6JNI4.1	28.821	229	151	5	143	361	7	233	3.00e-85	260
Q6UDG6.1	Q17Z05.1	28.879	232	153	5	140	361	4	233	1.69e-84	259
Q6UDG6.1	Q21SE9.1	32.500	240	141	6	139	359	13	250	2.29e-84	259
Q6UDG6.1	Q5YRZ2.1	37.220	223	130	7	145	362	10	227	2.46e-84	258
Q6UDG6.1	A9IGW1.1	35.683	227	135	5	141	359	15	238	3.98e-84	258
Q6UDG6.1	P52506.1	43.220	236	132	2	127	361	80	314	4.12e-84	260
Q6UDG6.1	Q73VJ7.1	38.208	212	123	6	156	362	19	227	5.57e-84	257
Q6UDG6.1	P67078.1	31.739	230	147	7	137	361	5	229	7.01e-84	257
Q6UDG6.1	A0QJA9.1	38.208	212	123	6	156	362	19	227	9.38e-84	256
Q6UDG6.1	P52507.1	43.220	236	132	2	127	361	81	315	1.81e-83	259
Q6UDG6.1	Q4A8N4.1	30.180	222	149	4	143	361	1	219	2.51e-83	255
Q6UDG6.1	Q2L0Y2.1	35.426	223	132	6	145	359	19	237	1.16e-81	252
Q6UDG6.1	Q9EX12.1	33.913	230	142	7	137	362	2	225	2.36e-80	247
Q6UDG6.1	Q8G3E9.1	31.925	213	131	7	159	361	5	213	2.59e-80	247
Q6UDG6.1	Q82MX6.1	36.019	211	127	6	156	362	19	225	3.65e-80	247
Q6UDG6.1	A1KMX0.1	36.323	223	132	7	145	362	10	227	3.61e-79	245
Q6UDG6.1	Q1GHJ4.1	33.333	219	135	6	150	362	11	224	1.04e-78	244
Q6UDG6.1	A8LD98.1	33.913	230	142	7	137	362	2	225	8.86e-78	241
Q6UDG6.1	Q5UPT2.1	22.441	254	169	8	134	361	119	370	8.55e-68	220
Q6UDG6.1	P47343.1	28.194	227	152	6	143	361	12	235	2.32e-65	210
Q6UDG6.1	P75536.1	27.149	221	150	6	147	359	14	231	4.12e-64	207
Q6UDG6.1	P21968.2	21.459	233	158	11	131	359	1	212	7.26e-48	164
Q6UDG6.1	Q91UM2.1	20.089	224	156	12	139	359	9	212	8.24e-41	145
Q6UDG6.1	P20536.1	20.089	224	156	12	139	359	9	212	1.59e-40	145
Q6UDG6.1	P0DSP8.1	20.089	224	156	12	139	359	9	212	2.43e-40	144
Q6UDG6.1	P04303.2	20.089	224	156	12	139	359	9	212	4.79e-40	143
Q6UDG6.1	M1LL92.1	19.643	224	157	12	139	359	9	212	1.08e-39	143
Q6UDG6.1	P0DSP7.1	20.089	224	156	12	139	359	9	212	3.82e-39	141
Q6UDG6.1	P32941.1	17.040	223	162	12	140	359	10	212	3.63e-36	133
Q6UDG6.1	O94854.5	17.178	163	134	1	6	167	993	1155	3.19e-24	108
Q6UDG6.1	O94854.5	15.957	188	155	2	2	188	1002	1187	9.95e-23	103
Q6UDG6.1	O94854.5	14.706	170	144	1	2	170	1041	1210	1.05e-20	97.6
Q6UDG6.1	O94854.5	17.262	168	138	1	1	167	975	1142	1.71e-20	96.9
Q6UDG6.1	O94854.5	16.842	190	154	2	8	196	969	1155	3.59e-18	89.9
Q6UDG6.1	O94854.5	17.714	175	133	3	2	165	1054	1228	5.46e-16	83.4
Q6UDG6.1	O94854.5	13.542	192	136	5	2	166	1067	1255	3.40e-15	80.7
Q6UDG6.1	O94854.5	12.139	173	145	2	15	184	961	1129	3.07e-13	74.9
Q6UDG6.1	O94854.5	13.714	175	140	3	2	165	1106	1280	2.20e-12	72.2
Q6UDG6.1	O94854.5	16.860	172	135	2	2	165	1132	1303	5.65e-12	71.1
Q6UDG6.1	O94854.5	15.730	178	148	2	1	176	1189	1366	1.18e-09	63.8
Q6UDG6.1	O94854.5	14.620	171	125	3	3	152	1146	1316	1.97e-09	63.0
Q6UDG6.1	O94854.5	12.560	207	154	5	1	184	901	1103	3.30e-09	62.2
Q6UDG6.1	O94854.5	14.474	152	127	1	2	150	1217	1368	6.12e-05	48.7
Q6UDG6.1	A8AUS0.1	14.103	156	126	3	16	165	822	975	1.03e-19	94.2
Q6UDG6.1	A8AUS0.1	13.139	137	118	1	1	136	849	985	3.01e-18	89.9
Q6UDG6.1	A8AUS0.1	9.917	121	88	3	64	165	821	939	0.002	44.1
Q6UDG6.1	Q9QYX7.4	13.665	161	136	2	3	160	339	499	2.97e-18	89.9
Q6UDG6.1	Q9QYX7.4	9.714	175	158	0	6	180	337	511	1.36e-16	84.9
Q6UDG6.1	Q9QYX7.4	10.067	149	134	0	4	152	375	523	3.78e-16	83.8
Q6UDG6.1	Q9QYX7.4	10.778	167	144	2	3	164	359	525	5.44e-16	83.4
Q6UDG6.1	Q9QYX7.4	12.183	197	158	4	1	184	378	572	9.14e-16	82.6
Q6UDG6.1	Q9QYX7.4	10.692	159	141	1	2	160	366	523	7.72e-15	79.5
Q6UDG6.1	Q9QYX7.4	16.022	181	147	2	8	184	319	498	1.76e-14	78.8
Q6UDG6.1	Q9QYX7.4	12.366	186	159	3	2	184	301	485	8.49e-14	76.5
Q6UDG6.1	Q9QYX7.4	11.299	177	157	0	8	184	299	475	7.35e-12	70.7
Q6UDG6.1	Q9QYX7.4	12.105	190	155	3	2	182	255	441	5.76e-10	64.5
Q6UDG6.1	Q9QYX7.4	10.309	194	161	3	4	184	232	425	1.07e-08	60.7
Q6UDG6.1	Q9QYX7.4	11.413	184	162	1	2	184	853	1036	1.45e-06	54.1
Q6UDG6.1	Q9QYX7.4	9.783	184	151	3	1	172	208	388	5.50e-05	49.1
Q6UDG6.1	Q9QYX7.4	8.772	171	154	2	12	182	209	377	7.59e-05	48.3
Q6UDG6.1	Q9QYX7.4	9.790	143	129	0	18	160	197	339	0.065	39.1
Q6UDG6.1	Q9QYX7.4	9.910	222	160	3	1	182	774	995	0.099	38.7
Q6UDG6.1	Q01W31.1	17.857	140	115	0	12	151	182	321	5.38e-18	89.2
Q6UDG6.1	Q01W31.1	10.811	148	124	1	7	154	202	341	4.87e-12	70.7
Q6UDG6.1	Q01W31.1	11.299	177	148	3	5	173	225	400	3.37e-09	62.2
Q6UDG6.1	Q01W31.1	13.068	176	147	2	14	184	114	288	2.72e-06	53.0
Q6UDG6.1	Q01W31.1	12.025	158	131	2	2	151	239	396	2.33e-05	49.9
Q6UDG6.1	Q01W31.1	7.647	170	157	0	2	171	261	430	8.73e-05	48.0
Q6UDG6.1	Q9JKS6.1	14.970	167	134	3	8	166	346	512	8.54e-18	88.8
Q6UDG6.1	Q9JKS6.1	14.724	163	126	3	3	160	360	514	7.87e-15	79.5
Q6UDG6.1	Q9JKS6.1	12.973	185	155	3	3	182	324	507	1.15e-14	79.2
Q6UDG6.1	Q9JKS6.1	10.938	192	159	3	5	184	372	563	1.18e-14	79.2
Q6UDG6.1	Q9JKS6.1	13.675	117	101	0	1	117	401	517	6.63e-11	67.6
Q6UDG6.1	Q9JKS6.1	14.744	156	132	1	6	160	301	456	9.22e-10	64.1
Q6UDG6.1	Q9JKS6.1	12.871	202	152	5	4	182	262	462	1.84e-09	63.0
Q6UDG6.1	Q9JKS6.1	12.022	183	156	3	6	184	245	426	2.58e-09	62.6
Q6UDG6.1	Q9JKS6.1	13.158	114	97	2	3	115	409	521	3.52e-08	59.1
Q6UDG6.1	Q9JKS6.1	13.587	184	158	1	2	184	866	1049	4.39e-07	55.7
Q6UDG6.1	Q9JKS6.1	10.497	181	157	2	8	183	199	379	1.68e-05	50.7
Q6UDG6.1	Q9JKS6.1	11.111	171	139	4	1	160	202	370	7.34e-05	48.7
Q6UDG6.1	Q9JKS6.1	7.453	161	145	2	11	169	898	1056	0.005	42.6
Q6UDG6.1	Q9JKS6.1	10.390	154	138	0	25	178	1077	1230	0.034	39.9
Q6UDG6.1	P11657.1	16.340	153	119	3	16	161	828	978	1.13e-17	88.0
Q6UDG6.1	P11657.1	14.815	135	113	2	4	136	857	991	3.77e-12	71.5
Q6UDG6.1	P11657.1	13.253	166	138	5	37	199	828	990	2.80e-09	62.2
Q6UDG6.1	P11657.1	12.903	124	103	2	3	121	868	991	4.82e-07	55.3
Q6UDG6.1	P23504.2	16.340	153	119	3	16	161	825	975	1.19e-17	88.0
Q6UDG6.1	P23504.2	14.815	135	113	2	4	136	854	988	4.55e-12	71.1
Q6UDG6.1	P23504.2	12.903	124	103	2	3	121	865	988	4.73e-07	55.3
Q6UDG6.1	P16952.2	15.672	134	107	2	23	152	757	888	2.30e-17	87.2
Q6UDG6.1	P16952.2	12.782	133	113	2	1	132	777	907	9.37e-16	82.2
Q6UDG6.1	P16952.2	9.302	129	116	1	40	167	757	885	2.73e-08	59.1
Q6UDG6.1	P16952.2	12.500	96	83	1	1	95	816	911	1.45e-06	53.7
Q6UDG6.1	A8AUS1.1	15.672	134	107	2	23	152	756	887	2.52e-17	87.2
Q6UDG6.1	A8AUS1.1	14.286	133	111	2	1	132	776	906	2.89e-16	83.8
Q6UDG6.1	A8AUS1.1	9.302	129	116	1	40	167	756	884	9.49e-08	57.6
Q6UDG6.1	A8AUS1.1	14.583	96	73	3	1	87	815	910	4.17e-05	49.1
Q6UDG6.1	Q06852.2	16.959	171	137	3	2	167	1410	1580	7.39e-17	85.7
Q6UDG6.1	Q06852.2	16.959	171	137	3	2	167	1649	1819	7.39e-17	85.7
Q6UDG6.1	Q06852.2	16.959	171	137	3	2	167	1692	1862	7.39e-17	85.7
Q6UDG6.1	Q06852.2	16.959	171	137	3	2	167	1735	1905	7.39e-17	85.7
Q6UDG6.1	Q06852.2	16.959	171	137	3	2	167	1778	1948	7.39e-17	85.7
Q6UDG6.1	Q06852.2	17.544	171	136	3	2	167	1453	1623	1.64e-15	81.9
Q6UDG6.1	Q06852.2	17.544	171	136	3	2	167	1821	1991	1.64e-15	81.9
Q6UDG6.1	Q06852.2	15.847	183	137	3	2	167	1594	1776	2.44e-15	81.1
Q6UDG6.1	Q06852.2	17.791	163	128	3	2	160	1496	1656	2.82e-15	81.1
Q6UDG6.1	Q06852.2	16.374	171	138	3	2	167	1563	1733	1.07e-14	79.2
Q6UDG6.1	Q06852.2	16.279	172	128	4	2	158	1539	1709	2.56e-14	78.0
Q6UDG6.1	Q06852.2	16.770	161	129	3	12	167	1377	1537	3.39e-14	77.6
Q6UDG6.1	Q06852.2	17.544	171	136	3	2	167	1514	1684	4.73e-14	77.2
Q6UDG6.1	Q06852.2	16.352	159	123	4	2	151	1858	2015	1.94e-13	75.3
Q6UDG6.1	Q06852.2	17.919	173	134	4	3	167	1506	1678	3.27e-13	74.5
Q6UDG6.1	Q06852.2	17.751	169	133	3	3	167	1463	1629	5.03e-13	74.2
Q6UDG6.1	Q06852.2	17.751	169	133	3	3	167	1831	1997	5.03e-13	74.2
Q6UDG6.1	Q06852.2	17.532	154	110	4	2	138	1864	2017	9.97e-13	73.0
Q6UDG6.1	Q06852.2	12.791	172	135	2	2	158	1385	1556	1.20e-12	73.0
Q6UDG6.1	Q06852.2	12.791	172	135	2	2	158	1624	1795	1.20e-12	73.0
Q6UDG6.1	Q06852.2	12.791	172	135	2	2	158	1667	1838	1.20e-12	73.0
Q6UDG6.1	Q06852.2	12.791	172	135	2	2	158	1710	1881	1.20e-12	73.0
Q6UDG6.1	Q06852.2	12.791	172	135	2	2	158	1753	1924	1.20e-12	73.0
Q6UDG6.1	Q06852.2	13.793	174	135	2	2	160	1428	1601	3.24e-12	71.5
Q6UDG6.1	Q06852.2	13.793	174	135	2	2	160	1796	1969	3.24e-12	71.5
Q6UDG6.1	Q06852.2	13.174	167	142	2	2	167	1471	1635	3.29e-12	71.5
Q6UDG6.1	Q06852.2	13.174	167	142	2	2	167	1839	2003	3.29e-12	71.5
Q6UDG6.1	Q06852.2	12.209	172	136	2	2	158	1581	1752	1.98e-10	66.1
Q6UDG6.1	Q06852.2	14.286	147	120	3	18	158	1367	1513	1.66e-09	63.4
Q6UDG6.1	Q06852.2	15.217	138	115	2	24	160	1367	1503	8.09e-07	54.9
Q6UDG6.1	Q06852.2	11.450	131	113	1	37	167	1367	1494	2.79e-05	49.9
Q6UDG6.1	A2ASS6.1	12.381	210	167	3	4	201	11963	12167	1.65e-16	84.9
Q6UDG6.1	A2ASS6.1	13.830	188	148	3	6	187	12017	12196	2.41e-14	78.4
Q6UDG6.1	A2ASS6.1	12.270	163	136	2	4	159	12039	12201	4.31e-10	65.3
Q6UDG6.1	A2ASS6.1	10.345	174	142	3	22	183	11903	12074	5.62e-09	61.8
Q6UDG6.1	A2ASS6.1	11.168	197	154	4	6	183	11829	12023	8.72e-08	58.0
Q6UDG6.1	A2ASS6.1	9.816	163	141	1	28	184	11787	11949	2.33e-04	47.2
Q6UDG6.1	A2ASS6.1	14.729	129	99	2	5	122	10878	11006	2.42e-04	46.8
Q6UDG6.1	A2ASS6.1	11.765	204	165	4	5	198	11791	11989	0.002	44.1
Q6UDG6.1	A2ASS6.1	7.368	95	88	0	29	123	249	343	0.003	43.7
Q6UDG6.1	A2ASS6.1	9.259	108	97	1	7	113	249	356	0.004	42.9
Q6UDG6.1	A2ASS6.1	11.607	112	94	2	4	110	10192	10303	0.004	42.9
Q6UDG6.1	A2ASS6.1	12.139	173	143	2	7	171	12778	12949	0.007	42.2
Q6UDG6.1	A2ASS6.1	11.176	170	150	1	8	177	244	412	0.010	41.8
Q6UDG6.1	A2ASS6.1	10.526	190	165	1	1	185	12089	12278	0.035	39.9
Q6UDG6.1	Q9JM99.2	12.155	181	158	1	4	183	460	640	2.29e-16	84.2
Q6UDG6.1	Q9JM99.2	11.111	162	143	1	4	165	484	644	4.79e-15	79.9
Q6UDG6.1	Q9JM99.2	10.000	160	140	1	4	159	452	611	7.34e-15	79.5
Q6UDG6.1	Q9JM99.2	13.836	159	136	1	7	165	447	604	1.48e-14	78.8
Q6UDG6.1	Q9JM99.2	14.194	155	132	1	4	158	500	653	6.24e-14	76.8
Q6UDG6.1	Q9JM99.2	14.074	135	115	1	4	138	532	665	5.52e-09	61.4
Q6UDG6.1	Q9JM99.2	12.950	139	121	0	27	165	426	564	1.06e-06	54.1
Q6UDG6.1	Q9Y6V0.5	14.451	173	139	3	1	167	391	560	3.39e-16	83.8
Q6UDG6.1	Q9Y6V0.5	12.360	178	142	2	2	165	402	579	1.38e-14	78.8
Q6UDG6.1	Q9Y6V0.5	12.849	179	153	1	2	177	378	556	1.84e-14	78.4
Q6UDG6.1	Q9Y6V0.5	12.245	196	157	4	4	184	434	629	6.31e-14	76.8
Q6UDG6.1	Q9Y6V0.5	12.042	191	157	2	3	184	345	533	8.85e-13	73.4
Q6UDG6.1	Q9Y6V0.5	11.111	117	103	1	2	117	467	583	5.99e-12	70.7
Q6UDG6.1	Q9Y6V0.5	17.127	181	144	3	2	177	363	542	1.04e-11	69.9
Q6UDG6.1	Q9Y6V0.5	11.111	189	151	4	11	184	307	493	9.90e-11	67.2
Q6UDG6.1	Q9Y6V0.5	16.071	112	93	1	2	113	477	587	2.61e-10	65.7
Q6UDG6.1	Q9Y6V0.5	14.674	184	156	1	2	184	915	1098	1.46e-08	60.3
Q6UDG6.1	Q9Y6V0.5	10.870	184	161	1	2	182	249	432	3.27e-05	49.9
Q6UDG6.1	Q9Y6V0.5	15.183	191	151	2	1	185	230	415	2.16e-04	47.2
Q6UDG6.1	Q9Y6V0.5	7.971	138	121	1	4	135	788	925	0.005	42.6
Q6UDG6.1	Q9Y6V0.5	8.904	146	130	1	14	159	714	856	0.006	42.6
Q6UDG6.1	Q9Y6V0.5	7.865	178	149	2	1	163	729	906	0.016	41.0
Q6UDG6.1	Q9Y6V0.5	13.000	100	72	1	2	86	497	596	0.051	39.5
Q6UDG6.1	Q9Y6V0.5	8.228	158	143	1	5	160	715	872	0.079	38.7
Q6UDG6.1	P21979.2	16.312	141	114	1	16	152	841	981	3.24e-15	80.7
Q6UDG6.1	P21979.2	12.712	118	91	4	5	110	846	963	4.78e-06	52.2
Q6UDG6.1	P21979.2	12.000	150	114	5	39	176	841	984	2.23e-05	50.3
Q6UDG6.1	P21979.2	13.684	95	78	2	1	95	873	963	1.06e-04	48.0
Q6UDG6.1	P27951.1	11.494	174	145	5	4	177	827	991	1.91e-14	78.4
Q6UDG6.1	G3MWR8.1	14.286	161	126	1	3	151	1146	1306	2.89e-14	78.0
Q6UDG6.1	G3MWR8.1	12.963	162	125	3	11	157	1133	1293	2.53e-09	62.6
Q6UDG6.1	G3MWR8.1	8.642	162	128	1	11	152	1108	1269	0.001	44.5
Q6UDG6.1	G3MWR8.1	9.091	187	148	3	1	165	1210	1396	0.028	40.3
Q6UDG6.1	G3MWR8.1	11.628	86	75	1	2	86	1192	1277	0.029	40.3
Q6UDG6.1	Q9QX47.2	18.182	165	132	2	4	165	347	511	6.59e-14	76.8
Q6UDG6.1	Q9QX47.2	13.548	155	131	1	7	158	373	527	1.50e-06	53.7
Q6UDG6.1	Q9QX47.2	14.458	166	134	2	1	158	389	554	2.64e-05	49.9
Q6UDG6.1	Q9QX47.2	10.000	160	139	2	3	160	317	473	0.001	44.5
Q6UDG6.1	Q9QX47.2	9.740	154	133	1	5	152	1343	1496	0.026	40.3
Q6UDG6.1	Q9QX47.2	12.102	157	133	2	5	156	1336	1492	0.028	40.3
Q6UDG6.1	Q9QX47.2	9.589	146	131	1	16	160	1323	1468	0.074	39.1
Q6UDG6.1	P18583.4	16.364	165	135	2	4	165	352	516	8.96e-14	76.5
Q6UDG6.1	P18583.4	11.613	155	132	1	1	155	383	532	2.72e-06	53.0
Q6UDG6.1	P18583.4	14.557	158	132	3	4	160	406	561	0.002	44.1
Q6UDG6.1	P18583.4	12.575	167	146	0	4	170	417	583	0.010	41.8
Q6UDG6.1	Q8K327.1	17.714	175	141	2	3	175	248	421	1.89e-13	74.9
Q6UDG6.1	Q8K327.1	13.665	161	132	1	5	158	197	357	2.07e-07	56.4
Q6UDG6.1	Q8K327.1	12.994	177	142	2	3	167	204	380	1.45e-05	50.7
Q6UDG6.1	Q8K327.1	13.548	155	126	1	10	156	304	458	1.71e-05	50.3
Q6UDG6.1	Q8K327.1	11.585	164	141	2	1	160	213	376	2.90e-05	49.5
Q6UDG6.1	Q8K327.1	11.047	172	143	1	4	165	260	431	7.13e-04	45.3
Q6UDG6.1	Q8K327.1	10.345	174	138	2	5	160	164	337	0.003	42.9
Q6UDG6.1	Q8K327.1	13.095	168	144	2	18	184	109	275	0.023	40.3
Q6UDG6.1	Q8K327.1	11.565	147	129	1	26	171	95	241	0.097	38.3
Q6UDG6.1	Q8CQD9.1	15.132	152	122	3	2	151	1297	1443	3.16e-13	74.5
Q6UDG6.1	P19835.3	10.303	165	145	2	4	166	583	746	3.22e-13	74.2
Q6UDG6.1	P19835.3	10.759	158	138	2	4	159	572	728	1.18e-12	72.6
Q6UDG6.1	P19835.3	12.568	183	151	2	8	181	557	739	1.03e-11	69.5
Q6UDG6.1	P19835.3	8.966	145	131	1	4	147	605	749	1.14e-11	69.5
Q6UDG6.1	P19835.3	12.102	157	134	2	7	159	550	706	2.98e-10	65.3
Q6UDG6.1	P19835.3	12.281	171	146	3	16	183	550	719	4.24e-09	61.4
Q6UDG6.1	Q9UJ55.2	11.628	172	151	1	1	171	109	280	3.38e-13	74.5
Q6UDG6.1	Q9UJ55.2	16.667	180	137	2	5	171	82	261	4.09e-12	71.1
Q6UDG6.1	Q9UJ55.2	13.376	157	134	2	1	156	129	284	2.09e-11	69.1
Q6UDG6.1	Q9UJ55.2	13.636	154	133	0	1	154	149	302	7.12e-11	67.2
Q6UDG6.1	Q9UJ55.2	12.435	193	158	3	4	193	61	245	8.12e-10	64.1
Q6UDG6.1	Q9UJ55.2	9.783	184	166	0	1	184	179	362	9.15e-07	54.5
Q6UDG6.1	Q9UJ55.2	12.676	142	124	0	19	160	57	198	1.22e-05	51.0
Q6UDG6.1	Q9UJ55.2	17.308	156	129	0	1	156	30	185	1.82e-04	47.2
Q6UDG6.1	A7H9F3.1	11.392	158	136	1	13	170	171	324	5.56e-13	73.8
Q6UDG6.1	A7H9F3.1	14.706	170	141	2	2	167	185	354	4.17e-10	64.9
Q6UDG6.1	A7H9F3.1	15.730	178	145	2	8	180	136	313	7.49e-08	58.0
Q6UDG6.1	A7H9F3.1	12.632	190	146	1	3	172	82	271	0.002	44.1
Q6UDG6.1	Q7V5M4.1	17.333	150	123	1	3	152	120	268	7.89e-13	73.4
Q6UDG6.1	Q7V5M4.1	12.360	178	146	2	2	174	154	326	6.40e-09	61.1
Q6UDG6.1	Q7V5M4.1	13.855	166	127	4	2	151	128	293	6.10e-07	54.9
Q6UDG6.1	Q7V5M4.1	16.071	168	136	2	7	169	87	254	9.80e-07	54.5
Q6UDG6.1	Q7V5M4.1	14.925	134	112	2	2	134	195	327	4.63e-06	52.2
Q6UDG6.1	Q7V5M4.1	12.667	150	127	3	1	146	213	362	3.56e-05	49.5
Q6UDG6.1	Q7V5M4.1	14.935	154	123	4	4	155	210	357	6.34e-05	48.7
Q6UDG6.1	Q7V5M4.1	10.417	192	156	4	2	185	62	245	2.87e-04	46.4
Q6UDG6.1	Q7V5M4.1	18.182	143	115	1	9	151	55	195	0.026	40.3
Q6UDG6.1	P16053.2	13.861	101	83	1	9	109	623	719	1.00e-12	73.0
Q6UDG6.1	P16053.2	18.085	94	71	3	1	94	632	719	5.37e-11	67.6
Q6UDG6.1	P16053.2	14.912	114	97	0	11	124	606	719	1.23e-09	63.4
Q6UDG6.1	P16053.2	9.790	143	128	1	10	151	580	722	1.31e-05	50.7
Q6UDG6.1	P09256.2	16.447	152	126	1	12	163	51	201	1.93e-12	71.8
Q6UDG6.1	P09256.2	14.465	159	131	2	2	157	52	208	5.46e-11	67.2
Q6UDG6.1	P09256.2	16.197	142	119	0	22	163	47	188	1.37e-08	59.9
Q6UDG6.1	P17599.2	10.983	173	133	1	3	154	517	689	2.04e-12	71.8
Q6UDG6.1	P17599.2	8.989	178	144	2	4	164	509	685	5.06e-08	58.4
Q6UDG6.1	P17599.2	14.103	156	133	1	3	158	497	651	7.50e-07	54.5
Q6UDG6.1	P17599.2	14.205	176	148	1	12	184	485	660	1.38e-06	53.7
Q6UDG6.1	P17599.2	16.190	105	87	1	33	137	483	586	5.94e-04	45.3
Q6UDG6.1	B2HKS2.1	23.232	99	74	2	16	114	155	251	2.31e-12	71.8
Q6UDG6.1	B2HKS2.1	16.304	92	71	2	4	91	162	251	1.45e-06	53.7
Q6UDG6.1	B2HKS2.1	18.085	94	72	3	50	138	156	249	3.72e-06	52.6
Q6UDG6.1	B2HKS2.1	15.957	94	78	1	58	150	156	249	1.67e-05	50.3
Q6UDG6.1	B2HKS2.1	9.804	51	45	1	2	51	200	250	0.037	39.9
Q6UDG6.1	A2C6Q5.1	16.667	150	124	1	3	152	120	268	2.56e-12	71.8
Q6UDG6.1	A2C6Q5.1	12.139	173	152	0	2	174	154	326	8.52e-10	63.8
Q6UDG6.1	A2C6Q5.1	9.524	189	157	4	1	176	124	311	2.23e-08	59.5
Q6UDG6.1	A2C6Q5.1	14.179	134	113	2	2	134	195	327	3.53e-06	52.6
Q6UDG6.1	A2C6Q5.1	15.476	168	137	2	7	169	87	254	3.92e-06	52.6
Q6UDG6.1	A2C6Q5.1	14.000	150	125	3	1	146	213	362	1.80e-05	50.3
Q6UDG6.1	A2C6Q5.1	10.714	168	140	2	2	160	62	228	2.01e-04	47.2
Q6UDG6.1	A2C6Q5.1	12.022	183	160	1	2	183	226	408	0.006	42.6
Q6UDG6.1	A2C6Q5.1	14.205	176	150	1	9	183	55	230	0.021	40.6
Q6UDG6.1	O75112.2	10.000	150	133	1	2	151	355	502	3.10e-12	71.5
Q6UDG6.1	O75112.2	13.174	167	143	1	4	170	395	559	6.41e-07	54.9
Q6UDG6.1	O75112.2	12.651	166	127	3	5	153	386	550	6.43e-05	48.3
Q6UDG6.1	Q9JKS4.1	13.380	142	121	1	10	151	359	498	3.30e-12	71.1
Q6UDG6.1	Q9JKS4.1	14.371	167	141	1	4	170	391	555	1.05e-07	57.2
Q6UDG6.1	Q9JKS4.1	10.053	189	158	3	3	179	405	593	2.08e-04	46.8
Q6UDG6.1	Q9JKS4.1	10.769	130	112	3	32	157	357	486	0.058	39.1
Q6UDG6.1	O42854.1	14.414	111	94	1	7	117	1074	1183	4.53e-12	71.1
Q6UDG6.1	O42854.1	14.013	157	135	0	1	157	1026	1182	3.22e-11	68.4
Q6UDG6.1	O42854.1	13.636	132	113	1	5	136	1053	1183	4.78e-11	68.0
Q6UDG6.1	O42854.1	14.724	163	139	0	2	164	1021	1183	8.46e-11	67.2
Q6UDG6.1	O42854.1	15.244	164	139	0	2	165	1006	1169	2.08e-10	66.1
Q6UDG6.1	O42854.1	12.281	171	145	2	4	169	1086	1256	4.52e-10	64.9
Q6UDG6.1	O42854.1	14.607	178	137	2	3	165	997	1174	6.80e-10	64.1
Q6UDG6.1	O42854.1	15.033	153	129	1	1	153	1109	1260	7.25e-07	54.9
Q6UDG6.1	O42854.1	11.875	160	140	1	1	160	1099	1257	1.94e-06	53.3
Q6UDG6.1	O42854.1	10.976	164	141	2	2	160	959	1122	1.12e-05	51.0
Q6UDG6.1	O42854.1	13.661	183	137	1	2	163	952	1134	6.31e-04	45.6
Q6UDG6.1	O42854.1	12.057	141	124	0	25	165	967	1107	0.006	42.6
Q6UDG6.1	O42854.1	13.855	166	131	1	10	163	945	1110	0.018	40.6
Q6UDG6.1	O42854.1	11.034	145	128	1	7	151	1150	1293	0.064	39.1
Q6UDG6.1	Q9NZT2.3	20.548	146	111	3	2	147	530	670	6.92e-12	70.3
Q6UDG6.1	Q9NZT2.3	18.367	147	115	3	6	152	514	655	1.33e-11	69.1
Q6UDG6.1	Q9NZT2.3	16.667	162	135	0	11	172	505	666	4.48e-10	64.5
Q6UDG6.1	Q9NZT2.3	16.667	132	106	1	2	133	550	677	1.09e-08	60.3
Q6UDG6.1	Q9NZT2.3	17.647	153	125	1	7	159	471	622	3.52e-08	58.7
Q6UDG6.1	Q9NZT2.3	19.632	163	126	3	1	159	481	642	5.48e-08	58.0
Q6UDG6.1	Q9NZT2.3	10.884	147	129	1	16	160	472	618	7.30e-05	48.3
Q6UDG6.1	A0PQC4.1	22.000	100	76	2	15	114	152	249	7.85e-12	70.3
Q6UDG6.1	A0PQC4.1	15.957	94	78	1	58	150	154	247	2.86e-05	49.5
Q6UDG6.1	A0PQC4.1	14.953	107	80	2	34	129	143	249	0.002	44.1
Q6UDG6.1	A0PQC4.1	17.204	93	57	4	4	79	160	249	0.009	41.8
Q6UDG6.1	A0PQC4.1	9.804	51	45	1	2	51	198	248	0.031	39.9
Q6UDG6.1	A0LV27.1	20.168	119	92	1	12	130	94	209	8.84e-12	69.9
Q6UDG6.1	A0LV27.1	13.953	172	146	2	1	171	116	286	6.85e-08	58.0
Q6UDG6.1	A0LV27.1	11.111	198	151	2	3	175	66	263	7.49e-08	57.6
Q6UDG6.1	A0LV27.1	10.559	161	118	2	22	156	63	223	5.73e-05	48.7
Q6UDG6.1	A0LV27.1	10.949	137	121	1	24	160	62	197	0.015	41.0
Q6UDG6.1	A0LV27.1	16.279	129	107	1	39	167	63	190	0.019	40.6
Q6UDG6.1	A0LV27.1	13.095	168	145	1	6	172	32	199	0.020	40.6
Q6UDG6.1	A3DC27.1	12.291	179	148	2	1	170	355	533	1.10e-11	69.5
Q6UDG6.1	A3DC27.1	15.294	170	127	2	2	154	344	513	2.41e-10	65.3
Q6UDG6.1	A3DC27.1	14.966	147	124	1	4	150	312	457	4.67e-10	64.5
Q6UDG6.1	A3DC27.1	11.823	203	150	4	1	174	362	564	4.67e-10	64.5
Q6UDG6.1	A3DC27.1	13.208	159	137	1	2	160	300	457	2.54e-09	62.2
Q6UDG6.1	A3DC27.1	14.286	189	147	3	4	177	337	525	1.44e-08	59.9
Q6UDG6.1	A3DC27.1	11.842	152	132	1	3	152	272	423	4.22e-07	55.3
Q6UDG6.1	A3DC27.1	13.580	162	137	1	2	160	258	419	2.22e-06	53.0
Q6UDG6.1	A3DC27.1	9.353	139	123	1	30	165	259	397	0.053	39.1
Q6UDG6.1	Q8ZQD5.1	14.907	161	130	3	21	175	337	496	2.05e-11	69.1
Q6UDG6.1	Q8ZQD5.1	11.351	185	162	1	1	183	344	528	3.14e-06	53.0
Q6UDG6.1	Q8ZQD5.1	14.685	143	114	3	41	175	334	476	0.001	44.9
Q6UDG6.1	Q8WZ42.4	10.989	182	150	1	4	173	10219	10400	2.18e-11	69.1
Q6UDG6.1	Q8WZ42.4	13.103	145	124	1	11	155	10198	10340	4.29e-11	68.4
Q6UDG6.1	Q8WZ42.4	13.889	144	115	2	32	175	10206	10340	2.37e-08	59.5
Q6UDG6.1	Q8WZ42.4	19.231	78	63	0	22	99	10953	11030	1.10e-04	48.0
Q6UDG6.1	Q8WZ42.4	17.105	76	61	1	15	88	10954	11029	0.001	44.5
Q6UDG6.1	Q8WZ42.4	11.504	113	99	1	2	113	245	357	0.002	44.1
Q6UDG6.1	Q8WZ42.4	10.784	102	91	0	14	115	243	344	0.003	43.3
Q6UDG6.1	Q8WZ42.4	6.316	95	89	0	29	123	250	344	0.004	42.9
Q6UDG6.1	Q8WZ42.4	16.667	102	85	0	27	128	11619	11720	0.005	42.9
Q6UDG6.1	Q8WZ42.4	15.789	95	75	1	27	116	250	344	0.006	42.6
Q6UDG6.1	Q8WZ42.4	12.676	71	59	1	4	71	10960	11030	0.014	41.4
Q6UDG6.1	Q8WZ42.4	12.583	151	131	1	1	150	10260	10410	0.016	41.0
Q6UDG6.1	Q8WZ42.4	12.500	96	75	2	1	87	249	344	0.020	40.6
Q6UDG6.1	Q8WZ42.4	11.538	78	68	1	51	128	10954	11030	0.025	40.6
Q6UDG6.1	Q8WZ42.4	18.065	155	126	1	5	158	10901	11055	0.030	40.3
Q6UDG6.1	Q8WZ42.4	9.917	121	102	2	47	167	243	356	0.033	40.3
Q6UDG6.1	Q8WZ42.4	16.535	127	78	2	22	120	10899	11025	0.067	39.1
Q6UDG6.1	Q15772.4	12.209	172	144	1	3	167	2171	2342	2.62e-11	68.8
Q6UDG6.1	Q15772.4	12.299	187	144	2	6	172	2144	2330	1.51e-06	53.7
Q6UDG6.1	Q15772.4	12.414	145	127	0	20	164	524	668	0.019	41.0
Q6UDG6.1	Q4JV51.1	14.894	141	108	2	3	136	113	248	4.51e-11	68.0
Q6UDG6.1	Q4JV51.1	12.245	147	128	1	15	160	99	245	8.52e-11	66.8
Q6UDG6.1	Q4JV51.1	16.822	107	86	2	2	105	132	238	3.04e-06	52.6
Q6UDG6.1	Q4JV51.1	14.966	147	125	0	11	157	60	206	1.20e-04	47.6
Q6UDG6.1	Q4JV51.1	13.636	110	95	0	50	159	93	202	0.001	44.9
Q6UDG6.1	Q8Z814.1	12.579	159	133	3	21	175	337	493	5.38e-11	67.6
Q6UDG6.1	Q8Z814.1	12.102	157	129	2	5	152	368	524	8.16e-04	45.3
Q6UDG6.1	Q8Z814.1	14.286	140	115	3	41	175	334	473	0.003	43.3
Q6UDG6.1	A0QLI5.1	14.570	151	128	1	9	158	453	603	5.79e-11	67.6
Q6UDG6.1	A0QLI5.1	13.228	189	139	1	4	167	471	659	1.06e-07	57.2
Q6UDG6.1	A0QLI5.1	13.274	113	92	2	31	138	448	559	6.60e-05	48.3
Q6UDG6.1	A0QLI5.1	7.895	152	138	1	2	151	507	658	0.004	42.6
Q6UDG6.1	A0QLI5.1	14.151	106	90	1	47	152	447	551	0.005	42.6
Q6UDG6.1	A0QLI5.1	9.375	96	87	0	72	167	455	550	0.016	41.0
Q6UDG6.1	Q32L53.1	10.938	128	107	2	24	151	28	148	7.80e-11	66.1
Q6UDG6.1	Q32L53.1	15.957	94	76	2	15	105	30	123	1.00e-09	63.0
Q6UDG6.1	Q32L53.1	12.605	119	103	1	47	165	28	145	3.63e-05	48.7
Q6UDG6.1	Q32L53.1	10.526	95	76	1	4	89	41	135	0.003	42.6
Q6UDG6.1	Q7RTP6.2	14.765	149	126	1	4	151	1182	1330	9.80e-11	66.8
Q6UDG6.1	Q7RTP6.2	13.043	207	165	5	7	198	1141	1347	6.28e-04	45.6
Q6UDG6.1	Q96JM3.2	16.571	175	144	1	3	175	258	432	1.16e-10	66.4
Q6UDG6.1	Q96JM3.2	14.375	160	130	1	2	154	204	363	6.65e-07	54.9
Q6UDG6.1	Q96JM3.2	10.734	177	141	2	1	160	182	358	7.94e-06	51.4
Q6UDG6.1	Q96JM3.2	12.500	160	134	2	2	160	275	429	1.30e-05	50.7
Q6UDG6.1	Q96JM3.2	17.089	158	131	0	10	167	234	391	1.33e-05	50.7
Q6UDG6.1	Q96JM3.2	11.921	151	131	1	5	153	298	448	3.37e-04	46.0
Q6UDG6.1	Q96JM3.2	10.651	169	144	2	2	163	145	313	3.81e-04	46.0
Q6UDG6.1	Q96JM3.2	14.465	159	128	2	4	160	281	433	5.65e-04	45.6
Q6UDG6.1	Q96JM3.2	9.375	160	137	2	6	160	105	261	0.002	44.1
Q6UDG6.1	Q96JM3.2	14.286	168	134	3	3	160	155	322	0.002	43.7
Q6UDG6.1	Q96JM3.2	14.773	176	149	1	9	183	142	317	0.002	43.7
Q6UDG6.1	Q96JM3.2	12.426	169	141	2	4	165	303	471	0.004	42.9
Q6UDG6.1	A5GNJ0.1	13.793	174	110	4	2	137	131	302	1.29e-10	66.4
Q6UDG6.1	A5GNJ0.1	10.000	170	147	2	2	171	198	361	9.05e-07	54.5
Q6UDG6.1	A5GNJ0.1	15.894	151	123	1	3	149	212	362	2.34e-06	53.0
Q6UDG6.1	A5GNJ0.1	14.184	141	115	3	17	151	130	270	4.18e-04	46.0
Q6UDG6.1	A5GNJ0.1	9.545	220	154	4	1	179	236	451	0.040	39.9
Q6UDG6.1	A5GNJ0.1	12.048	166	134	1	3	156	86	251	0.061	39.1
Q6UDG6.1	A5GNJ0.1	12.554	231	127	4	2	158	63	292	0.062	39.1
Q6UDG6.1	A5GNJ0.1	8.716	218	147	4	2	168	232	448	0.078	38.7
Q6UDG6.1	Q67NG0.1	17.361	144	115	1	8	147	257	400	2.44e-10	64.9
Q6UDG6.1	Q67NG0.1	14.286	126	107	1	4	129	278	402	1.70e-08	59.1
Q6UDG6.1	Q67NG0.1	13.600	125	107	1	15	138	278	402	1.72e-08	59.1
Q6UDG6.1	Q67NG0.1	15.079	126	103	3	6	131	278	399	9.35e-08	56.8
Q6UDG6.1	Q67NG0.1	16.102	118	99	0	3	120	285	402	8.07e-07	54.1
Q6UDG6.1	Q67NG0.1	9.449	127	115	0	27	153	256	382	3.02e-05	49.1
Q6UDG6.1	Q8FPA7.1	13.889	108	92	1	9	115	83	190	2.91e-10	65.3
Q6UDG6.1	Q8FPA7.1	17.143	140	112	2	6	145	58	193	6.38e-09	61.1
Q6UDG6.1	Q8FPA7.1	15.094	159	132	1	6	164	33	188	5.69e-08	58.4
Q6UDG6.1	O14686.2	13.836	159	127	2	9	157	4240	4398	7.09e-10	64.5
Q6UDG6.1	O14686.2	16.026	156	130	1	5	160	4269	4423	8.70e-06	51.4
Q6UDG6.1	O14686.2	10.526	171	147	2	2	166	4279	4449	2.32e-04	46.8
Q6UDG6.1	O14686.2	8.589	163	142	4	10	166	680	841	0.002	44.1
Q6UDG6.1	O14686.2	14.545	165	129	3	1	153	2113	2277	0.022	40.6
Q6UDG6.1	O14686.2	14.646	198	157	2	9	194	2180	2377	0.026	40.3
Q6UDG6.1	O14686.2	8.553	152	130	2	28	170	4215	4366	0.036	39.9
Q6UDG6.1	O14686.2	9.804	153	138	0	8	160	2322	2474	0.082	38.7
Q6UDG6.1	Q6A7M5.1	12.222	180	140	2	3	166	105	282	1.01e-09	63.8
Q6UDG6.1	Q6PB44.2	11.515	165	146	0	10	174	780	944	1.21e-09	63.4
Q6UDG6.1	Q6PB44.2	18.440	141	115	0	11	151	1059	1199	0.001	44.5
Q6UDG6.1	Q6PB44.2	13.901	223	157	3	6	210	1019	1224	0.041	39.9
Q6UDG6.1	Q6PB44.2	12.088	182	147	3	4	175	1058	1236	0.090	38.7
Q6UDG6.1	Q92954.3	11.377	167	147	1	2	167	385	551	1.43e-09	63.4
Q6UDG6.1	Q92954.3	10.734	177	143	2	4	166	473	648	8.34e-09	61.1
Q6UDG6.1	Q92954.3	13.924	158	135	1	4	160	434	591	1.37e-08	60.3
Q6UDG6.1	Q92954.3	8.025	162	144	1	4	160	395	556	5.02e-08	58.4
Q6UDG6.1	Q92954.3	13.605	147	126	1	11	157	472	617	7.27e-08	58.0
Q6UDG6.1	Q92954.3	11.702	188	137	2	2	160	401	588	1.90e-07	56.8
Q6UDG6.1	Q92954.3	12.000	175	143	1	2	165	377	551	4.19e-07	55.7
Q6UDG6.1	Q92954.3	10.366	164	140	1	4	160	679	842	4.62e-07	55.3
Q6UDG6.1	Q92954.3	9.333	150	127	1	20	160	372	521	8.47e-07	54.5
Q6UDG6.1	Q92954.3	12.409	137	119	1	2	138	511	646	3.89e-05	49.5
Q6UDG6.1	Q92954.3	13.376	157	134	1	2	156	644	800	1.94e-04	47.2
Q6UDG6.1	Q92954.3	11.613	155	137	0	5	159	331	485	2.00e-04	47.2
Q6UDG6.1	Q92954.3	8.621	174	158	1	5	177	749	922	2.36e-04	46.8
Q6UDG6.1	Q92954.3	10.857	175	154	2	3	177	536	708	3.04e-04	46.4
Q6UDG6.1	Q92954.3	13.408	179	131	2	2	157	557	734	5.85e-04	45.6
Q6UDG6.1	Q92954.3	14.000	150	127	2	12	160	748	896	6.49e-04	45.3
Q6UDG6.1	Q92954.3	14.024	164	131	2	4	157	640	803	6.66e-04	45.3
Q6UDG6.1	Q92954.3	13.665	161	138	1	4	164	551	710	7.66e-04	45.3
Q6UDG6.1	Q92954.3	17.197	157	112	3	20	159	671	826	0.001	44.9
Q6UDG6.1	Q92954.3	13.559	177	144	1	4	171	719	895	0.001	44.9
Q6UDG6.1	Q92954.3	11.310	168	147	1	2	167	538	705	0.012	41.4
Q6UDG6.1	Q62407.2	12.360	178	150	1	6	183	2149	2320	1.80e-09	63.0
Q6UDG6.1	Q62407.2	12.281	171	144	1	3	167	2176	2346	1.15e-05	51.0
Q6UDG6.1	Q62407.2	10.078	129	115	1	6	133	2774	2902	3.32e-04	46.4
Q6UDG6.1	Q62407.2	11.310	168	148	1	5	172	2168	2334	3.47e-04	46.4
Q6UDG6.1	Q62407.2	11.034	145	129	0	20	164	529	673	0.001	44.9
Q6UDG6.1	Q62407.2	12.782	133	116	0	30	162	2773	2905	0.002	43.7
Q6UDG6.1	Q62407.2	10.968	155	136	2	2	154	2196	2350	0.004	42.9
Q6UDG6.1	Q62407.2	14.394	132	112	1	4	134	530	661	0.006	42.6
Q6UDG6.1	Q62407.2	12.143	140	122	1	2	141	518	656	0.010	41.8
Q6UDG6.1	Q62407.2	9.677	124	112	0	31	154	524	647	0.064	39.1
Q6UDG6.1	P03186.1	13.174	167	135	3	2	161	398	561	1.86e-09	63.0
Q6UDG6.1	P03186.1	12.593	135	110	1	20	146	383	517	1.24e-04	48.0
Q6UDG6.1	P03186.1	14.754	122	104	0	7	128	447	568	4.12e-04	46.0
Q6UDG6.1	P03186.1	10.119	168	139	1	5	160	2864	3031	6.70e-04	45.6
Q6UDG6.1	P03186.1	12.442	217	163	5	13	229	2862	3051	0.063	39.1
Q6UDG6.1	Q4X0M4.1	10.270	185	143	2	6	167	1005	1189	1.89e-09	63.0
Q6UDG6.1	Q4X0M4.1	8.380	179	163	1	5	182	949	1127	0.011	41.4
Q6UDG6.1	Q4X0M4.1	11.039	154	134	2	8	160	803	954	0.013	41.4
Q6UDG6.1	Q4X0M4.1	9.392	181	130	2	13	159	852	1032	0.014	41.0
Q6UDG6.1	A4RD35.1	14.379	153	130	1	8	159	1017	1169	2.00e-09	63.0
Q6UDG6.1	A4RD35.1	13.462	156	123	1	21	164	813	968	3.60e-05	49.5
Q6UDG6.1	A4RD35.1	8.040	199	163	2	5	183	823	1021	6.58e-05	48.7
Q6UDG6.1	A4RD35.1	8.589	163	141	1	12	166	901	1063	2.80e-04	46.4
Q6UDG6.1	A4RD35.1	11.640	189	137	4	2	160	933	1121	6.35e-04	45.3
Q6UDG6.1	A4RD35.1	10.582	189	149	3	2	177	1017	1198	0.001	44.5
Q6UDG6.1	A4RD35.1	15.263	190	148	2	5	182	774	962	0.002	43.7
Q6UDG6.1	A4RD35.1	9.424	191	166	1	4	187	864	1054	0.005	42.6
Q6UDG6.1	Q2UF60.2	13.690	168	126	1	7	155	1046	1213	2.98e-09	62.2
Q6UDG6.1	Q2UF60.2	10.405	173	137	2	13	167	1027	1199	5.33e-07	55.3
Q6UDG6.1	Q2UF60.2	9.028	144	131	0	11	154	849	992	0.021	40.6
Q6UDG6.1	Q2UF60.2	10.180	167	149	1	2	168	967	1132	0.047	39.5
Q6UDG6.1	Q2UF60.2	15.108	139	115	1	36	171	857	995	0.056	39.1
Q6UDG6.1	Q2UF60.2	11.679	137	121	0	14	150	961	1097	0.073	38.7
Q6UDG6.1	A1R516.1	13.380	142	108	3	8	135	122	262	3.10e-09	62.2
Q6UDG6.1	A1R516.1	17.293	133	86	5	2	110	131	263	1.49e-06	53.7
Q6UDG6.1	A1R516.1	14.400	125	88	2	33	138	131	255	1.57e-05	50.7
Q6UDG6.1	A1R516.1	7.692	117	104	2	45	160	115	228	0.087	38.7
Q6UDG6.1	Q9P2R6.2	10.059	169	146	1	9	171	748	916	3.93e-09	61.8
Q6UDG6.1	Q9P2R6.2	9.524	168	137	1	1	153	704	871	1.43e-06	53.7
Q6UDG6.1	Q9P2R6.2	11.724	145	125	2	17	159	709	852	0.001	44.5
Q6UDG6.1	Q9P2R6.2	8.205	195	160	2	6	181	755	949	0.019	40.6
Q6UDG6.1	Q62523.2	10.366	164	144	2	4	165	175	337	4.75e-09	61.4
Q6UDG6.1	Q62523.2	15.190	158	133	1	28	184	174	331	0.003	43.3
Q6UDG6.1	Q62523.2	12.329	146	124	2	3	147	232	374	0.022	40.3
Q6UDG6.1	Q62523.2	10.490	143	128	0	10	152	209	351	0.024	40.3
Q6UDG6.1	Q3AZB7.1	13.103	145	126	0	16	160	257	401	9.13e-09	60.7
Q6UDG6.1	Q3AZB7.1	14.179	134	112	2	26	156	234	367	1.12e-08	60.3
Q6UDG6.1	Q3AZB7.1	12.346	162	128	3	11	158	258	419	2.02e-08	59.5
Q6UDG6.1	Q3AZB7.1	12.857	140	116	2	11	149	233	367	3.35e-07	55.7
Q6UDG6.1	Q3AZB7.1	14.286	140	111	2	5	139	288	423	1.29e-06	54.1
Q6UDG6.1	Q3AZB7.1	9.341	182	134	2	1	151	302	483	6.08e-06	51.8
Q6UDG6.1	Q3AZB7.1	10.811	148	121	2	17	153	173	320	0.009	41.8
Q6UDG6.1	Q3AZB7.1	10.660	197	156	4	4	182	355	549	0.029	40.3
Q6UDG6.1	Q6ZRS2.3	10.753	186	149	1	1	169	1555	1740	9.40e-09	60.7
Q6UDG6.1	Q6ZRS2.3	11.538	156	135	1	11	166	1616	1768	0.001	44.9
Q6UDG6.1	Q6ZRS2.3	9.396	149	133	2	7	153	1378	1526	0.009	41.8
Q6UDG6.1	Q6ZRS2.3	11.585	164	133	1	3	154	1343	1506	0.015	41.0
Q6UDG6.1	Q6ZRS2.3	12.338	154	129	2	3	150	1382	1535	0.029	40.3
Q6UDG6.1	P06914.1	12.637	182	151	4	1	178	131	308	1.01e-08	59.9
Q6UDG6.1	Q7Z429.1	10.435	115	98	2	42	151	39	153	1.09e-08	59.5
Q6UDG6.1	Q7Z429.1	12.658	158	132	4	19	171	39	195	6.40e-08	57.2
Q6UDG6.1	Q7Z429.1	11.215	107	92	2	3	106	45	151	3.98e-04	45.6
Q6UDG6.1	Q5R5Q2.1	10.843	166	145	2	2	164	621	786	1.22e-08	60.3
Q6UDG6.1	Q5R5Q2.1	10.744	121	107	1	2	121	678	798	0.001	44.5
Q6UDG6.1	Q5R5Q2.1	6.875	160	129	1	10	149	596	755	0.007	42.2
Q6UDG6.1	Q5R5Q2.1	13.462	156	134	1	20	175	595	749	0.027	40.3
Q6UDG6.1	A2QBZ0.1	7.383	149	138	0	6	154	949	1097	1.67e-08	59.9
Q6UDG6.1	A2QBZ0.1	10.811	185	111	4	2	132	864	1048	1.64e-05	50.7
Q6UDG6.1	A2QBZ0.1	10.556	180	160	1	4	183	803	981	0.006	42.2
Q6UDG6.1	A2QBZ0.1	16.279	86	71	1	1	85	963	1048	0.026	40.3
Q6UDG6.1	Q2JMD7.1	12.042	191	132	3	4	158	166	356	1.79e-08	59.9
Q6UDG6.1	Q2JMD7.1	14.286	182	151	3	1	181	127	304	1.64e-04	47.2
Q6UDG6.1	Q2JMD7.1	5.921	152	141	1	1	150	99	250	2.79e-04	46.4
Q6UDG6.1	Q2JMD7.1	14.762	210	160	5	1	198	146	348	0.006	42.2
Q6UDG6.1	O88902.2	13.736	182	157	0	10	191	605	786	2.73e-08	59.1
Q6UDG6.1	Q9XIB6.1	10.667	150	130	1	8	153	682	831	3.14e-08	58.7
Q6UDG6.1	Q9XIB6.1	12.022	183	146	1	2	169	645	827	4.23e-06	52.2
Q6UDG6.1	Q9XIB6.1	14.912	114	96	1	5	117	414	527	2.00e-04	46.8
Q6UDG6.1	Q9XIB6.1	9.859	142	127	1	4	144	703	844	0.004	42.9
Q6UDG6.1	Q9XIB6.1	12.121	132	110	1	22	147	401	532	0.006	42.2
Q6UDG6.1	Q9XIB6.1	11.333	150	132	1	3	151	696	845	0.008	41.8
Q6UDG6.1	Q9XIB6.1	6.587	167	152	1	9	171	624	790	0.031	39.9
Q6UDG6.1	O13637.1	10.837	203	159	3	5	185	946	1148	3.69e-08	58.7
Q6UDG6.1	O13637.1	6.918	159	145	1	3	158	936	1094	8.85e-08	57.6
Q6UDG6.1	O13637.1	15.730	178	136	5	1	165	898	1074	1.44e-07	56.8
Q6UDG6.1	O13637.1	12.500	144	118	2	15	150	872	1015	1.91e-05	50.3
Q6UDG6.1	O13637.1	16.935	124	101	2	2	123	997	1120	3.58e-05	49.5
Q6UDG6.1	O13637.1	17.037	135	109	1	2	133	991	1125	4.05e-05	49.1
Q6UDG6.1	O13637.1	7.059	170	142	2	2	155	833	1002	2.16e-04	46.8
Q6UDG6.1	O13637.1	9.467	169	140	2	3	158	908	1076	3.37e-04	46.4
Q6UDG6.1	O13637.1	10.106	188	161	2	2	181	810	997	6.21e-04	45.6
Q6UDG6.1	O13637.1	10.160	187	159	3	3	182	852	1036	8.87e-04	44.9
Q6UDG6.1	Q3AHW1.1	13.587	184	140	4	3	167	208	391	3.71e-08	58.7
Q6UDG6.1	Q3AHW1.1	10.959	146	128	1	7	152	156	299	2.70e-07	56.0
Q6UDG6.1	Q3AHW1.1	9.220	141	122	2	24	158	207	347	8.12e-07	54.5
Q6UDG6.1	Q3AHW1.1	13.636	132	103	2	2	122	162	293	3.77e-06	52.6
Q6UDG6.1	Q3AHW1.1	9.596	198	144	3	4	166	235	432	1.28e-05	50.7
Q6UDG6.1	Q0I7K2.1	11.111	126	109	2	14	136	181	306	4.04e-08	58.7
Q6UDG6.1	Q0I7K2.1	13.740	131	109	2	2	130	194	322	5.28e-05	48.7
Q6UDG6.1	Q0I7K2.1	14.286	147	126	0	14	160	158	304	0.002	43.7
Q6UDG6.1	Q0I7K2.1	10.949	137	118	2	15	151	157	289	0.005	42.6
Q6UDG6.1	Q0I7K2.1	12.500	232	171	4	4	203	229	460	0.042	39.5
Q6UDG6.1	A5GVG4.1	12.903	186	134	3	12	170	250	434	4.63e-08	58.4
Q6UDG6.1	A5GVG4.1	15.741	108	85	3	2	103	303	410	2.03e-05	50.3
Q6UDG6.1	A5GVG4.1	13.587	184	127	3	2	154	262	444	9.37e-05	48.0
Q6UDG6.1	A5GVG4.1	12.556	223	138	4	2	167	195	417	0.085	38.7
Q6UDG6.1	Q1HVH9.1	13.846	130	111	1	1	129	393	522	4.76e-08	58.7
Q6UDG6.1	Q1HVH9.1	12.593	135	110	1	20	146	388	522	7.25e-05	48.7
Q6UDG6.1	Q1HVH9.1	10.119	168	139	1	5	160	2869	3036	6.64e-04	45.6
Q6UDG6.1	Q1HVH9.1	14.094	149	87	4	12	121	376	522	8.92e-04	45.3
Q6UDG6.1	Q1HVH9.1	12.442	217	163	5	13	229	2867	3056	0.064	39.1
Q6UDG6.1	C0ZYA5.1	18.421	114	90	2	8	118	162	275	4.91e-08	58.4
Q6UDG6.1	C0ZYA5.1	16.176	136	95	2	11	127	140	275	0.002	43.7
Q6UDG6.1	C0ZYA5.1	13.187	91	79	0	5	95	183	273	0.003	43.3
Q6UDG6.1	C0ZYA5.1	19.780	91	69	2	2	92	187	273	0.019	40.6
Q6UDG6.1	C0ZYA5.1	12.500	104	60	1	58	130	165	268	0.068	39.1
Q6UDG6.1	Q0CGY7.1	17.829	129	104	1	10	136	477	605	9.82e-08	57.6
Q6UDG6.1	Q0CGY7.1	8.750	160	141	1	9	163	448	607	0.002	44.1
Q6UDG6.1	Q0CGY7.1	9.091	165	134	2	4	152	502	666	0.011	41.4
Q6UDG6.1	Q0CGY7.1	8.721	172	154	1	3	174	1429	1597	0.035	39.9
Q6UDG6.1	P50995.1	7.027	185	152	2	10	174	75	259	1.03e-07	56.8
Q6UDG6.1	B8HUA9.1	15.909	176	123	2	5	155	118	293	1.40e-07	56.8
Q6UDG6.1	B8HUA9.1	12.887	194	155	3	3	182	65	258	2.55e-05	49.9
Q6UDG6.1	B8HUA9.1	12.973	185	145	3	9	182	103	282	3.29e-04	46.4
Q6UDG6.1	B8HUA9.1	13.462	156	131	3	2	155	198	351	0.002	43.7
Q6UDG6.1	B8HUA9.1	7.792	154	101	3	2	114	128	281	0.040	39.5
Q6UDG6.1	Q6BRR2.2	10.556	180	154	3	4	178	1014	1191	1.82e-07	56.8
Q6UDG6.1	Q6BRR2.2	7.729	207	176	4	3	198	977	1179	1.37e-06	53.7
Q6UDG6.1	Q6BRR2.2	12.209	172	143	2	1	164	991	1162	1.50e-05	50.7
Q6UDG6.1	P75330.1	19.231	104	84	0	26	129	169	272	1.88e-07	55.3
Q6UDG6.1	P75330.1	19.048	105	85	0	19	123	168	272	1.94e-05	49.1
Q6UDG6.1	P75330.1	17.476	103	83	2	6	108	174	274	1.20e-04	46.8
Q6UDG6.1	P75330.1	11.215	107	93	1	50	156	169	273	0.012	40.6
Q6UDG6.1	P75330.1	11.215	107	94	1	61	166	168	274	0.023	39.9
Q6UDG6.1	P75330.1	14.167	120	98	2	34	152	157	272	0.029	39.5
Q6UDG6.1	P75330.1	13.208	106	92	0	56	161	169	274	0.053	38.7
Q6UDG6.1	Q62901.2	10.695	187	149	2	1	169	703	889	1.98e-07	56.4
Q6UDG6.1	Q2T6X7.2	7.879	165	152	0	3	167	167	331	2.10e-07	56.0
Q6UDG6.1	Q2T6X7.2	10.059	169	149	1	2	167	175	343	4.03e-06	52.2
Q6UDG6.1	Q2T6X7.2	11.565	147	130	0	12	158	130	276	1.39e-05	50.3
Q6UDG6.1	Q2T6X7.2	11.465	157	137	2	3	158	189	344	6.14e-05	48.3
Q6UDG6.1	Q2T6X7.2	13.684	190	162	1	1	188	137	326	2.05e-04	46.8
Q6UDG6.1	Q2T6X7.2	11.950	159	134	2	2	154	213	371	0.003	42.9
Q6UDG6.1	Q2T6X7.2	12.500	144	124	2	5	147	211	353	0.013	41.0
Q6UDG6.1	G1UBC2.2	13.143	175	152	0	4	178	375	549	2.21e-07	56.0
Q6UDG6.1	G1UBC2.2	15.094	159	129	2	2	155	389	546	1.29e-06	53.7
Q6UDG6.1	G1UBC2.2	13.665	161	135	1	2	158	325	485	1.60e-06	53.3
Q6UDG6.1	G1UBC2.2	12.139	173	148	1	1	169	300	472	1.81e-06	53.3
Q6UDG6.1	G1UBC2.2	13.068	176	143	3	4	169	341	516	1.72e-05	50.3
Q6UDG6.1	G1UBC2.2	10.588	170	147	2	2	167	413	581	6.00e-05	48.3
Q6UDG6.1	Q52KI8.2	11.392	158	137	2	2	156	626	783	2.32e-07	56.4
Q6UDG6.1	Q52KI8.2	7.190	153	131	1	8	149	608	760	5.69e-04	45.6
Q6UDG6.1	P03203.3	12.209	172	139	3	6	167	586	755	2.94e-07	56.0
Q6UDG6.1	P03203.3	10.363	193	161	3	2	182	613	805	0.008	41.8
Q6UDG6.1	Q8WXD9.1	11.053	190	158	2	2	184	712	897	2.96e-07	56.0
Q6UDG6.1	Q8WXD9.1	12.644	174	146	2	5	174	733	904	6.03e-05	48.7
Q6UDG6.1	Q8WXD9.1	10.625	160	143	0	17	176	1220	1379	1.76e-04	47.2
Q6UDG6.1	Q8WXD9.1	11.864	177	150	3	1	171	665	841	8.02e-04	45.3
Q6UDG6.1	Q8WXD9.1	8.673	196	164	2	4	184	675	870	0.003	43.3
Q6UDG6.1	A0P8X0.1	12.903	124	108	0	24	147	978	1101	3.82e-07	55.7
Q6UDG6.1	A0P8X0.1	11.321	106	93	1	7	112	992	1096	9.00e-06	51.4
Q6UDG6.1	A0P8X0.1	14.545	110	89	2	22	130	985	1090	4.94e-04	45.6
Q6UDG6.1	A0P8X0.1	14.000	100	84	1	2	101	994	1091	0.002	44.1
Q6UDG6.1	A0P8X0.1	14.851	101	67	1	6	87	995	1095	0.052	39.5
Q6UDG6.1	A0P8X0.1	10.924	119	104	1	43	161	983	1099	0.079	38.7
Q6UDG6.1	A1C6X5.1	11.728	162	142	1	7	167	1041	1202	3.88e-07	55.7
Q6UDG6.1	A1C6X5.1	12.366	186	161	1	2	187	801	984	0.008	41.8
Q6UDG6.1	A1C6X5.1	9.677	186	161	1	5	183	957	1142	0.008	41.8
Q6UDG6.1	A1C6X5.1	7.237	152	121	2	3	134	834	985	0.029	40.3
Q6UDG6.1	Q3KST1.1	12.209	172	139	3	6	167	586	755	5.04e-07	55.3
Q6UDG6.1	Q3KST1.1	11.950	159	140	0	1	159	553	711	1.89e-04	47.2
Q6UDG6.1	Q3KST1.1	15.447	123	99	1	10	127	648	770	0.001	44.5
Q6UDG6.1	Q3KST1.1	10.738	149	133	0	2	150	613	761	0.008	41.8
Q6UDG6.1	Q3KST1.1	15.094	159	134	1	3	161	675	832	0.028	40.3
Q6UDG6.1	Q6W4X9.3	11.594	138	120	1	22	159	1334	1469	5.33e-07	55.3
Q6UDG6.1	Q6W4X9.3	9.000	200	164	2	3	184	1239	1438	0.002	44.1
Q6UDG6.1	Q6W4X9.3	11.111	162	138	2	2	158	1347	1507	0.032	40.3
Q6UDG6.1	A1DHK2.1	13.816	152	126	2	14	160	1007	1158	6.51e-07	54.9
Q6UDG6.1	A1DHK2.1	12.805	164	128	1	12	160	948	1111	7.29e-04	45.3
Q6UDG6.1	A1DHK2.1	11.039	154	134	2	8	160	803	954	0.002	44.1
Q6UDG6.1	A1DHK2.1	8.442	154	141	0	8	161	911	1064	0.014	41.0
Q6UDG6.1	A1DHK2.1	8.287	181	132	3	13	159	852	1032	0.032	39.9
Q6UDG6.1	A1DHK2.1	7.937	189	159	2	2	175	803	991	0.061	39.1
Q6UDG6.1	Q9T076.1	13.433	134	116	0	3	136	146	279	7.33e-07	54.1
Q6UDG6.1	Q9T076.1	18.750	144	113	1	2	141	137	280	0.001	44.5
Q6UDG6.1	Q9T076.1	14.384	146	125	0	7	152	134	279	0.001	44.1
Q6UDG6.1	Q9T076.1	15.172	145	123	0	17	161	178	322	0.004	42.2
Q6UDG6.1	Q9T076.1	10.345	145	129	1	2	146	197	340	0.006	41.8
Q6UDG6.1	Q9T076.1	13.699	146	126	0	15	160	130	275	0.017	40.3
Q6UDG6.1	Q9T076.1	18.898	127	100	2	2	125	184	310	0.052	38.7
Q6UDG6.1	O88935.2	9.023	133	121	0	22	154	557	689	7.91e-07	54.5
Q6UDG6.1	O88935.2	19.658	117	90	2	2	116	567	681	1.84e-04	46.8
Q6UDG6.1	O88935.2	15.385	156	131	1	3	158	497	651	0.011	41.4
Q6UDG6.1	Q9H3S7.1	12.245	147	127	1	10	154	728	874	9.45e-07	54.5
Q6UDG6.1	Q04118.3	10.127	158	142	0	3	160	113	270	1.02e-06	53.3
Q6UDG6.1	Q04118.3	17.143	140	113	1	3	139	134	273	1.49e-05	49.9
Q6UDG6.1	Q04118.3	14.458	166	139	1	4	166	51	216	4.83e-05	48.3
Q6UDG6.1	Q04118.3	12.500	160	136	1	5	160	21	180	0.010	41.0
Q6UDG6.1	O81765.1	12.931	116	90	1	7	111	416	531	1.05e-06	54.1
Q6UDG6.1	O81765.1	17.308	104	83	2	39	142	415	515	1.54e-06	53.3
Q6UDG6.1	O81765.1	11.702	94	81	2	68	161	416	507	0.033	39.9
Q6UDG6.1	Q6PDK2.2	11.864	177	143	2	9	172	4297	4473	1.31e-06	54.1
Q6UDG6.1	Q6PDK2.2	12.069	174	142	3	3	165	569	742	2.23e-06	53.3
Q6UDG6.1	Q6PDK2.2	15.205	171	122	5	8	155	652	822	7.84e-06	51.8
Q6UDG6.1	Q6PDK2.2	10.056	179	142	3	1	160	582	760	9.67e-06	51.4
Q6UDG6.1	Q6PDK2.2	10.795	176	156	1	10	184	566	741	8.31e-05	48.3
Q6UDG6.1	Q6PDK2.2	14.599	137	117	0	30	166	652	788	1.83e-04	47.2
Q6UDG6.1	Q6PDK2.2	15.789	171	138	3	5	169	719	889	0.001	44.9
Q6UDG6.1	Q6PDK2.2	12.667	150	129	1	6	153	2085	2234	0.010	41.8
Q6UDG6.1	Q6PDK2.2	10.345	145	130	0	9	153	2137	2281	0.028	40.3
Q6UDG6.1	Q6PDK2.2	10.968	155	128	2	12	156	2064	2218	0.090	38.7
Q6UDG6.1	A5H447.1	13.333	165	139	1	1	161	221	385	1.43e-06	53.7
Q6UDG6.1	A5H447.1	9.259	162	130	2	12	156	186	347	1.68e-06	53.3
Q6UDG6.1	A5H447.1	12.575	167	139	3	1	160	235	401	8.28e-04	44.9
Q6UDG6.1	P17600.3	9.774	133	119	1	22	154	557	688	1.44e-06	53.7
Q6UDG6.1	P17600.3	13.793	116	97	2	2	116	567	680	0.001	44.9
Q6UDG6.1	P17600.3	7.292	192	150	2	1	164	493	684	0.003	43.3
Q6UDG6.1	Q9FZ35.1	10.857	175	152	1	2	172	35	209	1.53e-06	53.0
Q6UDG6.1	Q9FZ35.1	15.972	144	117	1	17	156	26	169	0.002	43.3
Q6UDG6.1	Q9QZ04.2	10.976	164	143	1	7	167	524	687	1.53e-06	53.7
Q6UDG6.1	Q9QZ04.2	13.146	213	155	2	1	183	138	350	0.004	42.9
Q6UDG6.1	Q9QZ04.2	10.191	157	141	0	11	167	237	393	0.005	42.6
Q6UDG6.1	Q9QZ04.2	11.798	178	154	1	2	176	540	717	0.009	41.8
Q6UDG6.1	Q9QZ04.2	6.081	148	134	1	1	143	255	402	0.026	40.3
Q6UDG6.1	Q9QZ04.2	8.974	156	142	0	15	170	52	207	0.033	39.9
Q6UDG6.1	Q9QZ04.2	11.765	187	155	1	1	177	499	685	0.041	39.5
Q6UDG6.1	Q9QZ04.2	10.303	165	148	0	6	170	53	217	0.079	38.7
Q6UDG6.1	P24928.2	11.712	111	95	2	31	138	1854	1964	1.54e-06	53.7
Q6UDG6.1	G3MZY8.2	11.712	111	95	2	31	138	1854	1964	1.54e-06	53.7
Q6UDG6.1	P11414.2	11.712	111	95	2	31	138	1854	1964	1.54e-06	53.7
Q6UDG6.1	Q2J728.1	14.286	98	75	2	13	108	162	252	1.58e-06	53.7
Q6UDG6.1	Q2J728.1	13.077	130	107	2	8	131	126	255	2.96e-05	49.5
Q6UDG6.1	Q2J728.1	11.340	97	85	1	27	122	160	256	6.68e-05	48.3
Q6UDG6.1	Q2J728.1	12.037	108	89	3	4	106	162	268	9.47e-05	48.0
Q6UDG6.1	Q2J728.1	14.679	109	83	3	19	117	160	268	9.80e-05	48.0
Q6UDG6.1	Q2J728.1	11.538	130	111	1	18	147	125	250	0.007	42.2
Q6UDG6.1	Q2J728.1	13.793	87	74	1	3	89	184	269	0.013	41.4
Q6UDG6.1	P08775.3	11.712	111	95	2	31	138	1854	1964	1.82e-06	53.7
Q6UDG6.1	P9WEM4.1	12.963	162	141	0	8	169	957	1118	1.86e-06	53.3
Q6UDG6.1	P9WEM4.1	11.111	171	152	0	5	175	966	1136	2.37e-06	53.3
Q6UDG6.1	P9WEM4.1	13.125	160	136	1	4	160	986	1145	5.82e-04	45.6
Q6UDG6.1	P9WEM4.1	8.287	181	143	1	2	159	871	1051	0.001	44.9
Q6UDG6.1	P9WEM4.1	12.299	187	137	3	2	161	888	1074	0.001	44.5
Q6UDG6.1	P9WEM4.1	11.258	151	134	0	5	155	1014	1164	0.003	43.3
Q6UDG6.1	P9WEM4.1	10.067	149	134	0	10	158	1007	1155	0.004	42.9
Q6UDG6.1	P9WEM4.1	16.346	104	87	0	33	136	834	937	0.019	40.6
Q6UDG6.1	Q62203.2	11.511	139	122	1	2	139	310	448	1.87e-06	53.0
Q6UDG6.1	Q62203.2	9.220	141	125	2	8	146	309	448	3.11e-06	52.2
Q6UDG6.1	Q62203.2	11.029	136	121	0	24	159	293	428	0.005	42.2
Q6UDG6.1	Q62203.2	9.740	154	139	0	12	165	270	423	0.099	38.3
Q6UDG6.1	P46593.5	12.414	145	126	1	4	147	419	563	3.03e-06	52.6
Q6UDG6.1	P46593.5	9.317	161	144	1	2	160	437	597	0.004	42.9
Q6UDG6.1	Q80TZ9.3	9.211	152	131	2	8	152	736	887	3.82e-06	52.6
Q6UDG6.1	Q80TZ9.3	12.105	190	143	3	1	169	704	890	8.40e-06	51.4
Q6UDG6.1	Q80TZ9.3	8.442	154	122	2	2	136	743	896	5.24e-04	45.6
Q6UDG6.1	Q91Z58.2	12.805	164	139	3	3	165	605	765	4.86e-06	52.2
Q6UDG6.1	Q91Z58.2	12.838	148	123	2	9	150	584	731	0.018	40.6
Q6UDG6.1	Q91Z58.2	9.827	173	149	2	2	167	616	788	0.020	40.6
Q6UDG6.1	Q91Z58.2	10.625	160	143	0	2	161	634	793	0.064	39.1
Q6UDG6.1	Q6JHU9.1	13.287	143	124	0	10	152	827	969	8.71e-06	51.4
Q6UDG6.1	Q6JHU9.1	8.383	167	153	0	1	167	837	1003	1.63e-04	47.6
Q6UDG6.1	Q6JHU9.1	5.325	169	160	0	3	171	853	1021	2.75e-04	46.8
Q6UDG6.1	Q6JHU9.1	11.034	145	129	0	12	156	814	958	0.002	44.1
Q6UDG6.1	Q6JHU9.1	13.836	159	134	1	5	160	799	957	0.005	42.6
Q6UDG6.1	Q6JHU9.1	7.263	179	158	1	2	172	858	1036	0.033	40.3
Q6UDG6.1	Q6JHU9.1	8.122	197	164	2	8	187	891	1087	0.071	39.1
Q6UDG6.1	Q8IYB3.2	12.676	142	119	1	16	152	601	742	1.12e-05	51.0
Q6UDG6.1	Q8IYB3.2	13.287	143	124	0	1	143	635	777	0.002	44.1
Q6UDG6.1	Q8IYB3.2	7.692	143	132	0	10	152	582	724	0.011	41.4
Q6UDG6.1	Q63638.2	14.907	161	137	0	6	166	2149	2309	1.33e-05	51.0
Q6UDG6.1	Q63638.2	11.278	133	118	0	30	162	2770	2902	0.002	43.7
Q6UDG6.1	Q63638.2	14.615	130	111	0	18	147	2769	2898	0.006	42.6
Q6UDG6.1	Q63638.2	12.338	154	132	2	2	154	2196	2347	0.010	41.8
Q6UDG6.1	Q63638.2	10.345	145	130	0	20	164	529	673	0.015	41.0
Q6UDG6.1	Q63638.2	14.286	154	129	1	17	167	2190	2343	0.020	40.6
Q6UDG6.1	Q63638.2	10.828	157	138	1	4	160	530	684	0.035	39.9
Q6UDG6.1	Q63638.2	12.857	140	121	1	2	141	518	656	0.057	39.5
Q6UDG6.1	Q63638.2	8.427	178	153	2	4	171	2786	2963	0.096	38.7
Q6UDG6.1	Q9SFU0.2	12.195	205	167	5	2	195	21	223	1.40e-05	50.7
Q6UDG6.1	Q9SFU0.2	10.843	166	142	2	25	184	12	177	7.32e-05	48.3
Q6UDG6.1	Q9SFU0.2	12.037	216	158	5	2	185	52	267	7.85e-04	45.3
Q6UDG6.1	P09951.3	11.905	168	127	2	8	154	520	687	1.47e-05	50.3
Q6UDG6.1	P09951.3	16.379	116	95	2	2	116	565	679	0.006	42.2
Q6UDG6.1	P09951.3	11.842	152	126	1	3	146	495	646	0.028	40.3
Q6UDG6.1	Q9LBG3.1	15.972	144	107	3	20	152	943	1083	1.63e-05	50.7
Q6UDG6.1	Q9LBG3.1	13.846	130	83	3	4	105	949	1077	0.002	44.1
Q6UDG6.1	Q9LBG3.1	14.394	132	112	1	31	161	940	1071	0.006	42.2
Q6UDG6.1	P74745.1	15.789	152	127	1	3	153	373	524	1.76e-05	49.9
Q6UDG6.1	P74745.1	13.816	152	121	1	18	159	373	524	0.027	39.9
Q6UDG6.1	P74745.1	10.949	137	122	0	13	149	399	535	0.098	38.3
Q6UDG6.1	A3LN86.2	17.308	104	83	1	1	104	1195	1295	1.77e-05	50.3
Q6UDG6.1	Q6AXT8.1	9.016	122	111	0	2	123	320	441	1.88e-05	49.9
Q6UDG6.1	Q6AXT8.1	12.500	112	98	0	6	117	331	442	3.20e-04	46.0
Q6UDG6.1	Q6AXT8.1	11.189	143	121	2	3	139	302	444	0.001	44.5
Q6UDG6.1	Q6AXT8.1	11.189	143	122	2	8	147	319	459	0.001	44.1
Q6UDG6.1	Q6AXT8.1	13.768	138	118	1	24	160	303	440	0.008	41.8
Q6UDG6.1	O43426.2	14.706	204	142	5	16	187	1128	1331	2.03e-05	50.3
Q6UDG6.1	O43426.2	12.805	164	133	3	1	154	1158	1321	3.17e-04	46.4
Q6UDG6.1	O43426.2	12.500	192	149	3	4	182	1065	1250	0.037	39.9
Q6UDG6.1	O43426.2	13.529	170	147	0	11	180	1052	1221	0.067	39.1
Q6UDG6.1	P45481.3	12.587	143	125	0	10	152	827	969	2.24e-05	50.3
Q6UDG6.1	P45481.3	5.747	174	158	2	4	171	848	1021	3.99e-04	46.0
Q6UDG6.1	P45481.3	8.383	167	153	0	1	167	837	1003	4.66e-04	46.0
Q6UDG6.1	P45481.3	12.000	150	131	1	8	156	809	958	0.004	42.9
Q6UDG6.1	P45481.3	13.208	159	135	1	5	160	799	957	0.007	42.2
Q6UDG6.1	P45481.3	8.511	188	158	1	2	175	858	1045	0.011	41.4
Q6UDG6.1	Q92793.3	14.894	141	118	1	10	150	825	963	3.81e-05	49.5
Q6UDG6.1	Q92793.3	11.258	151	134	0	4	154	846	996	4.43e-04	46.0
Q6UDG6.1	Q92793.3	11.465	157	137	2	2	156	801	957	0.001	44.9
Q6UDG6.1	Q92793.3	12.805	164	126	2	12	158	800	963	0.003	43.3
Q6UDG6.1	Q92793.3	10.778	167	148	1	1	167	835	1000	0.064	39.1
Q6UDG6.1	P89459.1	11.029	136	121	0	23	158	275	410	6.64e-05	48.7
Q6UDG6.1	P89459.1	15.556	90	70	1	6	89	275	364	0.007	42.2
Q6UDG6.1	A1EGX6.1	11.932	176	150	1	9	184	545	715	6.93e-05	48.3
Q6UDG6.1	A1EGX6.1	15.000	160	133	1	23	182	544	700	0.002	43.7
Q6UDG6.1	A1EGX6.1	15.000	180	143	2	3	172	548	727	0.005	42.6
Q6UDG6.1	A1EGX6.1	10.769	195	167	2	3	197	608	795	0.012	41.4
Q6UDG6.1	A1EGX6.1	14.970	167	140	1	1	165	566	732	0.039	39.9
Q6UDG6.1	P17657.2	10.924	119	105	1	14	131	105	223	7.54e-05	47.6
Q6UDG6.1	O62732.1	10.078	129	116	0	22	150	285	413	8.20e-05	48.0
Q6UDG6.1	O62732.1	13.174	167	142	1	3	166	225	391	0.083	38.3
Q6UDG6.1	Q8GX23.1	20.896	67	52	1	52	118	82	147	8.82e-05	48.0
Q6UDG6.1	Q8LPG9.1	11.765	153	133	1	10	160	78	230	1.09e-04	47.6
Q6UDG6.1	Q8LPG9.1	13.298	188	157	2	2	183	135	322	2.37e-04	46.8
Q6UDG6.1	Q8LPG9.1	12.069	116	102	0	24	139	77	192	0.003	42.9
Q6UDG6.1	Q8LPG9.1	12.414	145	121	3	14	153	101	244	0.017	40.6
Q6UDG6.1	Q9LJ64.1	9.934	151	136	0	5	155	430	580	1.13e-04	47.6
Q6UDG6.1	Q9LJ64.1	11.446	166	145	1	2	165	452	617	2.81e-04	46.4
Q6UDG6.1	Q9LJ64.1	12.871	101	87	1	15	115	538	637	5.70e-04	45.6
Q6UDG6.1	Q9LJ64.1	14.563	103	84	2	33	133	537	637	0.013	41.4
Q6UDG6.1	A0A0H3MAA9.1	6.701	194	163	3	5	180	490	683	1.16e-04	47.6
Q6UDG6.1	A0A0H3MAA9.1	9.938	161	140	2	1	156	466	626	0.009	41.8
Q6UDG6.1	Q3KSU8.1	10.119	168	139	1	5	160	2891	3058	1.23e-04	48.0
Q6UDG6.1	Q3KSU8.1	12.308	130	113	1	1	129	398	527	7.91e-04	45.3
Q6UDG6.1	Q3KSU8.1	14.085	213	153	5	24	229	2889	3078	0.010	41.8
Q6UDG6.1	Q3KSU8.1	11.194	134	104	1	35	153	394	527	0.061	39.1
Q6UDG6.1	A1L4H1.3	9.091	187	153	3	1	175	1336	1517	1.43e-04	47.6
Q6UDG6.1	A1L4H1.3	12.500	184	144	3	3	171	1363	1544	2.88e-04	46.4
Q6UDG6.1	Q8VHK2.1	11.310	168	145	2	10	175	717	882	1.94e-04	47.2
Q6UDG6.1	Q8VHK2.1	11.628	172	148	2	5	174	736	905	0.002	44.1
Q6UDG6.1	B8FCY5.1	10.050	199	151	3	6	176	223	421	2.74e-04	46.4
Q6UDG6.1	Q9FN39.1	11.111	144	128	0	1	144	128	271	3.13e-04	46.0
Q6UDG6.1	Q5R9T2.1	12.712	118	96	2	1	111	209	326	3.31e-04	45.6
Q6UDG6.1	Q5R9T2.1	8.917	157	134	2	8	155	170	326	0.002	42.9
Q6UDG6.1	Q5R9T2.1	10.476	105	94	0	5	109	232	336	0.026	39.9
Q6UDG6.1	Q5R9T2.1	7.801	141	130	0	12	152	159	299	0.083	38.3
Q6UDG6.1	Q7TSH6.1	13.000	100	87	0	37	136	385	484	4.59e-04	46.0
Q6UDG6.1	Q7TSH6.1	16.832	101	82	2	27	126	385	484	6.68e-04	45.3
Q6UDG6.1	Q7TSH6.1	17.582	91	73	2	2	91	385	474	8.90e-04	44.9
Q6UDG6.1	Q7TSH6.1	8.333	96	87	1	11	106	390	484	0.004	42.9
Q6UDG6.1	Q7TSH6.1	10.000	100	90	0	42	141	385	484	0.010	41.8
Q6UDG6.1	Q7TSH6.1	8.511	188	158	2	2	175	305	492	0.032	39.9
Q6UDG6.1	Q5ZMJ9.1	7.879	165	146	2	2	160	598	762	5.57e-04	45.6
Q6UDG6.1	Q5ZMJ9.1	9.848	132	118	1	3	134	657	787	0.005	42.6
Q6UDG6.1	Q5ZMJ9.1	13.665	161	130	1	1	152	628	788	0.018	40.6
Q6UDG6.1	Q5ZMJ9.1	10.145	138	124	0	22	159	576	713	0.090	38.3
Q6UDG6.1	C1B313.1	20.339	59	46	1	61	118	214	272	6.87e-04	45.3
Q6UDG6.1	C1B313.1	11.579	95	78	1	16	110	184	272	0.019	40.6
Q6UDG6.1	Q15428.2	7.477	107	99	0	2	108	327	433	7.60e-04	44.9
Q6UDG6.1	Q15428.2	11.712	111	94	1	6	112	324	434	0.002	43.3
Q6UDG6.1	Q15428.2	12.000	150	122	2	6	150	310	454	0.004	42.6
Q6UDG6.1	Q15428.2	9.524	147	132	1	12	157	280	426	0.006	41.8
Q6UDG6.1	Q8R4X3.3	12.319	138	118	1	1	138	641	775	8.35e-04	44.9
Q6UDG6.1	Q86UP3.1	7.692	156	140	2	11	162	2338	2493	8.90e-04	45.3
Q6UDG6.1	Q86UP3.1	14.966	147	115	3	27	171	2343	2481	0.011	41.8
Q6UDG6.1	Q86UP3.1	10.949	137	121	1	39	174	2341	2477	0.047	39.5
Q6UDG6.1	P15941.3	13.855	166	143	0	2	167	141	306	0.001	44.9
Q6UDG6.1	P15941.3	13.855	166	143	0	2	167	201	366	0.001	44.9
Q6UDG6.1	P15941.3	13.855	166	143	0	2	167	261	426	0.001	44.9
Q6UDG6.1	P15941.3	13.855	166	143	0	2	167	321	486	0.001	44.9
Q6UDG6.1	P15941.3	13.855	166	143	0	2	167	381	546	0.001	44.9
Q6UDG6.1	P15941.3	13.855	166	143	0	2	167	441	606	0.001	44.9
Q6UDG6.1	P15941.3	13.855	166	143	0	2	167	501	666	0.001	44.9
Q6UDG6.1	P15941.3	13.855	166	143	0	2	167	561	726	0.001	44.9
Q6UDG6.1	P15941.3	13.855	166	143	0	2	167	621	786	0.001	44.9
Q6UDG6.1	P15941.3	13.855	166	143	0	2	167	681	846	0.001	44.9
Q6UDG6.1	P15941.3	13.855	166	143	0	2	167	741	906	0.001	44.9
Q6UDG6.1	P15941.3	13.253	166	144	0	2	167	121	286	0.001	44.5
Q6UDG6.1	P15941.3	14.013	157	135	0	2	158	801	957	0.002	43.7
Q6UDG6.1	P15941.3	12.360	178	149	1	2	172	781	958	0.003	43.3
Q6UDG6.1	P15941.3	13.706	197	164	2	3	193	190	386	0.006	42.2
Q6UDG6.1	P15941.3	13.706	197	164	2	3	193	250	446	0.006	42.2
Q6UDG6.1	P15941.3	13.706	197	164	2	3	193	310	506	0.006	42.2
Q6UDG6.1	P15941.3	13.706	197	164	2	3	193	370	566	0.006	42.2
Q6UDG6.1	P15941.3	13.706	197	164	2	3	193	430	626	0.006	42.2
Q6UDG6.1	P15941.3	13.706	197	164	2	3	193	490	686	0.006	42.2
Q6UDG6.1	P15941.3	13.706	197	164	2	3	193	550	746	0.006	42.2
Q6UDG6.1	P15941.3	13.706	197	164	2	3	193	610	806	0.006	42.2
Q6UDG6.1	P15941.3	13.706	197	164	2	3	193	670	866	0.006	42.2
Q6UDG6.1	P15941.3	13.706	197	164	2	3	193	730	926	0.006	42.2
Q6UDG6.1	P15941.3	13.065	199	167	2	1	193	108	306	0.015	41.0
Q6UDG6.1	P15941.3	11.892	185	161	2	2	185	775	958	0.015	41.0
Q6UDG6.1	P15941.3	12.883	163	142	0	5	167	104	266	0.019	40.6
Q6UDG6.1	P15941.3	15.753	146	122	1	3	147	830	975	0.050	39.5
Q6UDG6.1	P15941.3	14.371	167	143	0	1	167	80	246	0.095	38.3
Q6UDG6.1	Q9P7E8.1	14.815	108	84	1	3	102	464	571	0.001	44.5
Q6UDG6.1	Q4P2B6.1	8.955	134	122	0	17	150	1211	1344	0.001	44.5
Q6UDG6.1	Q4P2B6.1	15.447	123	102	1	33	155	1219	1339	0.009	41.8
Q6UDG6.1	Q4P2B6.1	11.475	122	108	0	31	152	1201	1322	0.017	41.0
Q6UDG6.1	Q82K53.1	10.976	164	114	2	7	138	149	312	0.001	44.5
Q6UDG6.1	Q82K53.1	19.298	114	88	2	5	116	201	312	0.084	38.7
Q6UDG6.1	Q8R105.1	11.310	168	139	1	5	162	185	352	0.001	43.7
Q6UDG6.1	Q6CEV2.1	8.497	153	137	2	2	154	811	960	0.001	44.5
Q6UDG6.1	Q6CEV2.1	12.121	165	143	1	15	177	771	935	0.007	42.2
Q6UDG6.1	Q47RV1.1	9.600	125	101	2	5	117	84	208	0.001	44.5
Q6UDG6.1	Q47RV1.1	14.179	134	105	2	3	128	132	263	0.047	39.5
Q6UDG6.1	Q47RV1.1	13.710	124	87	1	29	132	83	206	0.065	39.1
Q6UDG6.1	Q47RV1.1	11.111	117	104	0	36	152	84	200	0.085	38.7
Q6UDG6.1	Q5KSL6.1	13.445	119	82	1	1	98	61	179	0.002	44.1
Q6UDG6.1	Q5KSL6.1	15.254	118	85	1	8	110	62	179	0.072	38.7
Q6UDG6.1	Q8N5Q1.3	15.232	151	127	1	5	154	423	573	0.002	44.1
Q6UDG6.1	Q8N5Q1.3	18.045	133	108	1	23	155	423	554	0.005	42.6
Q6UDG6.1	Q8N5Q1.3	12.234	188	160	1	2	184	350	537	0.008	41.8
Q6UDG6.1	Q8N5Q1.3	11.111	162	141	1	2	160	427	588	0.015	41.0
Q6UDG6.1	Q8N5Q1.3	11.446	166	145	2	18	181	423	588	0.016	41.0
Q6UDG6.1	Q0U6X7.1	7.285	151	133	1	17	160	457	607	0.002	43.7
Q6UDG6.1	Q0U6X7.1	13.115	122	105	1	2	123	495	615	0.010	41.4
Q6UDG6.1	Q0U6X7.1	10.738	149	132	1	14	161	469	617	0.020	40.6
Q6UDG6.1	Q0U6X7.1	11.348	141	118	2	1	134	467	607	0.054	39.1
Q6UDG6.1	O15047.3	24.590	61	46	0	55	115	1070	1130	0.002	44.1
Q6UDG6.1	O15047.3	19.672	61	46	1	69	126	1070	1130	0.053	39.5
Q6UDG6.1	B1VYN5.1	15.044	113	90	4	26	133	198	309	0.002	43.7
Q6UDG6.1	B1VYN5.1	11.224	98	86	1	2	99	206	302	0.012	41.4
Q6UDG6.1	Q6P9K8.2	12.346	162	137	2	28	184	738	899	0.003	43.7
Q6UDG6.1	Q6P9K8.2	12.353	170	145	2	7	174	739	906	0.003	42.9
Q6UDG6.1	Q0VA45.1	13.372	172	143	1	3	168	271	442	0.003	42.9
Q6UDG6.1	Q04584.1	11.702	188	159	1	2	182	156	343	0.003	42.9
Q6UDG6.1	A5PJN8.1	10.596	151	135	0	9	159	299	449	0.003	42.9
Q6UDG6.1	Q6NGN2.1	11.811	127	110	2	18	142	147	273	0.003	42.9
Q6UDG6.1	Q6NGN2.1	9.836	122	109	1	2	122	152	273	0.004	42.9
Q6UDG6.1	C5XYW4.1	10.853	129	113	1	1	127	75	203	0.004	41.8
Q6UDG6.1	C5XYW4.1	11.184	152	134	1	17	168	78	228	0.006	41.0
Q6UDG6.1	Q9UF83.2	12.579	159	139	0	2	160	72	230	0.004	42.6
Q6UDG6.1	Q9UF83.2	9.774	133	120	0	4	136	199	331	0.006	42.2
Q6UDG6.1	Q9UF83.2	11.413	184	161	1	1	182	53	236	0.006	42.2
Q6UDG6.1	Q9UF83.2	11.111	180	160	0	1	180	107	286	0.007	41.8
Q6UDG6.1	Q9UF83.2	9.615	156	141	0	4	159	173	328	0.007	41.8
Q6UDG6.1	Q9UF83.2	10.440	182	163	0	1	182	98	279	0.015	41.0
Q6UDG6.1	Q9UF83.2	17.197	157	128	1	4	160	164	318	0.015	40.6
Q6UDG6.1	Q9UF83.2	10.559	161	144	0	2	162	176	336	0.088	38.3
Q6UDG6.1	Q9JMH4.1	10.615	179	159	1	1	178	705	883	0.004	42.9
Q6UDG6.1	P9WI71.1	16.000	100	81	2	13	110	303	401	0.004	42.6
Q6UDG6.1	P9WI71.1	11.957	92	71	3	9	92	314	403	0.078	38.7
Q6UDG6.1	P9WI70.1	16.000	100	81	2	13	110	303	401	0.004	42.6
Q6UDG6.1	P9WI70.1	11.957	92	71	3	9	92	314	403	0.077	38.7
Q6UDG6.1	P0CP35.1	13.291	158	136	1	1	158	968	1124	0.005	42.6
Q6UDG6.1	P0CP34.2	13.291	158	136	1	1	158	967	1123	0.005	42.6
Q6UDG6.1	Q40375.1	15.676	185	152	1	1	181	139	323	0.005	42.2
Q6UDG6.1	Q40375.1	11.976	167	147	0	1	167	179	345	0.005	42.2
Q6UDG6.1	Q40375.1	15.676	185	152	1	1	181	99	283	0.006	41.8
Q6UDG6.1	Q40375.1	15.676	185	152	1	1	181	69	253	0.007	41.8
Q6UDG6.1	Q40375.1	15.676	185	152	1	1	181	129	313	0.007	41.8
Q6UDG6.1	Q40375.1	15.676	185	152	1	1	181	39	223	0.007	41.4
Q6UDG6.1	Q40375.1	15.847	183	150	1	3	181	31	213	0.008	41.4
Q6UDG6.1	Q40375.1	15.676	185	152	1	1	181	89	273	0.008	41.4
Q6UDG6.1	Q40375.1	15.676	185	152	1	1	181	59	243	0.008	41.4
Q6UDG6.1	Q40375.1	16.216	185	151	1	1	181	109	293	0.008	41.4
Q6UDG6.1	Q40375.1	12.422	161	141	0	1	161	209	369	0.014	40.6
Q6UDG6.1	Q40375.1	14.208	183	155	2	3	184	150	331	0.016	40.6
Q6UDG6.1	Q40375.1	16.304	184	149	2	3	181	80	263	0.024	39.9
Q6UDG6.1	Q40375.1	12.805	164	142	1	3	165	190	353	0.026	39.9
Q6UDG6.1	Q40375.1	16.292	178	148	1	4	181	57	233	0.027	39.9
Q6UDG6.1	Q40375.1	15.761	184	150	2	3	181	120	303	0.027	39.9
Q6UDG6.1	Q40375.1	13.072	153	133	0	1	153	219	371	0.033	39.5
Q6UDG6.1	A0JUU0.1	13.793	87	70	1	14	100	157	238	0.005	42.6
Q6UDG6.1	A0JUU0.1	14.130	92	76	1	20	108	144	235	0.010	41.4
Q6UDG6.1	Q9NZ56.4	11.392	158	140	0	4	161	230	387	0.005	42.6
Q6UDG6.1	Q5S580.1	12.687	134	116	1	11	143	805	938	0.006	42.2
Q6UDG6.1	Q5S580.1	9.677	186	144	2	14	175	1005	1190	0.012	41.4
Q6UDG6.1	Q5S580.1	5.921	152	141	1	10	159	789	940	0.035	39.9
Q6UDG6.1	Q5S580.1	10.909	165	136	4	14	167	1035	1199	0.056	39.1
Q6UDG6.1	P10163.4	13.287	143	124	0	22	164	90	232	0.007	41.4
Q6UDG6.1	Q06841.1	16.575	181	150	1	4	183	146	326	0.008	41.4
Q6UDG6.1	Q06841.1	15.217	184	154	1	3	184	123	306	0.016	40.6
Q6UDG6.1	Q0S219.1	16.667	54	45	0	45	98	222	275	0.010	41.4
Q6UDG6.1	Q0S219.1	15.789	57	48	0	23	79	222	278	0.025	40.3
Q6UDG6.1	Q0S219.1	20.721	111	85	2	9	118	170	278	0.068	39.1
Q6UDG6.1	Q43564.1	12.575	167	146	0	1	167	39	205	0.010	40.3
Q6UDG6.1	Q43564.1	11.515	165	146	0	3	167	31	195	0.019	39.5
Q6UDG6.1	Q43564.1	14.024	164	140	1	4	167	18	180	0.023	39.1
Q6UDG6.1	Q43564.1	13.077	130	113	0	4	133	77	206	0.052	38.3
Q6UDG6.1	Q43564.1	12.000	150	132	0	4	153	57	206	0.095	37.6
Q6UDG6.1	Q40358.1	12.121	165	145	0	3	167	31	195	0.010	40.6
Q6UDG6.1	Q40358.1	15.663	166	136	1	4	165	37	202	0.019	39.9
Q6UDG6.1	Q40358.1	14.368	174	148	1	8	181	26	198	0.020	39.9
Q6UDG6.1	Q40358.1	11.875	160	141	0	1	160	64	223	0.032	39.1
Q6UDG6.1	Q40358.1	14.917	181	153	1	1	181	49	228	0.037	38.7
Q6UDG6.1	Q40358.1	12.422	161	141	0	1	161	74	234	0.048	38.3
Q6UDG6.1	Q40358.1	11.111	162	144	0	4	165	27	188	0.053	38.3
Q6UDG6.1	Q40358.1	12.000	150	132	0	4	153	87	236	0.075	37.9
Q6UDG6.1	A5D8V6.2	12.381	105	92	0	5	109	232	336	0.011	41.0
Q6UDG6.1	A5D8V6.2	12.264	106	91	1	1	104	231	336	0.090	37.9
Q6UDG6.1	P13993.1	10.983	173	152	1	12	182	31	203	0.011	40.3
Q6UDG6.1	P13993.1	14.483	145	124	0	1	145	54	198	0.011	40.3
Q6UDG6.1	P13993.1	13.793	145	125	0	1	145	64	208	0.011	40.3
Q6UDG6.1	P13993.1	16.292	178	148	1	4	181	32	208	0.012	40.3
Q6UDG6.1	P13993.1	10.000	150	135	0	12	161	81	230	0.051	38.3
Q6UDG6.1	P13993.1	14.917	181	151	1	4	181	18	198	0.070	37.9
Q6UDG6.1	Q1DX43.1	7.910	177	155	4	2	170	901	1077	0.011	41.4
Q6UDG6.1	Q1DX43.1	13.000	200	153	3	1	183	956	1151	0.011	41.4
Q6UDG6.1	Q1DX43.1	10.929	183	145	3	3	167	800	982	0.016	41.0
Q6UDG6.1	Q1DX43.1	14.907	161	125	3	7	156	780	939	0.032	39.9
Q6UDG6.1	Q9BXA9.2	12.800	125	109	0	36	160	504	628	0.012	41.4
Q6UDG6.1	O15054.4	11.515	165	145	1	6	169	568	732	0.012	41.4
Q6UDG6.1	Q03173.2	14.966	147	125	0	14	160	341	487	0.012	41.4
Q6UDG6.1	Q03173.2	10.326	184	133	3	3	154	353	536	0.083	38.7
Q6UDG6.1	Q10172.1	10.968	155	127	2	6	149	1251	1405	0.016	41.0
Q6UDG6.1	Q10172.1	9.272	151	135	1	12	160	1251	1401	0.035	39.9
Q6UDG6.1	Q1IIT3.1	13.450	171	143	2	10	176	294	463	0.016	41.0
Q6UDG6.1	Q873A1.1	11.333	150	121	1	24	161	855	1004	0.017	41.0
Q6UDG6.1	Q873A1.1	10.660	197	155	5	4	182	885	1078	0.081	38.7
Q6UDG6.1	A2R4T4.2	13.107	206	153	4	3	182	686	891	0.019	40.6
Q6UDG6.1	A2R4T4.2	10.000	160	127	1	8	150	768	927	0.051	39.5
